rank,score,nyc_percentile,hist_relative_pct,pred_gbm,pred_ridge,zip,city,county,state,zhvi,mom_5y_rel,log_price_rel_metro,nbr_log_price_gap,rent_yield,price_to_income_rel,bachelors_share_rel,d5_log_income_rel,d5_log_housing_units_rel,zillow_1y_forecast_pct,origin
1,79.94756514875314,100.0,8.504422341018692,76.96031513925583,82.93481515825047,10462,New York,Bronx County,NY,254850.0,-0.1286883100916217,-1.0702010921268954,-0.8054872547264615,0.1197666642530499,-0.4592605594442756,-0.2265263085710558,-0.1149888698609782,-0.0021317065251921,2.0,2026-07-31
2,77.91833374512984,99.87966305655836,8.504422341018692,81.80264520310959,74.03402228715011,18336,Matamoras,Pike County,PA,307553.0,0.0534229331494881,-0.8822280021085707,-0.1581793068487105,,-0.4277973364282339,-0.1688278427619804,-0.2066934544901943,0.0931205150490471,2.2,2026-07-31
3,77.57600362318155,99.75932611311671,8.504422341018692,84.24084181307812,70.91116543328499,18425,Greeley,Pike County,PA,301018.0,-0.0184004029115754,-0.9037052889609108,-0.0840690251228757,,-0.4462966329074043,-0.3394507323049479,0.0383956282630233,-0.4693208885736976,1.5,2026-07-31
4,76.52981627745903,99.63898916967509,8.504422341018692,77.94697649610175,75.11265605881631,18328,Dingmans Ferry,Pike County,PA,262697.0,0.0356474390248852,-1.0398765689999738,-0.2404770189886367,,-0.7794690722972153,-0.1925110778450537,0.0899469629820064,0.0024173464842454,2.0,2026-07-31
5,75.94967881301153,99.51865222623346,8.504422341018692,81.31860182849408,70.58075579752898,18428,Hawley,Pike County,PA,327562.0,0.0231930416359439,-0.8191988873422957,-0.0164349676804036,,-0.4357293724559963,-0.1860321018362936,0.0474693297730368,-0.0702625213591081,2.1,2026-07-31
6,74.71953313729588,99.3983152827918,5.820120695300801,80.28885485596787,69.1502114186239,18426,Greentown,Pike County,PA,288029.0,0.0005959204907263,-0.9478163782440774,-0.1417241575548651,,-0.3731644027128429,-0.2876965708940217,0.038587709335319,-0.1801246481264244,2.2,2026-07-31
7,74.64762533945745,99.27797833935018,5.820120695300801,76.84680321353112,72.44844746538378,18405,Beach Lake,Wayne County,PA,310993.0,0.0514757867652274,-0.8711046848458466,-0.0276572186809556,,-0.4330481007984137,-0.2330455572680991,-0.0593023221172295,-0.1503933951503008,,2026-07-31
8,74.06073684869355,99.15764139590854,5.820120695300801,73.24564063810988,74.87583305927721,18337,Milford,Pike County,PA,356960.0,0.0242356307731718,-0.7332517462629227,0.1008145375376994,,-0.5461952434654223,-0.1560876462946188,-0.1040221218497183,0.0857834763363707,2.0,2026-07-31
9,72.90610310950973,99.03730445246693,5.820120695300801,80.54085928358093,65.27134693543854,07419,Hamburg,Sussex County,NJ,402973.0,0.0932637143507197,-0.6120054060881923,-0.1092978491555207,,-0.503023429391795,-0.134169432245706,-0.1015635337354741,0.0629789140260473,2.1,2026-07-31
10,72.56739530301337,98.91696750902528,5.820120695300801,75.3834972361827,69.75129336984402,07439,Ogdensburg,Sussex County,NJ,437204.0,0.0547692641633638,-0.5304764786089731,-0.0947928261991393,,-0.4684138626268546,-0.1446073061561892,-0.0680055502759273,-0.0122958549605527,2.1,2026-07-31
11,72.22535879340236,98.79663056558364,5.820120695300801,76.86776148684035,67.58295609996436,07416,Franklin,Sussex County,NJ,380608.0,0.0398358670900268,-0.6691050167264425,-0.2206302988163244,,-0.4909620671626709,-0.2787154716548418,0.0888674904844126,0.0202652291684224,2.1,2026-07-31
12,71.41814163757527,98.676293622142,5.820120695300801,76.7931937827214,66.04308949242916,08731,Forked River,Ocean County,NJ,507252.0,0.1055957219045677,-0.3818677798755292,0.0463996081499828,,-0.2514996046234306,-0.1520886613192903,-0.0580170217861102,0.0480168925646824,2.4,2026-07-31
13,71.17664270419812,98.55595667870035,5.820120695300801,79.4753211792056,62.87796422919063,08733,Lakehurst,Ocean County,NJ,371578.0,0.0794962401419518,-0.6931184322960107,-0.3508946681167924,,-0.42329765392764,-0.3189781299626598,-0.0078385595143757,0.1029739526639271,2.4,2026-07-31
14,70.89239316468581,98.43561973525873,5.820120695300801,79.39596708897767,62.38881924039394,08722,Beachwood,Ocean County,NJ,475088.0,0.130526572951393,-0.4473759084852169,-0.1274425545174828,,-0.3976198943481634,-0.2159380110746803,0.0610793946277787,0.0334412503795287,2.2,2026-07-31
15,70.45053601846274,98.31528279181708,5.820120695300801,74.63800201602135,66.26307002090415,07461,Sussex,Sussex County,NJ,461077.0,0.0360321935915116,-0.4773117037160634,0.1271318180686194,,-0.4287060879026569,-0.1754252628707925,-0.0512752613306712,-0.0162527160881411,2.3,2026-07-31
16,70.15566487825565,98.19494584837544,5.820120695300801,74.71933474337321,65.59199501313809,08828,Helmetta,Middlesex County,NJ,434055.0,0.032039170316516,-0.5377060122962245,-0.3358554095994321,,-0.4110840319545137,-0.0856338582986174,-0.1697527916870189,0.0704911303494662,1.7,2026-07-31
17,70.08018046697275,98.0746089049338,5.820120695300801,69.25696228054912,70.90339865339638,07827,Montague Township,Sussex County,NJ,324869.0,0.0441094103498404,-0.827454738904537,-0.2005831129475925,,-0.7257047965782608,-0.1998950917298742,0.0625337924484092,-0.1913260705243524,2.0,2026-07-31
18,70.05131373585527,97.95427196149218,5.820120695300801,78.67049374405215,61.4321337276584,07420,Wanaque,Passaic County,NJ,506841.0,0.0906702163056024,-0.382678951283296,-0.2696373065234176,,-0.3553171809133382,-0.1479989518834342,0.0343236071038361,-0.0094785030381589,2.1,2026-07-31
19,69.8349419682681,97.83393501805054,3.929678007565407,72.54546608021279,67.1244178563234,07462,Vernon,Sussex County,NJ,301279.0,0.1315070671647248,-0.9028400349230594,-0.3907049219024419,,-0.7453582811303445,-0.1635930004833232,-0.1553056242641588,0.0317684175634005,1.6,2026-07-31
20,69.68286019716155,97.71359807460892,3.929678007565407,74.37138469749351,64.99433569682958,11961,Ridge,Suffolk County,NY,521407.0,0.0794012142680106,-0.3543459710646655,-0.1923578783851312,,0.0333394789452767,-0.2016187530799049,-0.1495896941978589,-0.0297655673422593,2.7,2026-07-31
21,69.33623363120715,97.59326113116728,3.929678007565407,67.33206434165905,71.34040292075525,18324,Bushkill,Pike County,PA,267619.0,0.1407912262537735,-1.0213126997230173,-0.2789167485153392,,-0.509869647336813,-0.2392927817218698,-0.0981977272636758,-0.0367094099868745,1.9,2026-07-31
22,69.19649173704003,97.47292418772562,3.929678007565407,70.78074352848425,67.61223994559582,11950,Mastic,Suffolk County,NY,519683.0,0.0995411339496609,-0.3576577676771784,-0.2384044977847406,,-0.2179032014506472,-0.3259735047780573,-0.2064828491635104,-0.0029118379715542,2.6,2026-07-31
23,68.8964312992431,97.352587244284,3.929678007565407,78.40796024541416,59.38490235307206,07874,Stanhope,Sussex County,NJ,454649.0,0.0958365456850799,-0.4913513262350104,-0.1602835493891135,,-0.6566771072468669,-0.0650400399686855,0.0798610512791473,0.0095333775826225,2.6,2026-07-31
24,68.69853839504674,97.23225030084237,3.929678007565407,73.0204965956356,64.37658019445787,07826,Branchville,Sussex County,NJ,465172.0,0.0006159845920134,-0.4684682296042055,0.2144321024044124,,-0.5059434863004075,-0.1130393465413575,0.0833546612546403,-0.0203858988463172,2.5,2026-07-31
25,68.650813115423,97.11191335740072,3.929678007565407,65.08169121294455,72.21993501790145,18458,Shohola,Pike County,PA,311210.0,-0.0101905905538274,-0.8704082688077452,-0.0486209813659765,,-0.7200923988307573,-0.2150844956580581,0.0884492060728412,0.2751219810069465,2.0,2026-07-31
26,68.01276565507737,96.9915764139591,3.929678007565407,71.80147312248553,64.22405818766921,07865,Port Murray,Hunterdon County,NJ,517663.0,-0.0002184907251706,-0.3615521289219057,-0.0169451058083218,,-0.3229448757659494,-0.027600222736892,-0.3627514149530633,0.1838386181271139,2.3,2026-07-31
27,67.95787586902176,96.87123947051744,3.929678007565407,73.21918447874654,62.69656725929698,08887,Branchburg Township,Hunterdon County,NJ,350495.0,0.2551685091559473,-0.7515296752666671,-0.7238987710558202,,-0.7246710817831457,-0.0922490142439591,-0.1185666688885511,0.0666609331602122,2.3,2026-07-31
28,67.53256270788532,96.7509025270758,3.929678007565407,69.4624284257487,65.60269699002193,08005,Barnegat,Ocean County,NJ,508616.0,0.1030568445532512,-0.3791835617981096,-0.2789251983279115,,-0.1967861260843595,-0.1529882772629532,0.0047709602040502,0.0722185647730618,2.5,2026-07-31
29,67.478464214885,96.63056558363418,3.929678007565407,68.56973876499578,66.38718966477421,18445,Newfoundland,Pike County,PA,291421.0,0.0081986687817043,-0.936108154831798,-0.0826527040948352,,-0.1932049601347991,-0.2635837472450067,-0.3261236965955749,-0.0900528598324894,2.1,2026-07-31
30,66.91899562460095,96.51022864019254,3.929678007565407,70.52338202550894,63.314609223692976,07422,Highland Lake,Sussex County,NJ,411809.0,0.0742664389341069,-0.5903154295415121,-0.0762268205076566,,-0.5578527306801011,-0.0489484495764483,-0.1475622337238107,-0.1622208103396409,2.6,2026-07-31
31,66.84300904159939,96.38989169675092,3.929678007565407,67.53521325949043,66.15080482370834,07860,Newton,Sussex County,NJ,450730.0,0.0239199603873107,-0.5000071994426296,-0.0769802829908847,0.0528741995847401,-0.4796397080748449,-0.1023648698571855,-0.0055861053756647,-0.011740828266381,2.3,2026-07-31
32,66.72627614116442,96.26955475330928,3.929678007565407,70.11994610184738,63.33260618048146,07843,Hopatcong,Sussex County,NJ,455778.0,0.1251952448671204,-0.4888693809542364,-0.1182747735621365,,-0.4557534270655232,-0.1561109677629137,-0.0071817379703915,-0.1101261861147315,2.5,2026-07-31
33,66.05716097043359,96.14921780986762,3.929678007565407,65.99919592244284,66.11512601842433,10931,Hillburn,Rockland County,NY,517857.0,0.0119527274915597,-0.361176101766862,-0.583973866759365,,-0.0631477943648637,-0.2343818787647792,-0.0542218399361882,0.1711314556734085,2.3,2026-07-31
34,65.93825346136488,96.028880866426,3.929678007565407,68.25563593530872,63.62087098742104,08724,Brick,Ocean County,NJ,524165.0,0.1288838145465124,-0.349068943252929,-0.7682161984722935,0.0579333692061596,-0.2637733172446872,-0.1246978486719197,0.027057662031666,-0.0365432796304998,2.5,2026-07-31
35,65.46872878875593,95.90854392298436,3.929678007565407,64.45541180842463,66.48204576908722,12563,Patterson,Putnam County,NY,485898.0,0.0529676670022766,-0.4248773189163213,-0.159991851268721,,-0.2928136859668513,-0.1767677331149578,-0.2776729740164416,-0.2505173079051805,2.5,2026-07-31
36,64.9509709297036,95.78820697954272,2.297315518504872,66.33951892359804,63.56242293580916,08740,Ocean Gate,Ocean County,NJ,452864.0,0.1375250025099891,-0.4952837020321663,-0.3194348462944081,,-0.013870476530456,-0.1559139230132091,-0.0418397368178435,-0.0601740418006142,2.3,2026-07-31
37,64.40833634024676,95.66787003610108,2.297315518504872,64.33238540129474,64.48428727919878,11778,Rocky Point,Suffolk County,NY,558708.0,0.036647574587635,-0.2852485107376665,-0.1553914690823585,,-0.4030395656029804,-0.1228197743495734,0.0250393836668223,0.0084697657511763,2.5,2026-07-31
38,64.01141676964826,95.54753309265944,2.297315518504872,70.55354986248639,57.46928367681012,08734,Lanoka Harbor,Ocean County,NJ,576777.0,0.1201609922901404,-0.2534199623574373,-0.0127674824588499,,-0.2857532890493826,-0.1670013647330962,0.0465682894656982,-0.2347704519245305,2.6,2026-07-31
39,63.97779384952353,95.4271961492178,2.297315518504872,68.23092626364462,59.72466143540244,10537,Lake Peekskill,Putnam County,NY,435796.0,0.0813581596090941,-0.5337016871120355,-0.3712435166981063,,-0.696132716332069,0.0606480026835112,0.0516909831350869,-0.0111883509656578,2.6,2026-07-31
40,63.93984244008729,95.30685920577618,2.297315518504872,64.74381356010036,63.13587132007421,10512,Carmel,Putnam County,NY,520032.0,0.074806767415318,-0.3569856644999909,-0.2046575177617313,,-0.4038763104924296,-0.0570772144716765,-0.0489343221252642,-0.0751540790079354,2.5,2026-07-31
41,63.84031329906129,95.18652226233452,2.297315518504872,67.89097144588021,59.78965515224238,08753,Toms River,Ocean County,NJ,549575.0,0.10735570988091,-0.3017308847466093,-0.2321127634491766,0.0602344201081552,-0.236565431498666,-0.1135428536959801,0.007776898618518,0.0470710003465167,2.7,2026-07-31
42,63.81712160033632,95.0661853188929,2.297315518504872,63.62283448557806,64.01140871509459,11967,Shirley,Suffolk County,NY,551177.0,0.0922802383325439,-0.2988204220679993,-0.161069273589387,,-0.2926369257488954,-0.2904362241836892,0.0185194120138021,-0.0268707023256699,2.6,2026-07-31
43,63.76204609780591,94.94584837545126,2.297315518504872,68.665108907128,58.85898328848381,08533,New Egypt,Ocean County,NJ,574226.0,0.059679188201747,-0.2578539628400609,0.1858626328072148,,-0.2691309456270059,-0.172743101609625,-0.1518219274633647,0.102260495950625,2.3,2026-07-31
44,63.75211125929511,94.82551143200962,2.297315518504872,66.07384345433684,61.43037906425338,08555,Roosevelt,Monmouth County,NJ,509901.0,0.0620571812513851,-0.3766589445452588,-0.3934688444169314,,-0.3558824459232543,-0.0599702164930244,-0.189947465272132,0.1057174703683572,2.9,2026-07-31
45,63.57686496840033,94.705174488568,2.297315518504872,64.92065012236854,62.23307981443212,18371,Tamiment,Pike County,PA,315290.0,0.0559881629133322,-0.857384604250317,-0.0879763882923274,,-0.7677353567964762,-0.4172505873872567,0.0188948940396525,0.1230847221847153,2.1,2026-07-31
46,63.56511215170534,94.58483754512636,2.297315518504872,64.0089865468475,63.12123775656319,10509,Brewster,Putnam County,NY,540585.0,0.0424127992415165,-0.3182251003019445,-0.250253980101041,,-0.3576966820252985,-0.0563151411060639,-0.1202953446342043,0.0340103424808318,2.6,2026-07-31
47,63.52810038812905,94.46450060168472,2.297315518504872,65.43196870941803,61.62423206684007,08087,Tuckerton,Ocean County,NJ,424554.0,0.1322200541326633,-0.559836496043923,-0.2325262869493762,0.0692742317550129,-0.356851161547451,-0.1999619708343946,0.0912376690765981,-0.0947513166058688,2.4,2026-07-31
48,63.341839083719954,94.34416365824308,2.297315518504872,63.61108603671366,63.07259213072625,11738,Farmingville,Suffolk County,NY,668812.0,0.0882656046945026,-0.1053725153029496,0.0122778743204978,,-0.3266219859322874,-0.1737178558286761,0.0087328860634272,-0.0671696841799335,2.9,2026-07-31
49,63.20370940046229,94.22382671480143,2.297315518504872,67.0008454326457,59.40657336827887,08835,Manville,Somerset County,NJ,487522.0,0.0680528649916357,-0.4215407858599818,-0.2316722574020158,,-0.2364576645117531,-0.2204382977674036,0.0618638315300152,0.0576910483637525,2.0,2026-07-31
50,63.19172032005933,94.1034897713598,2.297315518504872,64.00189572414227,62.381544915976384,11789,Sound Beach,Suffolk County,NY,535124.0,0.0253392275104364,-0.3283776636456146,-0.1810338632768964,,-0.4863405559397702,-0.027886244693685,0.0225510561198785,-0.027131526337708,2.5,2026-07-31
51,63.07984178663288,93.98315282791818,2.297315518504872,66.86162629657801,59.29805727668776,07848,Lafayette Township,Sussex County,NJ,490308.0,-0.0014451301077272,-0.4158421247571073,0.023115188989589,,-0.5490890251352287,-0.0796801148522137,0.1516787581402443,-0.1802783558292186,2.4,2026-07-31
52,63.05908965945412,93.86281588447652,2.297315518504872,61.8882091669098,64.22997015199843,08721,Bayville,Ocean County,NJ,541997.0,0.0998875609876147,-0.3156153065513329,-0.0338058556071203,0.0636534620244105,-0.2509154181417028,-0.2087225186058168,-0.0524091354042699,0.0812832520507814,2.4,2026-07-31
53,62.91008767947122,93.7424789410349,2.297315518504872,63.27525989800576,62.54491546093668,07465,Wanaque,Passaic County,NJ,523601.0,-0.0523033364158816,-0.3501454527991683,-0.2376036527845162,,-0.3752023705203371,-0.0042056189200233,-0.1158078250272574,-0.0712742669640344,1.5,2026-07-31
54,62.78771169910983,93.62214199759326,2.297315518504872,65.9966125299551,59.57881086826456,08848,Milford,Hunterdon County,NJ,538295.0,0.0023516832708757,-0.3224700614972331,-0.0297749568123162,,-0.5329062888384499,-0.0432424713203171,0.0008996209953835,-0.1964605060762687,2.3,2026-07-31
55,62.72430235555907,93.50180505415162,2.297315518504872,61.50973467459024,63.938870036527895,08723,Brick,Ocean County,NJ,526199.0,0.0891837901469671,-0.3451961440829851,-0.5094290718206071,0.0637274373583098,-0.312006557236127,-0.1578720256882046,0.1229685723283822,-0.0633585291500026,2.2,2026-07-31
56,62.70082977960488,93.38146811071,2.297315518504872,65.24988362158297,60.1517759376268,07803,Mine Hill Township,Morris County,NJ,507256.0,0.0389051733723512,-0.381860964756628,-0.0795493313028838,,-0.4446147912875979,-0.0774486332836935,0.0395612689414175,0.0869598259213318,2.0,2026-07-31
57,62.618494042903606,93.26113116726836,2.297315518504872,67.85191043475041,57.3850776510568,08741,Pine Beach,Ocean County,NJ,584712.0,0.1505340942691585,-0.2397565520555851,0.0129449818967426,,-0.4820014446033636,-0.0002361871254337,0.1847532843057671,-0.005022819106523,2.9,2026-07-31
58,62.52161639839032,93.14079422382672,2.297315518504872,64.79431709366735,60.24891570311329,07480,West Milford,Passaic County,NJ,499641.0,0.0402711236547372,-0.3969870650669556,-0.0659597908850599,,-0.5636402665530895,-0.0901133316294693,0.0445780528873083,-0.1359245912321182,2.5,2026-07-31
59,62.43001840482035,93.02045728038507,2.297315518504872,70.46756121345194,54.39247559618876,08092,West Creek,Ocean County,NJ,528209.0,0.0973617299654211,-0.3413846834887106,-0.1646974684414122,,-0.3252247846791942,-0.0925357779979043,0.1760540807290915,-0.2161574325078549,2.4,2026-07-31
60,62.349468131267,92.90012033694344,2.297315518504872,57.727015785078194,66.97192047745581,11722,Central Islip,Suffolk County,NY,578597.0,-0.0060296964527971,-0.2502706867955702,-0.197256994168093,0.0645018856829763,-0.2656420029889343,-0.2973229649098479,0.1876738929754289,0.0158910254452282,2.6,2026-07-31
61,62.31640970698564,92.7797833935018,2.297315518504872,61.33571038015759,63.29710903381369,10579,Putnam Valley,Putnam County,NY,636616.0,0.0650803626900632,-0.1547094236636983,-0.0762764165319502,,-0.3200352046755548,0.006260519216609,-0.0336552378312458,-0.0171787365041528,3.0,2026-07-31
62,62.179319678654,92.65944645006016,2.297315518504872,66.1117436792533,58.24689567805471,08050,Manahawkin,Ocean County,NJ,605126.0,0.1165833422036261,-0.205438704730998,-0.1524903617657482,0.0515594692439085,-0.2349750199825842,-0.0929775078324869,0.1038071215964748,0.0329078698962955,2.7,2026-07-31
63,62.15269187578551,92.53910950661852,2.297315518504872,56.96748692468838,67.33789682688264,11414,New York,Queens County,NY,636271.0,-0.1349321853512478,-0.1552519940086103,-0.1410702807025714,,0.0115912807481766,-0.1764882346023769,-0.0005211001382185,0.0344713617275405,1.8,2026-07-31
64,62.10349671131817,92.4187725631769,2.297315518504872,63.58638227646183,60.62061114617451,18435,Lackawaxen,Pike County,PA,354631.0,0.017164515639655,-0.739799254077834,0.0674508282326105,,-0.6253312648669624,-0.0096816907079305,-0.4211048185405364,0.1967629564719185,2.0,2026-07-31
65,61.97892117797048,92.29843561973526,2.297315518504872,65.95503542619177,58.0028069297492,07821,Byram Township,Sussex County,NJ,535173.0,0.0701717426853893,-0.328286573991793,0.0625356372944079,,-0.5618703653513137,0.0011998320707673,0.0307756226475621,-0.0276836206076642,2.6,2026-07-31
66,61.96978195428705,92.17809867629362,2.297315518504872,62.5504904870752,61.38907342149891,11784,Selden,Suffolk County,NY,608331.0,0.0904764286135527,-0.2001577318967822,-0.0820145322080136,,-0.126833563971114,-0.1985838069012743,-0.1163904998882365,0.04219070429342,2.9,2026-07-31
67,61.92576039849664,92.057761732852,2.297315518504872,54.13095745459857,69.7205633423947,08759,Toms River,Ocean County,NJ,276757.0,-0.0429865143117403,-0.9877359347189644,-0.5506864611601792,0.1131678245975365,-0.2211400204169245,-0.2608519769722425,0.0370984129278344,-0.0254964385662945,1.7,2026-07-31
68,61.87586281874931,91.93742478941034,2.297315518504872,64.66834035199854,59.08338528550009,11933,Calverton,Suffolk County,NY,654959.0,0.0602802769153466,-0.1263038756462293,-0.1381310112805973,,0.2882562263101007,-0.198631122057265,-0.2690867668455663,-0.147777860229963,2.5,2026-07-31
69,61.85579238665102,91.81708784596871,2.297315518504872,62.93179911178566,60.77978566151639,07080,South Plainfield,Middlesex County,NJ,598708.0,0.0242953168643293,-0.2161028789670993,-0.0249572909620532,0.0536480031279341,-0.3639561460475502,-0.0526043919114775,0.0172249306004239,0.0042437963326984,2.5,2026-07-31
70,61.723231020491504,91.69675090252709,2.297315518504872,67.31398589410394,56.13247614687907,08804,Bloomsbury,Hunterdon County,NJ,506771.0,0.0111143462430906,-0.3828173776964902,0.0116325541823076,,-0.3374966645634842,-0.1131854283558387,-0.1861757101951155,0.2245613159076154,2.4,2026-07-31
71,61.65410917372506,91.57641395908544,2.297315518504872,59.32656895644913,63.98164939100099,18464,Tafton,Pike County,PA,359747.0,-0.0025968695594165,-0.7254750918930561,0.106946848170649,,-0.3516145967536108,-0.2666117467877862,-0.0343887077857285,0.1570335764313005,2.0,2026-07-31
72,61.64841512152134,91.4560770156438,2.297315518504872,62.39129616930727,60.9055340737354,07718,Belford,Monmouth County,NJ,644357.0,0.101384000369546,-0.1426226235442591,-0.2163210667526556,,-0.3006083244098765,-0.0378966121201739,-0.1875824910960588,-0.0005819877735457,2.8,2026-07-31
73,61.17881911183104,91.33574007220216,2.297315518504872,59.69568325253029,62.66195497113178,11726,Copiague,Suffolk County,NY,591240.0,-0.0719975535442106,-0.2286541269935877,-0.1651241178250355,,-0.3627423389324999,-0.228108346683304,0.3055380579323596,-0.0366423283421945,2.0,2026-07-31
74,61.061995099511,91.21540312876051,2.297315518504872,63.03294565046522,59.09104454855677,07442,Pompton Lakes,Passaic County,NJ,566244.0,0.0750913246004504,-0.2718519177847511,-0.2017740659007678,,-0.3745312230896662,-0.0524766460727167,-0.0358535129402231,0.013944008160353,2.6,2026-07-31
75,61.02864786516494,91.0950661853189,2.297315518504872,62.735328606824126,59.32196712350576,11741,Holbrook,Suffolk County,NY,678810.0,0.0384369885532351,-0.0905353198360536,-0.033819056136334,0.0503002509296644,-0.3414916507205892,-0.1437516070066044,0.0661441836108363,-0.0558474863197237,3.0,2026-07-31
76,60.867453800082174,90.97472924187726,2.297315518504872,57.11580855986348,64.61909904030087,08757,Toms River,Ocean County,NJ,347292.0,0.039515793560373,-0.7607099566125513,-0.3294234759918399,0.0986297484682971,-0.1053810329751201,-0.3028314638708537,0.0037769451949767,-0.0001546933452336,1.8,2026-07-31
77,60.81233060058707,90.8543922984356,2.297315518504872,62.58674408167777,59.03791711949636,11742,Holtsville,Suffolk County,NY,660320.0,0.050442676462444,-0.1181512877309742,-0.018811849732538,,-0.2265033215357441,-0.1296232175987616,-0.0749293771099992,0.0031640551955603,2.6,2026-07-31
78,60.76683869585447,90.73405535499398,2.297315518504872,66.92077574156444,54.612901650144494,08823,Franklin Park,Somerset County,NJ,430122.0,0.1184234213587437,-0.5468072073097421,-0.5085818959971338,,-0.575660347239759,0.1000968203339609,-0.1248707764691499,-0.1852582010933223,1.8,2026-07-31
79,60.7193339418549,90.61371841155234,2.297315518504872,53.24119237933258,68.19747550437721,11435,New York,Queens County,NY,589719.0,-0.2758366089704026,-0.2312297013597266,-0.1088184039215374,0.0476767397791765,0.1116321146148606,-0.1560469522198909,-0.0445195130430082,0.04596796631766,1.5,2026-07-31
80,60.64973859147884,90.49338146811073,2.297315518504872,61.34845948663027,59.951017696327405,07035,Lincoln Park,Morris County,NJ,549063.0,0.051506003401203,-0.3026621753129923,-0.2729149609140133,,-0.3954902979501391,-0.0408456601969429,-0.0034554979676126,0.0032231158360896,2.0,2026-07-31
81,60.55256860504426,90.37304452466908,2.297315518504872,69.06232459041773,52.042812619670784,11949,Manorville,Suffolk County,NY,726825.0,0.1297089155235603,-0.0221899030713341,0.0913560724801669,0.0371973788892558,-0.2344280755588024,-0.1436050268499599,0.1327140031389895,-0.0165513745814178,2.5,2026-07-31
82,60.47090153789199,90.25270758122744,2.297315518504872,60.057940577452925,60.88386249833106,11720,Centereach,Suffolk County,NY,666661.0,0.0797477010985442,-0.1085946982571073,-0.0409801776247231,0.0748706494753554,-0.2918567711496085,-0.1238913273732177,-0.0230483420232818,-0.0246438689282297,2.8,2026-07-31
83,60.42472946752237,90.1323706377858,2.297315518504872,60.7211938320856,60.12826510295915,10541,Mahopac,Putnam County,NY,639735.0,0.0443278649639648,-0.1498219971161436,-0.070648803368897,,-0.3602798670586573,-0.0317949506530563,0.0260188570015014,-0.0306492041462004,2.7,2026-07-31
84,60.323217049354014,90.01203369434417,2.297315518504872,60.75445706307929,59.89197703562874,07008,Carteret,Middlesex County,NJ,567756.0,0.0794920086550877,-0.2691838855197836,-0.0492646904062947,0.0519272855506572,-0.122854471022481,-0.1900147465008535,0.0485396326713196,0.0095321756516837,2.2,2026-07-31
85,60.30570350024226,89.89169675090253,2.297315518504872,60.89815066198378,59.71325633850074,07849,Lake Hopatcong,Morris County,NJ,537592.0,0.0211691639474626,-0.3237762364212013,0.0523874359074181,,-0.3672370772224724,-0.0108050840597037,-0.0912158057344925,-0.1224114715747465,2.5,2026-07-31
86,60.15802353233761,89.7713598074609,2.297315518504872,60.45124926207941,59.8647978025958,10993,West Haverstraw,Rockland County,NY,446796.0,0.0791468700348229,-0.508773296620868,-0.3822286989662604,,0.0199692817992083,-0.2539665716388617,0.1030645581238314,-0.0085790638459195,2.8,2026-07-31
87,60.122549193416646,89.65102286401925,2.297315518504872,63.429292658279856,56.81580572855344,08863,Fords,Middlesex County,NJ,540869.0,0.124125617842726,-0.3176982859281629,-0.0755568550552023,,-0.3488326182514811,-0.0708432706205124,0.0073609241549412,0.0218700026129304,2.1,2026-07-31
88,60.00843918861469,89.53068592057761,2.297315518504872,54.839079580288775,65.1777987969406,10471,New York,Bronx County,NY,437902.0,-0.2562994747986252,-0.5288819084675573,-0.3211377562769826,0.079192444090406,-0.4428005345275558,0.0873145119798228,-0.0815186084337149,-0.0237057419661874,1.3,2026-07-31
89,59.784945169560615,89.41034897713598,0.9034260975988362,58.26158234502709,61.30830799409415,10523,Elmsford,Westchester County,NY,717407.0,-0.0027320137967819,-0.0352331506356371,-0.1550254589639337,,-0.0883659031249355,0.009818719341433,-0.0700936695847094,0.0880699061508567,2.9,2026-07-31
90,59.72404582812517,89.29001203369434,0.9034260975988362,60.13225096286096,59.31584069338939,11776,Port Jefferson Station,Suffolk County,NY,640413.0,0.082936727031559,-0.1487629613547874,-0.0562239946842577,0.058451122830914,-0.2197614755714358,-0.1368259946266849,-0.0618721741308689,0.0182808001881407,2.8,2026-07-31
91,59.663293443278434,89.16967509025271,0.9034260975988362,65.50950920909834,53.81707767745853,08809,Clinton,Hunterdon County,NJ,528884.0,0.0299413163413454,-0.3401063602225971,-0.1304137469188155,,-0.4959533972799097,0.04587938378429,0.0135215159413224,0.0192398596684911,2.6,2026-07-31
92,59.655171653246896,89.04933814681108,0.9034260975988362,59.484716724412735,59.82562658208106,11953,Middle Island,Suffolk County,NY,511202.0,0.1179333417658718,-0.3741117132359957,-0.1754012035185308,0.0671828581999811,-0.1095946296373135,-0.1633150761476458,-0.2183087200749067,-0.0335113737083482,2.5,2026-07-31
93,59.65345499445036,88.92900120336944,0.9034260975988362,65.99127416230391,53.31563582659681,07822,Augusta,Sussex County,NJ,557476.0,-0.0037050902105391,-0.2874569173031744,0.2308074270320599,,-0.3071678117740657,-0.1579327252212932,0.1839946292455767,0.1368149149966176,2.6,2026-07-31
94,59.530008945286056,88.8086642599278,0.9034260975988362,63.5808193131029,55.479198577469205,08825,Frenchtown,Hunterdon County,NJ,585500.0,-0.0205462112457684,-0.2384093100940418,-0.1517158931841162,,-0.139907114424717,-0.0092542838430079,-0.2923112422019702,0.1050173133394836,2.0,2026-07-31
95,59.48592099408641,88.68832731648617,0.9034260975988362,59.26781754342303,59.704024444749805,07435,Newfoundland,Morris County,NJ,641201.0,0.0370559356580656,-0.1475331346070234,0.1477486946048998,,-0.4053658561230719,-0.1163438665622055,-0.0719668180376533,0.0778159579643234,2.7,2026-07-31
96,59.45934137055944,88.56799037304452,0.9034260975988362,60.796405021836975,58.12227771928191,07878,Mount Tabor,Morris County,NJ,564862.0,0.0359290896804974,-0.274294469215345,-0.2608573763132895,,-0.3104566633266785,-0.0087138273162005,-0.0807856316086841,-0.1242312002065506,2.2,2026-07-31
97,59.45234215389347,88.4476534296029,0.9034260975988362,58.06474863109491,60.83993567669202,11730,East Islip,Suffolk County,NY,736563.0,-0.0005384632143773,-0.0088813710287656,0.027046591472164,,-0.2688447214737437,-0.0610343591604941,-0.060734718115869,0.035111876383523,3.1,2026-07-31
98,59.37164683561598,88.32731648616125,0.9034260975988362,57.98786205421899,60.75543161701297,08701,Lakewood,Ocean County,NJ,588170.0,0.3285601651421505,-0.2338598010542334,-0.3610892656609348,0.0436086910260882,0.3136407617139241,-0.1528256848044593,-0.0115157414429987,0.232140014211524,2.3,2026-07-31
99,59.2744552457742,88.20697954271961,0.9034260975988362,62.24449175701333,56.30441873453507,07438,Oak Ridge,Morris County,NJ,541623.0,0.0439665584547309,-0.3163051077679402,0.0515405405712279,,-0.4094334271579136,-0.0605465064514609,-0.1278525954568738,-0.0898494272397287,2.7,2026-07-31
100,59.27074218791114,88.08664259927798,0.9034260975988362,59.830264024837135,58.71122035098514,11766,Mount Sinai,Suffolk County,NY,774401.0,0.0491303331320448,0.04121394152153,0.1883314013053141,,-0.2695018848076629,0.0127440842151888,-0.0899385199688129,-0.0622924251873759,2.4,2026-07-31
101,59.20272897073488,87.96630565583634,0.9034260975988362,64.90523925142189,53.50021869004786,08802,Asbury,Hunterdon County,NJ,620265.0,0.0180432431869594,-0.1807297085239856,0.1980419369009034,,-0.369838346500422,-0.049361582636938,-0.2057491587046911,0.0497316705305828,2.4,2026-07-31
102,59.114576882882176,87.84596871239471,0.9034260975988362,54.99487857590732,63.23427518985704,07734,Keansburg,Monmouth County,NJ,426817.0,0.0963477070899085,-0.5545202604651305,-0.4915007386758692,0.0702876935038598,-0.2403362393291097,-0.2488148729301645,0.0484135926163329,-0.1403746309915747,3.3,2026-07-31
103,59.07668013870304,87.72563176895306,0.9034260975988362,59.55053068641928,58.6028295909868,11934,Center Moriches,Suffolk County,NY,697433.0,0.0444507555772006,-0.0634690356638625,-0.1536933609674307,,-0.4827113073877094,-0.0765722256470803,0.2374939439145169,0.024563357150271,2.1,2026-07-31
104,59.026393336341215,87.60529482551144,0.9034260975988362,58.861288000108125,59.19149867257431,07885,Wharton,Morris County,NJ,510086.0,0.0492759083776842,-0.3762968067481225,-0.0814818715157112,,-0.267344617222393,-0.1139898360837721,-0.0094342227933541,0.1175041673744046,2.2,2026-07-31
105,58.985286170112985,87.48495788206979,0.9034260975988362,56.76429942411101,61.20627291611497,11790,Stony Brook,Suffolk County,NY,797463.0,0.0393090057560229,0.0705595175185482,0.0573802764482529,,-0.3506246500350773,0.2081800824845546,0.039062004498465,-0.0296269605805805,2.6,2026-07-31
106,58.978420676484205,87.36462093862815,0.9034260975988362,55.5314420822201,62.42539927074831,11751,Islip,Suffolk County,NY,671396.0,-0.0378163730071832,-0.1015173256771397,-0.0807108497882627,,-0.1386580438403897,-0.1332039061840023,-0.1728871054105347,-0.0406103362621476,2.9,2026-07-31
107,58.967635386232494,87.24428399518652,0.9034260975988362,48.74359058448746,69.19168018797752,10458,New York,Bronx County,NY,431786.0,-0.3590772095436133,-0.5429461124042358,-0.0405919625749842,0.0770260763142369,0.4696286706000687,-0.3075948196052724,-0.0898654585574192,0.0120200842984934,1.4,2026-07-31
108,58.89254550223123,87.12394705174489,0.9034260975988362,55.29475607694447,62.49033492751799,11362,New York,Queens County,NY,699482.0,-0.1573106628713972,-0.0605360113387245,-0.3118833106751939,0.0540399829986547,-0.1440376246050683,0.0420034259087132,0.0373985213258443,-0.0098012060302836,1.7,2026-07-31
109,58.856597551327134,87.00361010830325,0.9034260975988362,63.470606531459474,54.2425885711948,11972,Speonk,Suffolk County,NY,769230.0,0.026857306173785,0.0345136288744054,-0.3761137378326999,,,0.0598985119528538,,-0.9436598276353718,2.4,2026-07-31
110,58.763805926477005,86.8832731648616,0.9034260975988362,48.07384021791968,69.45377163503433,10467,New York,Bronx County,NY,429079.0,-0.3681799580762966,-0.5492356801312095,-0.0624101820239175,0.0663318100106702,0.2734887690375636,-0.2701877718046072,-0.0057087018100467,0.0181508622148707,2.2,2026-07-31
111,58.73676085587872,86.76293622141998,0.9034260975988362,60.13024745690956,57.34327425484788,10974,Sloatsburg,Rockland County,NY,558252.0,0.0949117833379759,-0.2860657907978954,-0.2390695566095235,,-0.3320639476640832,-0.0659392239898005,-0.1077642432736034,0.0157865969301814,2.5,2026-07-31
112,58.73578335190118,86.64259927797833,0.9034260975988362,58.644603606207966,58.8269630975944,11713,Bellport,Suffolk County,NY,631437.0,0.0650521382289198,-0.1628772658824537,-0.0089937519257237,,-0.1253521988478632,-0.1432601530711834,0.0212765065888209,0.012419154297197,2.5,2026-07-31
113,58.72061697584439,86.5222623345367,0.9034260975988362,57.1125745758878,60.328659375801,10567,Cortlandt Manor,Westchester County,NY,710809.0,0.0044152804403591,-0.044472501328169,0.1235338583353566,,-0.2943752520223637,0.0281202562394008,-0.1632177258437313,-0.0387491692877028,3.3,2026-07-31
114,58.71367398905132,86.40192539109506,0.9034260975988362,60.4293485165864,56.99799946151624,10598,Yorktown Heights,Westchester County,NY,742477.0,0.0350249994049377,-0.0008839912384992,-0.0761018348251951,,-0.4362253870003745,0.084208883666809,0.0691330093035631,-0.0690435005873106,2.8,2026-07-31
115,58.71258504928588,86.28158844765343,0.9034260975988362,61.90657933442333,55.51859076414844,07721,Cliffwood,Monmouth County,NJ,524908.0,0.010812232993706,-0.3476523119566082,-0.2270961561620303,,-0.4390674888545327,0.0463303533028236,0.231440176704913,0.1318567082575524,2.0,2026-07-31
116,58.58583434233294,86.16125150421179,0.9034260975988362,54.94657443813698,62.22509424652889,11575,Roosevelt,Nassau County,NY,659034.0,0.0707039395524344,-0.12010106197169,-0.2261293266129787,,-0.2362841638578292,-0.198922395111696,0.1000534353262558,-0.0686290592181905,2.6,2026-07-31
117,58.538143319588,86.04091456077015,0.9034260975988362,58.770439390778485,58.30584724839751,07946,Millington,Morris County,NJ,917473.0,0.023676225893276,0.2107467570495647,-0.1432394745212146,,-0.4083525989305958,0.1877404700685895,-0.0160669712141636,-0.1869572819475854,2.6,2026-07-31
118,58.42516460161591,85.92057761732852,0.9034260975988362,53.11212816645824,63.73820103677358,10303,New York,Richmond County,NY,560831.0,-0.0171960309542168,-0.2814557176637056,-0.0672750870454574,,0.0096154994225734,-0.2061131261259103,-0.0088970028668029,0.0057454339056451,1.6,2026-07-31
119,58.33903614839494,85.80024067388689,0.9034260975988362,55.82994460125303,60.848127695536846,11779,Ronkonkoma,Suffolk County,NY,650441.0,0.0366503821732745,-0.1332257406977461,-0.0434594675292121,0.055477972531269,-0.1320736003635165,-0.1849054849084246,-0.1006302942936727,0.0450948945723832,2.8,2026-07-31
120,58.3350936221408,85.67990373044525,0.9034260975988362,59.34434876017888,57.32583848410274,07463,Waldwick,Bergen County,NJ,767325.0,0.0651059547576324,0.0320341078980259,-0.3831267580517448,,-0.4282790720428011,0.1044772707758324,0.1236473369585731,-0.0595949366721535,2.7,2026-07-31
121,58.22345767799496,85.5595667870036,0.9034260975988362,59.61118469345929,56.835730662530615,11948,Laurel,Suffolk County,NY,1035706.0,0.023542795939964,0.3319620519210868,-0.2337067994306778,,0.0533210627819922,-0.0428023232331101,,0.0895620301460716,2.7,2026-07-31
122,58.21200881855855,85.43922984356198,0.9034260975988362,63.32650491293038,53.09751272418672,07418,Glenwood,Sussex County,NJ,463646.0,0.0412049305972587,-0.4717553182461866,0.0455697896215649,,-0.8031646114715987,-0.0247408416166413,-0.0702667031261512,0.0471347896649317,2.4,2026-07-31
123,58.14444109814707,85.31889290012033,0.9034260975988362,60.48216762089942,55.80671457539472,11755,Lake Grove,Suffolk County,NY,742918.0,0.0822647404430835,-0.0002900079648942,0.0395133360962205,0.0374738339446718,-0.061210791508752,-0.0384167844495991,-0.2093688907204622,-0.0851965426396394,2.8,2026-07-31
124,58.13278134451399,85.1985559566787,0.9034260975988362,55.958692075981055,60.30687061304691,07088,Union,Union County,NJ,474664.0,-0.1233495356496781,-0.4482698418643274,-0.5088883269193456,,-0.2621897916174636,-0.1756586259677091,0.1430783277180563,-0.2520173268585305,1.7,2026-07-31
125,58.116682727566015,85.07821901323706,0.9034260975988362,60.95255337357723,55.28081208155481,07866,Rockaway,Morris County,NJ,575419.0,0.0548115760484687,-0.2557780760493067,-0.1102703041778685,0.0556580126159314,-0.4127901484750016,-0.0011638963005656,-0.0536521553043769,-0.0412126061382857,2.2,2026-07-31
126,58.09307844906374,84.95788206979543,0.9034260975988362,55.81002395744392,60.37613294068355,11757,Lindenhurst,Suffolk County,NY,623728.0,-0.0183170494553493,-0.175161674104828,-0.0984337969404531,0.0529461483684584,-0.3050675098854249,-0.1820158356890903,0.0517919137701685,-0.041980028662216,2.0,2026-07-31
127,58.07515113294379,84.83754512635379,0.9034260975988362,61.17457142595049,54.97573083993708,07871,Sparta Township,Sussex County,NJ,621719.0,0.0328062402998593,-0.1783872011523097,0.2691836575447848,,-0.5790326685960399,0.1337794821857797,-0.0344847363351483,0.0287955852989674,2.7,2026-07-31
128,58.07101818675269,84.71720818291215,0.9034260975988362,56.11218655822383,60.02984981528154,10913,Blauvelt,Rockland County,NY,816271.0,0.007615332201523,0.0938700432551886,0.0787375621794854,,-0.3516969882794705,0.0453821823424319,-0.0834881314088811,-0.0271366795026534,2.7,2026-07-31
129,57.833260329134944,84.59687123947052,0.9034260975988362,58.3752128944801,57.29130776378978,08826,Glen Gardner,Hunterdon County,NJ,576119.0,-0.0208099204919292,-0.2545622919370949,0.0235184540385748,,-0.3515688289714742,-0.0234884640640318,-0.0919845179862708,-0.089268834104313,2.7,2026-07-31
130,57.78307463522475,84.47653429602889,0.9034260975988362,55.58051619789873,59.98563307255076,11749,Islandia,Suffolk County,NY,644226.0,0.1982498107510814,-0.1428260124255516,-0.0892793689509066,,-0.1778539811684674,-0.1652299642576841,-0.0134508787775882,0.0874937770820134,2.8,2026-07-31
131,57.77277452914242,84.35619735258724,0.9034260975988362,52.03967107042814,63.50587798785669,10548,Montrose,Westchester County,NY,657941.0,0.041506543943456,-0.1217612323688204,0.0610950773843175,,-0.3582521150613538,-0.0661640562159797,0.2315187626756394,-0.1198859353309777,4.1,2026-07-31
132,57.76625653232387,84.23586040914562,0.9034260975988362,58.15948360567735,57.37302945897039,07457,Riverdale,Morris County,NJ,492674.0,0.0372763361036931,-0.4110275816872484,-0.2448575887223079,0.0692993110208117,-0.324014150746627,-0.0204688325006245,-0.303441363387444,-0.0158385696885312,1.9,2026-07-31
133,57.76011000730699,84.11552346570397,0.9034260975988362,51.95881618183373,63.56140383278026,08880,South Bound Brook,Somerset County,NJ,460132.0,-0.0063244493494703,-0.4793629137062094,-0.3335100293526292,0.0567228604805569,-0.4851486756887546,-0.2521609273093891,0.0505850626520931,-0.0321464547762972,1.9,2026-07-31
134,57.75756798334023,83.99518652226233,0.9034260975988362,54.49629782704183,61.01883813963863,11004,New York,Queens County,NY,622504.0,-0.4139577108235187,-0.1771263926550972,-0.3818814532738326,,-0.2039272017773161,-0.0234545179017758,-0.0415844055150884,-0.025567410064642,0.8,2026-07-31
135,57.63898539194682,83.8748495788207,0.9034260975988362,57.07368435827728,58.20428642561636,11752,Islip Terrace,Suffolk County,NY,663805.0,-0.0233903871267862,-0.112888297489393,-0.0813827298682312,,-0.4149657521486365,-0.1997487699115469,0.1243130278066519,-0.0587145928525509,3.0,2026-07-31
136,57.63289611198182,83.75451263537906,0.9034260975988362,60.40174391183002,54.86404831213362,11980,Yaphank,Suffolk County,NY,564068.0,0.0692298803955203,-0.2757005640025145,-0.039219387265339,0.071321129824035,-0.1852816323247641,-0.1036901057233267,-0.1924534902107133,0.2004713858001364,2.4,2026-07-31
137,57.62886769966554,83.63417569193743,0.9034260975988362,64.48055664272839,50.77717875660269,08535,Millstone Township,Monmouth County,NJ,966233.0,0.0785721877898669,0.2625286489057448,0.3542670087505062,,-0.3620450118965561,0.0071025765771673,-0.0639374890170874,-0.0718123349371572,2.6,2026-07-31
138,57.61557339734664,83.51383874849579,0.9034260975988362,57.056764243813575,58.1743825508797,11763,Medford,Suffolk County,NY,624741.0,0.0629675978723479,-0.1735395089157805,0.0085329403886369,0.053892758925713,-0.2462781916220724,-0.2084326529249491,0.0805075923001616,-0.0122390446584891,2.9,2026-07-31
139,57.57465355152678,83.39350180505414,0.9034260975988362,58.52991541441198,56.61939168864159,11955,Moriches,Suffolk County,NY,639851.0,0.0381922112768936,-0.1496410233712275,-0.1559613975762808,0.0459486514590135,0.1915411100945554,-0.1881204731377859,-0.0365756379296762,-0.2482563400873211,2.1,2026-07-31
140,57.50869859575667,83.27316486161251,0.9034260975988362,63.81591649449472,51.20148069701863,08514,Cream Ridge,Monmouth County,NJ,734331.0,0.0947446663998711,-0.0119159258865675,0.1553097958656195,,-0.1887824033108114,-0.0489157129844211,0.0539872827430212,-0.0505130925780636,2.4,2026-07-31
141,57.506748043768376,83.15282791817089,0.9034260975988362,56.18753673366134,58.82595935387541,11796,West Sayville,Suffolk County,NY,711078.0,-0.1074105610903824,-0.0440939800595163,-0.0478646636034483,,-0.4788533187230233,-0.0649511995797857,0.185058983218564,-0.0067301559180303,2.8,2026-07-31
142,57.503187998053306,83.03249097472924,0.9034260975988362,58.42300710968025,56.58336888642636,07850,Landing,Morris County,NJ,530377.0,0.0594874987407102,-0.3372889492735211,0.0254409411605767,,-0.2870461895824523,-0.0319099428664023,-0.0168190841097093,-0.0077548787740961,2.2,2026-07-31
143,57.49323849834717,82.91215403128761,0.9034260975988362,57.37991248011255,57.60656451658179,11901,Riverhead,Suffolk County,NY,658684.0,0.0766591393171904,-0.1206319559259867,-0.5394997875307563,,0.1572562623248099,-0.2615707591095636,0.0159132509308683,0.1010986107425238,2.3,2026-07-31
144,57.44255170517498,82.79181708784597,0.9034260975988362,52.1599291602641,62.72517425008585,07421,West Milford,Passaic County,NJ,492328.0,0.0309105617820563,-0.4117316238534272,-0.0599731307868118,0.0682472250986708,-0.5564695637089969,-0.1029159494224817,0.0769082254709943,-0.0863985473209145,2.3,2026-07-31
145,57.42415960823797,82.67148014440433,0.9034260975988362,59.6354716147219,55.21284760175404,10502,Ardsley,Westchester County,NY,1088740.0,0.0005787114368466,0.3819006025200053,0.1273421380487782,,-0.4183074509198203,0.2804834466291448,0.171117908668279,-0.0074776403874056,3.2,2026-07-31
146,57.388667020649976,82.5511432009627,0.9034260975988362,67.61508008256797,47.16225395873198,18451,Paupack,Pike County,PA,421438.0,-0.0267058424390423,-0.5672037557980261,0.2423885702780364,,-0.8909063145238154,0.0136845402870013,0.7281499007747634,-0.3253857874246468,2.3,2026-07-31
147,57.36755125106151,82.43080625752106,0.9034260975988362,60.898960935650784,53.83614156647223,07876,Succasunna,Morris County,NJ,673722.0,0.0494543957166907,-0.0980589727310388,0.1331874846919181,,-0.4600928916523934,0.0024500570981797,-0.0243515025812683,-0.1321562628411656,2.4,2026-07-31
148,57.35660486295792,82.31046931407943,0.9034260975988362,54.61633301242234,60.09687671349351,10314,New York,Richmond County,NY,716231.0,-0.028515297915781,-0.0368738829335892,0.0764562062398823,0.0448638504265364,0.0341151545897069,-0.1142098415545317,-0.0973120019948492,-0.0066734067337674,1.6,2026-07-31
149,57.232047431308274,82.19013237063778,0.9034260975988362,58.10044347508909,56.36365138752745,07753,Neptune Township,Monmouth County,NJ,603247.0,0.1138797205714418,-0.2085495895205227,-0.8043809867697345,0.0594715009572206,-0.04863640755364,-0.1190223268703881,0.0322736025973551,-0.0508567085246853,2.9,2026-07-31
150,57.19769684349748,82.06979542719614,0.9034260975988362,57.027528005776006,57.367865681218966,07737,Leonardo,Monmouth County,NJ,677484.0,0.1382475615239705,-0.0924902233163535,-0.2243771503238321,,-0.3079924488559815,0.0406202322551039,0.0021967077608771,-0.0297680989269426,3.0,2026-07-31
151,57.119175153700986,81.94945848375451,0.9034260975988362,46.21060494137397,68.027745366028,11415,New York,Queens County,NY,381318.0,-0.5987783391649263,-0.6672414569582905,-0.5442931454127535,0.0829123365127191,-0.4049028214980599,0.0418686737497491,-0.0335384178726201,0.0052601618164039,1.2,2026-07-31
152,57.08624551067982,81.82912154031288,0.9034260975988362,60.8953429993949,53.27714802196473,08559,Stockton,Hunterdon County,NJ,695570.0,-0.0193706766366116,-0.0661439197927169,-0.1241008982502904,,-0.5356192112463962,0.145289513597484,0.2130324565258838,-0.085468051066545,2.2,2026-07-31
153,57.06137035452015,81.70878459687124,0.9034260975988362,52.048054075323904,62.0746866337164,10596,Verplanck,Westchester County,NY,560110.0,-0.0456808141632706,-0.2827427535574305,-0.0877290620066109,,-0.1473815083864054,-0.0068420223176746,-0.0928357382612521,-0.2930756750401967,3.8,2026-07-31
154,57.033518776614805,81.58844765342961,0.9034260975988362,58.06680689747452,56.00023065575509,07621,Bergenfield,Bergen County,NJ,650019.0,0.0517354116976708,-0.133874833183027,-0.3737678452033517,,-0.2804985131729236,-0.0072395673920967,0.0688626307828652,-0.007475174780717,2.4,2026-07-31
155,56.98196773383843,81.46811070998797,0.9034260975988362,56.03839434999891,57.92554111767796,11715,Blue Point,Suffolk County,NY,716818.0,-0.0057992972737711,-0.0360546562474457,0.0380030922352432,,-0.4093145699099836,0.1005062457133579,0.0540854842044247,-0.051744465852171,2.3,2026-07-31
156,56.93657647368423,81.34777376654633,0.9034260975988362,55.932185288258005,57.94096765911044,07014,Clifton,Passaic County,NJ,584611.0,0.0332190679467,-0.2399295013394997,-0.1035448093747835,,-0.3023655064499764,0.0100282771322717,0.0599566066351631,-0.0048253849900256,1.5,2026-07-31
157,56.91446436520454,81.2274368231047,0.9034260975988362,56.11190526520927,57.7170234651998,10501,Amawalk,Westchester County,NY,873154.0,0.0344719267516676,0.1612353516560816,0.0964577755010172,,-0.5131741595471528,0.2017133958143946,-0.2085503503609658,0.0738519822169545,2.9,2026-07-31
158,56.86672724507784,81.10709987966305,0.9034260975988362,61.06385367799011,52.66960081216556,10546,Millwood,Westchester County,NY,1013227.0,0.1021885419402334,0.3100193110009428,0.0765230269921719,,-0.3002341584884374,0.3483813663288091,-0.3707189090534726,0.2472933162741138,3.6,2026-07-31
159,56.86542486161201,80.98676293622142,0.9034260975988362,55.57745897304801,58.153390750176015,07034,Lake Hiawatha,Morris County,NJ,533182.0,0.0133322008314355,-0.3320131513815685,-0.4343925596994378,,-0.2615019517465289,0.0260393688424938,-0.0440356493719615,0.224456226642513,2.3,2026-07-31
160,56.86346425584057,80.86642599277978,0.9034260975988362,55.15180346483797,58.57512504684317,07024,Fort Lee,Bergen County,NJ,603256.0,0.0055526155657389,-0.2085339649568549,-0.1092860977098748,0.0702210203853526,-0.1638000379757678,0.1673382070764282,0.0172975889634852,0.0022937411460886,2.1,2026-07-31
161,56.8216577567734,80.74608904933814,0.9034260975988362,54.79411828523949,58.8491972283073,08812,Dunellen,Middlesex County,NJ,597219.0,0.0189914953074147,-0.2185928289762095,-0.0980241795745868,0.0491595463546027,-0.2706949757667776,-0.0841998338680558,-0.0594711782952739,0.0112253618752762,2.5,2026-07-31
162,56.79979717151929,80.62575210589651,0.9034260975988362,53.537100901338654,60.06249344169992,07083,Union,Union County,NJ,585983.0,0.0082955694515408,-0.2375859502356565,-0.0892715998734203,0.0535440471682929,-0.3194234718306898,-0.0777188480513713,0.0613673983122389,0.0163399847637093,2.4,2026-07-31
163,56.78510018889386,80.50541516245488,0.9034260975988362,52.53222976185307,61.03797061593467,07735,Keyport,Monmouth County,NJ,524192.0,0.0701864788532503,-0.349017937322742,-0.1936732966743442,0.0558955369939197,-0.2079826135324485,-0.1532212803986671,-0.0263065138097609,0.0603133810957497,2.6,2026-07-31
164,56.73262050238344,80.38507821901324,0.9034260975988362,55.00311209840484,58.46212890636203,11772,Patchogue,Suffolk County,NY,607502.0,0.0322209678080533,-0.2015211152343656,-0.1126482513377098,0.0552689753004647,-0.1365552163157517,-0.1579774570446814,0.0403443576621409,-0.0289814543622985,2.4,2026-07-31
165,56.7257076989393,80.26474127557161,0.9034260975988362,65.60495568852932,47.84645970934928,11960,Remsenburg,Suffolk County,NY,1849910.0,0.0860419615008435,0.9120163194593456,0.6719680909083934,,0.1513309435517793,0.0942423745774033,0.317484255057737,-0.0851331789128184,2.7,2026-07-31
166,56.69240517332005,80.14440433212997,0.9034260975988362,58.5517939308316,54.83301641580851,11727,Coram,Suffolk County,NY,570489.0,0.114370071057753,-0.264382763165262,-0.1182847228564121,0.0678154646889945,-0.180637419909597,-0.1546133382258439,-0.008350010634949,-0.0432234079662927,2.8,2026-07-31
167,56.62628314168589,80.02406738868832,0.9034260975988362,57.2045634358969,56.04800284747488,07456,Ringwood,Passaic County,NJ,618351.0,0.0698633334589228,-0.1838193541950552,0.0526970766548284,,-0.4891629923310472,0.0346212384286028,-0.011757524287189,-0.0338841840263854,2.6,2026-07-31
168,56.6150643092129,79.9037304452467,0.9034260975988362,61.128543023136885,52.10158559528893,08902,North Brunswick,Middlesex County,NJ,552027.0,0.0855004294458531,-0.2972790562414111,-0.040695348796726,0.0561874040779851,-0.3723993421970093,-0.0440800013233737,-0.0032011501405921,0.0014946067032488,2.3,2026-07-31
169,56.59912015271873,79.78339350180505,0.9034260975988362,50.22083203433701,62.97740827110046,07111,Irvington,Essex County,NJ,423394.0,0.0776408510834056,-0.5625732909540382,-0.2906637396084477,0.0566201434898999,0.0378756096969385,-0.2793527541372392,0.0790557781041787,0.0236331025872654,2.1,2026-07-31
170,56.482164091400094,79.66305655836342,0.9034260975988362,52.58779375439827,60.37653442840192,11436,New York,Queens County,NY,699970.0,0.0463847872980828,-0.059839331292526,-0.0620714392103582,,0.183546770310383,-0.2598088966361103,-0.0737591918391604,0.121454214297595,2.3,2026-07-31
171,56.4540878595756,79.5427196149218,0.9034260975988362,55.52920820097928,57.37896751817191,07508,North Haledon,Passaic County,NJ,649150.0,0.0779673906491552,-0.1352116625651742,-0.0369653688355455,0.0461859023346084,0.0237198883534712,-0.1649627913332727,-0.0439132707294991,0.0509082129825613,2.6,2026-07-31
172,56.39892400093888,79.42238267148014,0.9034260975988362,53.68595514992045,59.11189285195729,08829,High Bridge,Hunterdon County,NJ,464383.0,0.0621543944943056,-0.4701668750010626,-0.3295365886271586,0.0555576072803107,-0.4715698558671459,0.0019897754245347,-0.0757038864862202,-0.1583055133027168,2.7,2026-07-31
173,56.37799105648251,79.30204572803851,0.9034260975988362,60.13538228860394,52.62059982436107,07758,Port Monmouth,Monmouth County,NJ,638455.0,0.0973461610379601,-0.1518255639826655,-0.1740217713995466,,-0.1780887806390414,-0.091145047671944,-0.0426667173591734,-0.0370361246290468,3.0,2026-07-31
174,56.3651230517152,79.18170878459688,0.9034260975988362,56.179344132625616,56.55090197080479,10547,Lake Mohegan,Westchester County,NY,611423.0,-0.0748224626790229,-0.1950875800857971,-0.1526739399034529,0.0570778022387422,-0.5651546626198087,0.0390643705099796,0.1534494044812628,0.0051305381883824,2.6,2026-07-31
175,56.32213668323077,79.06137184115524,0.9034260975988362,55.97164409901636,56.67262926744519,10965,Pearl River,Rockland County,NY,727299.0,0.0489814098369819,-0.0215382632047909,-0.1674018725961232,0.0450983591388373,-0.1880708628877816,0.0124664562334287,-0.0551766702376674,0.0137738604327071,2.5,2026-07-31
176,56.2812558577926,78.9410348977136,0.9034260975988362,56.413992895535344,56.148518820049865,07052,West Orange,Essex County,NJ,701211.0,0.1244229756460505,-0.0580670989350853,-0.1625371101883033,0.0492379803095236,-0.2002980468306205,0.0351722202441311,-0.0272052456198395,-0.0167647173346893,2.5,2026-07-31
177,56.275317695510175,78.82069795427196,0.9034260975988362,56.18627345795729,56.36436193306306,11941,Eastport,Suffolk County,NY,825759.0,0.016557902909858,0.1054267871670777,-0.215280394613103,,0.0084202501326984,-0.0686863665826946,-0.2261229113321814,0.3219659950176894,2.7,2026-07-31
178,56.26682208321252,78.70036101083032,0.9034260975988362,53.1910558687361,59.34258829768893,11520,Freeport,Nassau County,NY,679500.0,0.0123465755632711,-0.0895194364428864,-0.2003503529396866,,-0.1702159067515165,-0.2158502868685326,0.1616118193721885,-0.0269154629977365,2.3,2026-07-31
179,56.26402249938188,78.58002406738869,0.9034260975988362,59.56793414949748,52.960110849266286,11733,Setauket,Suffolk County,NY,874260.0,0.046955321876965,0.1625021606860723,0.1955373951665961,,-0.2711555291419991,0.13128793371224,-0.1226279597169046,0.0519295142654246,2.6,2026-07-31
180,56.25936164823325,78.45968712394705,0.9034260975988362,58.06668822715301,54.452035069313496,08859,Parlin,Middlesex County,NJ,563713.0,0.0891137803143141,-0.2763315376339186,-0.0280039857439948,0.0629338356267431,-0.1590641624594273,-0.114385052290572,-0.03863651929103,0.0423696353296015,2.5,2026-07-31
181,56.23911965460413,78.33935018050542,0.9034260975988362,56.55642870858022,55.92181060062802,10920,Congers,Rockland County,NY,679298.0,-0.0257614466555381,-0.0898162179242483,-0.0244823245589156,,-0.3491958152321459,0.0747046795680103,-0.0411865434925289,-0.1243666635397368,2.5,2026-07-31
182,56.20090150358973,78.21901323706378,0.9034260975988362,56.75135150086032,55.65045150631914,07857,Budd Lake,Morris County,NJ,495996.0,0.0189868831224288,-0.4043073766430662,-0.0824977465103682,,-0.1362110580607265,-0.126268292754058,-0.0121321720539064,0.2230748666932006,2.0,2026-07-31
183,56.1451556120598,78.09867629362213,0.9034260975988362,58.73014725824882,53.56016396587079,08817,Edison,Middlesex County,NJ,568885.0,0.0972163158146152,-0.2671974277573632,-0.0330126552101273,0.0568769960551783,-0.2537395372157409,0.0157003242078725,-0.0621077458327086,0.0690524436520319,2.3,2026-07-31
184,56.121068763044704,77.9783393501805,0.9034260975988362,52.14912122303467,60.09301630305474,11756,Levittown,Nassau County,NY,739765.0,0.0240761590545059,-0.0045441565727291,-0.1131805138170989,0.0534404226992916,-0.2670240423858641,-0.1061931496486316,-0.0796436616255658,-0.0115922609279619,2.3,2026-07-31
185,56.11973519073604,77.85800240673886,0.9034260975988362,53.69067198454679,58.548798396925285,10312,New York,Richmond County,NY,769211.0,-0.0445109922337959,0.0344895134385687,0.176687655780924,0.0355775670030629,0.0487509178163232,-0.0889146961341649,-0.1030888299012922,-0.0100959752426647,1.6,2026-07-31
186,56.09417690910939,77.73766546329723,0.9034260975988362,60.6314328674758,51.55692095074299,07446,Ramsey,Bergen County,NJ,898748.0,0.064358379160517,0.19012694239286,-0.1433530910030001,0.0280389926664893,-0.1699957131480503,0.1791874604687016,-0.1444819678509237,-0.0946301270767208,2.8,2026-07-31
187,56.02220841289751,77.6173285198556,0.9034260975988362,55.23038446425844,56.81403236153658,11940,East Moriches,Suffolk County,NY,786722.0,0.0327779147820489,0.0569989157894283,-0.1040552160172421,,-0.153617652251927,-0.0897007731353147,0.0507062046452393,0.0022854885823904,2.7,2026-07-31
188,56.00182274688371,77.49699157641395,0.9034260975988362,54.52813153601098,57.47551395775644,07063,Plainfield,Union County,NJ,496634.0,0.0681133059241915,-0.403023630566059,-0.3783484589443144,,-0.2176297455403884,-0.2827779811404569,0.1245062514486559,-0.1265842515866617,2.5,2026-07-31
189,55.91469247154574,77.37665463297232,0.9034260975988362,58.403364490513,53.42602045257848,07933,Gillette,Morris County,NJ,789885.0,0.0117182761399576,0.0610115200227809,-0.3708490151934711,,,0.19306154641481,,0.0489767500309937,2.5,2026-07-31
190,55.90541021689861,77.25631768953069,0.9034260975988362,57.71086902100146,54.09995141279576,07403,Bloomingdale,Passaic County,NJ,568080.0,0.0617527340387468,-0.2686133451809507,-0.0613842158584336,,-0.3994648666345484,-0.1194428850713576,0.0765747530369829,-0.0606804991424085,2.3,2026-07-31
191,55.82978792842774,77.13598074608905,0.9034260975988362,54.223970298716,57.43560555813948,10589,Somers,Westchester County,NY,691835.0,0.0031487428198534,-0.0715292822326389,-0.262987402560114,,-0.2117423624294201,0.1832671740622464,0.021988433586884,-0.0748509172934547,2.1,2026-07-31
192,55.82213145972607,77.01564380264742,0.9034260975988362,56.18015304661736,55.464109872834776,07004,Fairfield,Essex County,NJ,828234.0,0.0006371759848921,0.1084200507074495,0.027258780298311,,0.0762591526735743,0.0184898365268199,-0.2823057557311017,0.0832960953227098,2.3,2026-07-31
193,55.784760672767646,76.89530685920577,0.9034260975988362,56.225421763246494,55.344099582288806,07731,Howell,Monmouth County,NJ,678682.0,0.1576283823947641,-0.0907234578689646,-0.1496157844687449,,-0.2677242165529681,-0.0506101473077598,-0.0275189164337241,0.0214387695062828,2.3,2026-07-31
194,55.77053429872849,76.77496991576413,0.9034260975988362,59.611591737858696,51.92947685959828,08854,Piscataway,Middlesex County,NJ,604961.0,0.0635800454321099,-0.2057128873174214,0.1084447579548228,0.0520636718534996,-0.3349695121012044,-0.0022124325124832,0.013817147708286,0.030897007916151,2.5,2026-07-31
195,55.73621889449174,76.6546329723225,0.9034260975988362,52.53772612614114,58.93471166284235,07033,Kenilworth,Union County,NJ,639687.0,-0.0127884076709602,-0.1498975477554616,-0.0134064753638654,,-0.2044899143390133,-0.1758355795695339,0.009829462791604,0.0204533981477255,2.2,2026-07-31
196,55.70921115415515,76.53429602888086,0.9034260975988362,57.25868877663909,54.15973353167121,08801,Annandale,Hunterdon County,NJ,632361.0,0.0044863892792438,-0.1614154648491279,-0.0130625140350471,,-0.4497199847628998,0.1598459559955937,-0.0668350139225673,0.0165105821265501,2.5,2026-07-31
197,55.70851195705497,76.41395908543923,0.9034260975988362,68.12493165127998,43.292092262829954,11930,Amagansett,Suffolk County,NY,3310226.0,-0.0936482556851633,1.4938954272866931,0.1734963507462517,0.1857879417225326,1.40088068525925,0.338940845008995,-0.0481325843164501,-0.2258324106007767,3.4,2026-07-31
198,55.70014289123603,76.2936221419976,0.9034260975988362,45.5408183652956,65.85946741717645,10552,Mount Vernon,Westchester County,NY,556112.0,-0.0744719677242869,-0.289907343567771,-0.4333922338082825,0.0635268263406018,-0.1404396676091128,0.0227947709290732,-0.0063403753775777,0.0819142735301688,2.7,2026-07-31
199,55.64674954068362,76.17328519855594,0.9034260975988362,51.12818446394005,60.16531461742719,11706,Bay Shore,Suffolk County,NY,647608.0,-0.0495568393297013,-0.1375898766761807,-0.0992589459863211,0.0545557798424954,-0.2005109370757438,-0.2237702910881969,0.0398929557576526,-0.0225022982973716,2.3,2026-07-31
200,55.62893450349693,76.05294825511432,0.9034260975988362,58.54694487264551,52.710924134348346,08551,Ringoes,Hunterdon County,NJ,729962.0,-0.0178746778030603,-0.017883787915526,0.0691639917449276,,-0.3880246661952473,0.1316969626472498,-0.0786341287588037,0.1025993306774338,2.2,2026-07-31
201,55.56579188986184,75.93261131167269,0.9034260975988362,55.83761937359326,55.293964406130414,11735,Farmingdale,Nassau County,NY,748365.0,0.0201720248229889,0.007015014967024,0.0115538974528774,0.0472763777904369,-0.2093840362288344,-0.0231563428390493,0.0072810795609559,-0.1092694554525246,2.3,2026-07-31
202,55.50276069207153,75.81227436823104,0.9034260975988362,54.06457100730901,56.940950376834046,10308,New York,Richmond County,NY,739738.0,-0.0468560436384169,-0.0045805454928835,0.0937143930602353,0.0421771128684786,-0.1184144026597888,-0.0964657999191024,-0.0310865815077505,-0.0378913176499559,1.5,2026-07-31
203,55.43359422091085,75.69193742478942,0.9034260975988362,50.28699753170972,60.58019091011197,08872,Sayreville,Middlesex County,NJ,541628.0,-0.0707740051566251,-0.3162963352116694,-0.0733861519802037,0.0613846625860419,-0.1747790219235174,-0.1337830708374321,-0.028423065860359,0.0274561791482724,1.7,2026-07-31
204,55.431878571364976,75.57160048134777,0.9034260975988362,56.93672502733161,53.92703211539833,07834,Denville,Morris County,NJ,680530.0,0.0288104340219636,-0.0880043671131076,-0.0192954156469351,,-0.4223689093290261,0.121621230429273,-0.0006172316583192,-0.0639294683604878,2.3,2026-07-31
205,55.39049986852555,75.45126353790613,0.9034260975988362,62.96098056367975,47.82001917337135,07828,Budd Lake,Morris County,NJ,568820.0,0.0630949841038045,-0.2673124385924748,0.0276343196112982,0.0448293084551758,-0.1838865424056941,-0.0517253936475499,0.0821413065086957,-0.0470793717217483,2.2,2026-07-31
206,55.390424538964965,75.3309265944645,0.9034260975988362,63.11886203891371,47.66198703901621,11975,Wainscott,Suffolk County,NY,3194485.0,-0.1376405686167952,1.4583050472011916,0.1516816644910701,,1.3040440291120603,0.1572584745912429,-0.3182961543274238,-0.0310659576425426,2.9,2026-07-31
207,55.37938347750102,75.21058965102286,0.9034260975988362,52.737884422643376,58.02088253235866,11553,Uniondale,Nassau County,NY,685324.0,0.0467619317933788,-0.0809839258449045,-0.2190740437974891,,-0.1565666433730002,-0.2616818476467809,0.1852280153468797,0.0631146128326618,2.5,2026-07-31
208,55.35854432769518,75.09025270758123,0.9034260975988362,50.92421662902849,59.79287202636186,10989,Valley Cottage,Rockland County,NY,660837.0,0.0237676349025356,-0.1173686827344866,-0.1565702634205035,0.0508445955286952,-0.2959421731149316,0.0908738035415046,-0.0599376543971548,-0.0789643865171798,2.4,2026-07-31
209,55.34798749013383,74.9699157641396,0.9034260975988362,56.72439310026292,53.97158188000475,08755,Toms River,Ocean County,NJ,532266.0,0.079175529631707,-0.3337322117643442,0.0611972663954603,0.0762888760371125,-0.0849709164334744,-0.1584740979750094,-0.0131537573200386,0.0362109987763015,2.4,2026-07-31
210,55.32625654834513,74.84957882069796,0.9034260975988362,53.06155481981535,57.59095827687492,07847,Kenvil,Morris County,NJ,519587.0,0.0122754875106711,-0.3578427155206505,-0.0531292571433059,,-0.0830767854133356,-0.186515820362167,-0.5115342745517193,-0.1445018873059138,2.3,2026-07-31
211,55.26212660934875,74.72924187725631,0.9034260975988362,53.33619574669903,57.18805747199846,11769,Oakdale,Suffolk County,NY,727396.0,0.0316685897525918,-0.0214056734084397,-0.0101048310933755,,-0.1168594904452853,-0.0421328094715925,-0.0575578828954146,-0.0497921225328441,3.0,2026-07-31
212,55.22135137801817,74.60890493381469,0.9034260975988362,59.29473692064201,51.14796583539432,11731,East Northport,Suffolk County,NY,779556.0,0.1041761698863407,0.0478488117969764,-0.0603166064540676,0.0361744204142388,-0.3131182286349123,0.0409916226705572,0.0584008740681945,-0.003359820179751,2.5,2026-07-31
213,55.21696769436676,74.48856799037304,0.9034260975988362,47.72062379274731,62.71331159598621,11364,New York,Queens County,NY,636588.0,-0.2522595043012267,-0.1547542543687772,-0.3653311708791218,0.053499309775766,-0.0221214405162222,0.0140982561777989,-0.0496228151203865,-0.0096747676612253,1.2,2026-07-31
214,55.190344733322576,74.36823104693141,0.9034260975988362,65.58869597075669,44.79199349588846,11957,Orient,Suffolk County,NY,1557823.0,-0.0042113370872801,0.7401681757404006,0.8319897709132782,,0.915357509761553,0.0743084656124742,0.0663860750551812,0.2464292695022448,2.3,2026-07-31
215,55.17471474130318,74.24789410348977,0.9034260975988362,54.68101316159376,55.6684163210126,11704,West Babylon,Suffolk County,NY,633125.0,0.0025880758959825,-0.160208876960322,-0.0731213945774342,0.0583171104980839,-0.3002749034551482,-0.1668802538110816,0.0667055732151649,-0.0406368510034853,1.8,2026-07-31
216,55.11693252908531,74.12755716004813,0.9034260975988362,57.96752240935448,52.26634264881614,07430,Mahwah Township,Bergen County,NJ,726026.0,0.0407816517859828,-0.0232905783830243,-0.216040130111077,0.0528837921683338,-0.179724110085391,0.1127057800499683,-0.0270813745925906,0.008166384612178,2.0,2026-07-31
217,55.09979319280924,74.0072202166065,0.9034260975988362,58.68215168676352,51.51743469885496,08732,Island Heights,Ocean County,NJ,661314.0,0.1146026582478917,-0.1166480936813592,0.1483642861083911,,-0.0958715950593547,0.0478619834626795,-0.106024888514888,0.0294788461589237,2.4,2026-07-31
218,55.09836539016723,73.88688327316486,0.9034260975988362,52.09683555624361,58.09989522409085,11801,Hicksville,Nassau County,NY,796677.0,0.0330689254131474,0.0695733394144451,-0.2830637284739286,0.0489801076926671,-0.1913233078317404,-0.0559725760671369,0.0477452399105366,-0.0758596934019874,2.3,2026-07-31
219,55.09248118604228,73.76654632972323,0.9034260975988362,56.32400149230542,53.86096087977914,07676,Township of Washington,Bergen County,NJ,843377.0,0.0192700942339477,0.1265376517180296,-0.1823634080163998,,-0.3459009508026469,0.0928328813426873,0.0190114105376046,-0.0647173028966212,2.4,2026-07-31
220,55.09189753411199,73.6462093862816,0.9034260975988362,53.02464913938487,57.15914592883911,11552,West Hempstead,Nassau County,NY,804051.0,0.0286821238716882,0.0787863525751095,-0.0313753076145051,0.0566025541850642,-0.244374955074295,-0.003661124639103,0.0062072328907358,0.0019665079075557,2.2,2026-07-31
221,55.083189978048914,73.52587244283995,0.9034260975988362,52.61846201400007,57.54791794209776,08882,South River,Middlesex County,NJ,546470.0,0.0692099957933138,-0.3073961352480125,-0.046714142979729,,-0.1520175411335629,-0.2114460362982337,-0.0219654863120979,-0.0982729694130363,2.4,2026-07-31
222,55.07186985763059,73.40553549939831,0.9034260975988362,58.4490950164677,51.69464469879348,10588,Shrub Oak,Westchester County,NY,631373.0,-0.0430452905889403,-0.1629789217198212,-0.0972644081185105,,-0.6289793632702889,0.0902584719706772,0.2388051239503319,-0.0778277235505819,2.4,2026-07-31
223,55.0565540961389,73.28519855595668,0.9034260975988362,53.09363468473228,57.01947350754553,07502,Paterson,Passaic County,NJ,547196.0,0.0665794656448341,-0.3060697000041692,-0.0473620815551107,,0.0741127410677993,-0.3533543882593606,0.1036465293865962,-0.0350189431291362,2.1,2026-07-31
224,55.04742001874162,73.16486161251504,0.9034260975988362,55.96091600656212,54.13392403092112,08739,Lavallette,Ocean County,NJ,1784797.0,0.1283858236943501,0.8761835728543215,,,,,,,3.5,2026-07-31
225,55.03815168737093,73.04452466907341,0.9034260975988362,57.924813656585805,52.151489718156064,08844,Hillsborough Township,Somerset County,NJ,687970.0,0.0457194060581368,-0.0771316075772823,0.0570507434125389,0.0508670764531105,-0.3899400645060755,0.1327051485275561,-0.0635547369570641,0.0857338417365254,2.3,2026-07-31
226,54.98293097019574,72.92418772563177,-0.4492803028132375,55.02472560364213,54.94113633674934,11782,Sayville,Suffolk County,NY,777743.0,-0.017696002705319,0.0455197813397116,0.0684670030595846,,-0.2282169523521677,0.0715895833291798,0.002548398371962,-0.0300206353641276,3.0,2026-07-31
227,54.98251465856376,72.80385078219012,-0.4492803028132375,54.47094234923262,55.49408696789489,10954,Nanuet,Rockland County,NY,648970.0,0.0485209532733929,-0.1354900831167658,-0.2470977216831364,0.0605287582383125,-0.1706813908529298,0.0063042119969449,-0.1482862429615181,0.0923663792434477,2.4,2026-07-31
228,54.97559112713006,72.6835138387485,-0.4492803028132375,56.06037232603539,53.890809928224726,08830,Iselin,Middlesex County,NJ,568366.0,0.1176393635881524,-0.2681106155132209,-0.0585959588976638,0.0575876408727993,-0.2427783003553572,0.0461757570395241,-0.0936546584613342,-0.0231690232120873,2.3,2026-07-31
229,54.97503273164023,72.56317689530685,-0.4492803028132375,64.01277435754538,45.937291105735085,10984,Thiells,Rockland County,NY,770018.0,0.1865900237755639,0.0355382610595942,0.2165140144822466,,-0.041059404343579,-0.1585149871712095,-0.2802237695346292,-0.062781089335768,2.9,2026-07-31
230,54.9100225863385,72.44283995186522,-0.4492803028132375,60.19699927990951,49.623045892767486,08816,East Brunswick,Middlesex County,NJ,639776.0,0.1114786434442297,-0.1497587406970026,0.1378381067346872,0.0491727117068625,-0.3954360351077401,0.0928992398013088,-0.0094363249493678,-0.0361899935422777,2.8,2026-07-31
231,54.90189884397287,72.3225030084236,-0.4492803028132375,55.27722563811904,54.5265720498267,07981,Whippany,Morris County,NJ,764723.0,0.0097683624360808,0.028636914268235,-0.074241945758672,,-0.2600279275369879,0.0632913892713341,0.0004779208392893,0.0094035518546767,2.2,2026-07-31
232,54.88375160557927,72.20216606498195,-0.4492803028132375,55.077706688479054,54.68979652267949,07067,Colonia,Middlesex County,NJ,649678.0,0.0904442796505304,-0.134398888542611,0.088486940770009,,-0.2229903197030609,-0.0037503333620251,-0.1499285525757425,-0.0424494797778433,2.2,2026-07-31
233,54.87016785754628,72.08182912154031,-0.4492803028132375,52.65273848268437,57.08759723240819,11701,Amityville,Suffolk County,NY,606423.0,-0.0232896767319076,-0.2032985414453545,-0.1581664726854956,0.0634045941605494,-0.244497623341757,-0.1718753490795995,0.0717382236348935,0.0443290259540545,1.7,2026-07-31
234,54.82181288671024,71.96149217809868,-0.4492803028132375,51.17114089078416,58.47248488263631,07801,Dover,Morris County,NJ,515279.0,0.0326102329640146,-0.3661674158254815,-0.0997917394469389,0.054381527099118,-0.0818632489714688,-0.266724862409109,-0.091464498697487,0.0632424509052625,2.4,2026-07-31
235,54.8166298844187,71.84115523465704,-0.4492803028132375,57.04201492546231,52.59124484337509,10597,Waccabuc,Westchester County,NY,1659063.0,-0.2160573693047048,0.8031321727302121,0.5407755776779286,,0.023731006671938,0.1920089480205041,-0.2013987170857802,-0.4771924047962811,3.9,2026-07-31
236,54.78495915701959,71.72081829121541,-0.4492803028132375,56.491782985040274,53.07813532899889,11764,Miller Place,Suffolk County,NY,744768.0,0.046261513834818,0.0021966360868734,0.1825978664288374,,-0.2657061676165935,-0.0376980506261309,-0.1197550134648661,-0.0093902321635021,2.4,2026-07-31
237,54.78212530059075,71.60048134777377,-0.4492803028132375,55.642580468748,53.9216701324335,07732,Highlands,Monmouth County,NJ,602419.0,0.067711582804327,-0.2099237554555433,-0.4539230578101172,,-0.0090958485741243,0.0238841279931483,0.1712467616908917,-0.2031407906827335,3.0,2026-07-31
238,54.76336409745842,71.48014440433214,-0.4492803028132375,61.200082878036575,48.326645316880274,07830,Califon,Hunterdon County,NJ,783340.0,0.0279944470407777,0.0526901801859551,0.1554829154012598,,-0.4237319726251638,0.1731298176483208,0.0658584050548842,0.09673505088412,2.6,2026-07-31
239,54.75350301180767,71.3598074608905,-0.4492803028132375,54.53761560029746,54.96939042331788,07630,Emerson,Bergen County,NJ,811972.0,0.0236642957518554,0.0885899617158578,-0.1592876958348803,,-0.2370303899484345,0.0789666264472788,-0.0370655598108786,-0.0215366307192732,2.9,2026-07-31
240,54.75142692792773,71.23947051744885,-0.4492803028132375,54.59298395734814,54.90986989850733,11783,Seaford,Nassau County,NY,815537.0,0.0125495756802077,0.0929711584821095,0.0327576965905382,,-0.3618821608726563,-0.0148631808681607,0.0453766739080894,-0.0185149343219987,2.4,2026-07-31
241,54.74607607152774,71.11913357400722,-0.4492803028132375,54.64145103292902,54.85070111012647,07921,Bedminster,Somerset County,NJ,524551.0,0.0791639363337836,-0.3483330983828843,-0.4630034457355343,0.0664644329088544,-0.4401057605383489,0.1405377585864679,-0.1738997311863084,-0.038541696420651,2.1,2026-07-31
242,54.73088153279821,70.99879663056558,-0.4492803028132375,57.52682876194135,51.934934303655055,11548,Greenvale,Nassau County,NY,1158180.0,0.0472516021549548,0.443728511763279,-0.2441163990642731,,0.3589172478227176,0.1520405768609891,-0.3332406564094636,-0.3622980076001993,2.5,2026-07-31
243,54.71986814803303,70.87845968712395,-0.4492803028132375,66.7801321056687,42.65960419039737,08736,Manasquan,Monmouth County,NJ,1234188.0,0.1410354228677132,0.5072925060643438,0.1129127668484688,0.0335983335863067,0.0689367553292477,0.1988126318745622,0.0812124050580056,-0.059282520700117,3.3,2026-07-31
244,54.6913130106874,70.7581227436823,-0.4492803028132375,54.69587251068595,54.686753510688845,08837,Edison,Middlesex County,NJ,542180.0,0.0682950719828387,-0.3152784695131529,-0.0741320835344314,0.0543577340283438,-0.2249082695914606,0.0293367142000449,-0.074654649653798,0.1344125056373573,1.9,2026-07-31
245,54.689468029215305,70.63778580024066,-0.4492803028132375,53.54013872700346,55.83879733142716,07095,Woodbridge,Middlesex County,NJ,489322.0,0.1287971882215032,-0.4178553149604873,-0.1471839484501806,0.0628933655492999,-0.3498537903374139,-0.1286359326221594,-0.0394038842282853,0.0076723628337538,2.5,2026-07-31
246,54.68296688069056,70.51744885679904,-0.4492803028132375,52.473738111207446,56.89219565017367,11762,Massapequa Park,Nassau County,NY,823092.0,0.0223961068753023,0.1021913863251331,0.125631538128939,,-0.3101359720406969,0.0295762351581286,0.0163740106452294,-0.0441891743692044,2.3,2026-07-31
247,54.67989244321852,70.3971119133574,-0.4492803028132375,53.02285109998856,56.33693378644848,11795,West Islip,Suffolk County,NY,753976.0,-0.068247568989873,0.0144849314126656,0.1502942403509468,,-0.4419265570702688,0.0085998162456736,0.1126556256211053,-0.0259982748361921,2.8,2026-07-31
248,54.67855624008969,70.27677496991576,-0.4492803028132375,51.78567035659022,57.57144212358916,07407,Elmwood Park,Bergen County,NJ,629564.0,-0.0271036029446541,-0.1658479394408534,0.0253558331953538,0.0488724110723707,-0.0670116144210528,-0.1400232182192156,0.0431006224551939,0.0556527735342238,1.9,2026-07-31
249,54.664426509493,70.15643802647413,-0.4492803028132375,53.17981676738127,56.14903625160472,11554,East Meadow,Nassau County,NY,821945.0,0.0454743232424895,0.1007966821619028,0.0643895995681234,0.0394187197945095,-0.0755698120424057,-0.0048058120917657,-0.0008530144664753,-0.0793891593939634,2.3,2026-07-31
250,54.64053422000382,70.03610108303249,-0.4492803028132375,53.08374430941035,56.197324130597295,07724,Eatontown,Monmouth County,NJ,709962.0,0.1045688836592816,-0.0456648399426971,-0.3445246041406271,0.0390717125001427,0.0432347786396671,-0.049200573447522,-0.0150516937584175,0.0515362097715946,2.8,2026-07-31
251,54.6158536161299,69.91576413959085,-0.4492803028132375,55.50097744497751,53.73072978728229,11729,Deer Park,Suffolk County,NY,658163.0,0.004950185108678,-0.1214232919633584,-0.0587355830214146,0.0407953537985567,-0.3197019987469585,-0.1149991541195717,0.1409460061053931,-0.0513128873100449,1.9,2026-07-31
252,54.6084391073891,69.79542719614922,-0.4492803028132375,60.34820711912087,48.86867109565733,07460,Stockholm,Sussex County,NJ,449120.0,0.0233830775305502,-0.5035853443518814,-0.0280166945182962,,-0.7596206870772371,-0.1264630199603449,0.0525129275130584,-0.1800397492902676,2.7,2026-07-31
253,54.56467326362875,69.67509025270758,-0.4492803028132375,45.672110763223934,63.45723576403357,11368,New York,Queens County,NY,554370.0,-0.3057285772401897,-0.2930433773745182,-0.087126957589465,0.0512894269053526,0.1478043817450121,-0.3361522107054116,0.0563390521230182,-0.0109986100632572,1.2,2026-07-31
254,54.54903860939085,69.55475330926595,-0.4492803028132375,56.73698247218744,52.36109474659426,07936,East Hanover Township,Morris County,NJ,880920.0,0.0551251628000994,0.1700903007802896,0.0027834251975455,0.0458566191637805,-0.1165042575249295,0.0957736910288693,-0.1361073164440913,0.0145462050021694,2.4,2026-07-31
255,54.5336906865189,69.4344163658243,-0.4492803028132375,53.97708284244294,55.09029853059487,11716,Bohemia,Suffolk County,NY,721265.0,0.0108569969117663,-0.0298700294677747,0.0404010091354809,,-0.1675647338861392,-0.0856256482782411,0.0917630563572036,-0.0711986437604072,3.0,2026-07-31
256,54.50435165464751,69.31407942238266,-0.4492803028132375,53.859851797896766,55.148851511398256,11542,Glen Cove,Nassau County,NY,836459.0,0.0203305270830259,0.1183017693710386,-0.4586579118388911,0.0533784606546147,0.3043603698264998,-0.0651637002027546,-0.0855734437064636,0.0626354989620348,2.3,2026-07-31
257,54.45927059781137,69.19374247894103,-0.4492803028132375,55.71500155296766,53.20353964265509,08869,Raritan,Somerset County,NJ,555712.0,0.0103902498481453,-0.2906254998932027,-0.1417040097618471,0.0539761322386559,-0.2484582044101977,-0.0460249609268586,0.073883691370721,-0.021163401103523,2.1,2026-07-31
258,54.44550110989435,69.0734055354994,-0.4492803028132375,55.9743128497518,52.916689370036906,10526,Goldens Bridge,Westchester County,NY,740297.0,-0.1831041658193189,-0.0038247409317921,-0.2856597170172996,,-0.8040327943716179,0.1774248449747428,0.3509890475398105,-0.0542751905529132,2.7,2026-07-31
259,54.39178564618378,68.95306859205776,-0.4492803028132375,48.44474651783979,60.338824774527765,11422,New York,Queens County,NY,747119.0,-0.0787758318002872,0.0053485567541855,-0.1613292795466687,,-0.0156884474372216,-0.1411863069678984,0.0322946582055294,-0.0182874317923908,1.7,2026-07-31
260,54.39056822191452,68.83273164861613,-0.4492803028132375,60.58370498774245,48.19743145608658,07853,Long Valley,Morris County,NJ,751263.0,0.0326909610064113,0.0108802038545636,0.1279312140348416,,-0.4371644096895413,0.1352292578029946,-0.1787161958309227,-0.0479613367042472,2.4,2026-07-31
261,54.34215825954137,68.71239470517449,-0.4492803028132375,49.92945877996149,58.75485773912125,11003,Elmont,Nassau County,NY,743134.0,0.0149196159826686,0.0,-0.0604964136344658,0.046219129144116,-0.0999516907578332,-0.1638582759767723,-0.0577187084600812,-0.0586987282893837,2.1,2026-07-31
262,54.33602844135294,68.59205776173285,-0.4492803028132375,58.84075288144527,49.831304001260605,07922,Berkeley Heights,Union County,NJ,959460.0,0.0455521683524974,0.2554939633789814,0.0247528677930422,0.0419861368555123,-0.3361792511224799,0.2595046873243449,-0.1189165696480891,-0.0032115063342776,2.8,2026-07-31
263,54.333684776652944,68.47172081829122,-0.4492803028132375,59.31987266222231,49.34749689108358,07980,Stirling,Morris County,NJ,770320.0,0.0315297840213556,0.0359299587165686,-0.3647401424907972,,-0.3362872659408051,0.1529010706356884,0.0529041865849215,-0.2642386244259513,2.4,2026-07-31
264,54.28003139106273,68.35138387484957,-0.4492803028132375,52.29656274266952,56.26350003945594,10309,New York,Richmond County,NY,802808.0,-0.0558048005821373,0.0772398127181848,0.2957923017144814,0.0301026601520804,0.044062015105992,-0.0889055448226185,-0.1722833293302379,0.0446328203483477,1.5,2026-07-31
265,54.2691132092964,68.23104693140795,-0.4492803028132375,58.76022763325422,49.77799878533858,07747,Matawan,Monmouth County,NJ,664536.0,0.1074096231264917,-0.1117877534337115,0.0013664479080635,0.0470650199313614,-0.2138964040375424,0.0010175573185877,-0.1027950245186151,0.0529086682958832,2.6,2026-07-31
266,54.25017976922739,68.1107099879663,-0.4492803028132375,51.90895507305557,56.59140446539921,07512,Totowa,Passaic County,NJ,668716.0,0.0274507608386226,-0.1055160382879325,0.1139524697067191,,-0.116616922882071,-0.083164262235315,-0.1588371529718966,0.0541197684520613,2.2,2026-07-31
267,54.2168697795748,67.99037304452466,-0.4492803028132375,47.40046208730698,61.03327747184262,10465,New York,Bronx County,NY,693785.0,-0.0114403338444649,-0.0687140425410071,0.1161580019947621,0.0493928215639229,0.1753764764696874,-0.1783341661756506,-0.0797009935164005,0.0082951162380367,2.0,2026-07-31
268,54.20958653953166,67.87003610108303,-0.4492803028132375,55.451496903289375,52.96767617577394,11958,Peconic,Suffolk County,NY,1264482.0,0.0703764459662913,0.531541657524162,-0.2660201084874316,,,-0.0253636012573683,,0.1206808748733208,3.0,2026-07-31
269,54.19389506753157,67.7496991576414,-0.4492803028132375,54.784909723814415,53.602880411248734,10524,Garrison,Putnam County,NY,782078.0,0.0716381023298446,0.0510780787075653,0.3227522252192454,,-0.2129825429899814,0.1045889397193327,-0.0661986787079556,0.0530171595679987,3.2,2026-07-31
270,54.17897674897647,67.62936221419976,-0.4492803028132375,55.70932779976299,52.648625698189946,11786,Shoreham,Suffolk County,NY,770681.0,0.0401777263746105,0.036398422477168,0.2057695039584786,,-0.3389497307505611,-0.0122210048541971,-0.0257645622608642,-0.0043708443674536,2.7,2026-07-31
271,54.171312124082775,67.50902527075813,-0.4492803028132375,56.22394058256508,52.11868366560047,07470,Wayne,Passaic County,NJ,762952.0,0.0717032778841012,0.0263191027084648,0.2447155011740918,0.0398811096622093,-0.2832279003750024,0.0780815870466404,-0.014223863895669,-0.0261430988003341,2.6,2026-07-31
272,54.14812788548498,67.38868832731649,-0.4492803028132375,48.24440632432218,60.05184944664778,10302,New York,Richmond County,NY,645919.0,-0.0670806536579299,-0.1402017093313627,0.0006237422773018,,0.2209802052762473,-0.2064379116129791,-0.0622194941363272,-0.0762879904335204,1.8,2026-07-31
273,54.13173669066927,67.26835138387484,-0.4492803028132375,56.33411785297836,51.92935552836019,11788,Hauppauge,Suffolk County,NY,806774.0,0.0765481123618204,0.0821675697254882,0.1365570204905246,0.0469582059774003,-0.2053825228996519,0.014291230119473,0.0200041865876059,-0.0570633704563865,2.7,2026-07-31
274,54.12761012127214,67.14801444043322,-0.4492803028132375,58.02549645537015,50.22972378717413,07950,Morris Plains,Morris County,NJ,734524.0,0.0371416394840803,-0.0116530901886591,0.0062827434468637,0.0577607379168143,-0.3258021781957059,0.1706191119398803,-0.0417452934016591,0.1130751701971227,2.3,2026-07-31
275,54.09683115300656,67.02767749699157,-0.4492803028132375,51.70394915293096,56.48971315308216,11510,Baldwin,Nassau County,NY,737186.0,0.018800606510036,-0.0080358510471061,-0.0518343984125539,,-0.2793792902419014,-0.0422111649375947,0.0093595604971827,-0.0088584887916433,2.3,2026-07-31
276,54.08992498739912,66.90734055354994,-0.4492803028132375,53.50299749044277,54.67685248435546,07424,Woodland Park,Passaic County,NJ,644217.0,0.0213438953292154,-0.1428405060413276,0.0022019115055496,0.0476112832810083,-0.0760200689179175,-0.0287401688086018,-0.0440936550784059,0.0868718476837158,2.0,2026-07-31
277,54.07349826037478,66.78700361010831,-0.4492803028132375,51.45766478625511,56.68933173449445,10603,White Plains,Westchester County,NY,683703.0,0.0224400839673769,-0.0833530043245218,-0.2571316914086612,0.0572617299430559,-0.1581015384573529,-0.0316457064032973,0.0022120919561459,0.0004721505677045,2.8,2026-07-31
278,54.0650796695265,66.66666666666666,-0.4492803028132375,52.947756754037634,55.18240258501535,10964,Palisades,Rockland County,NY,969144.0,0.0698047359275996,0.2655369901871474,-0.0656968708608634,,-0.24643017025777,0.1146536876151778,-0.1640844120306539,-0.0501141526132371,3.0,2026-07-31
279,54.01824130929179,66.54632972322503,-0.4492803028132375,53.92624263247655,54.11023998610703,07662,Rochelle Park,Bergen County,NJ,649216.0,0.0362754889018081,-0.1351114599702398,-0.0733334397483993,,-0.1177835535671747,-0.0036986675504206,0.0395953305410312,0.1131261336591376,2.4,2026-07-31
280,53.9965056236108,66.4259927797834,-0.4492803028132375,47.49353897276129,60.499472274460295,11360,New York,Queens County,NY,627116.0,-0.2444512681837643,-0.1697444997474164,-0.4130904781909077,0.0619103860578496,-0.0423440614208143,0.0010873439229668,-0.0569291432198379,0.0153818594752766,1.2,2026-07-31
281,53.981100325550685,66.30565583634176,-0.4492803028132375,53.9372287432302,54.024971907871176,11702,Babylon,Suffolk County,NY,734832.0,-0.0639735853730375,-0.0112348754363793,0.0217971770601135,0.0523929584331928,-0.2147067721090902,0.0194362874575129,-0.1765808561154553,0.0091448377001504,1.9,2026-07-31
282,53.97776493593851,66.18531889290013,-0.4492803028132375,54.56371323387184,53.39181663800518,07719,Wall,Monmouth County,NJ,838165.0,0.0774589701478433,0.120339110092738,-0.3642501226828205,0.0444244657112697,0.0555385932632919,0.0375663228751981,-0.0542013938501941,0.004438483439021,2.7,2026-07-31
283,53.966173220684425,66.06498194945848,-0.4492803028132375,53.6144313884962,54.31791505287264,10983,Tappan,Rockland County,NY,761537.0,0.0401229375686988,0.0244620722086139,-0.1099382239455817,,-0.3305168145571706,0.1162348411986744,0.0683828417482637,0.034265396328123,2.8,2026-07-31
284,53.939196781145405,65.94464500601684,-0.4492803028132375,54.55458425197869,53.32380931031212,11792,Wading River,Suffolk County,NY,756510.0,0.0791399088350587,0.0178390081452501,0.1900645639587175,,-0.2457018203635617,-0.0227454160534039,-0.2254712259486453,0.0600838259448937,2.3,2026-07-31
285,53.91380181900856,65.82430806257521,-0.4492803028132375,52.83810867420593,54.98949496381119,08805,Bound Brook,Somerset County,NJ,545111.0,0.0660006347323566,-0.3098860880222425,-0.1470855211002657,0.0468427220805054,-0.1248886775925648,-0.1722488352229355,0.0244289340607757,0.0834737818381177,2.4,2026-07-31
286,53.90216758789812,65.70397111913357,-0.4492803028132375,54.04624927052549,53.75808590527075,10980,Stony Point,Rockland County,NY,666297.0,0.0833150231432696,-0.1091407451872399,0.1318151815751793,,-0.2264172196023797,-0.1261317991087627,-0.0987989777872613,-0.1180597610207063,2.6,2026-07-31
287,53.88085671004647,65.58363417569194,-0.4492803028132375,56.898494533127206,50.86321888696575,08742,Point Pleasant,Ocean County,NJ,885209.0,0.1445274707811762,0.1749476403712027,-0.2649909142619897,0.0441797711115321,0.0827851399936612,0.0410338474553022,-0.0160735344634552,-0.0007774296720374,2.9,2026-07-31
288,53.84317581789713,65.46329723225031,-0.4492803028132375,54.02984905789686,53.65650257789739,07045,Montville,Morris County,NJ,833261.0,0.0189660376811268,0.114470969837626,0.0866267693136553,,-0.3850495235904791,0.2102603515097886,-0.1408695426108064,-0.0463832690417011,2.3,2026-07-31
289,53.76523887357878,65.34296028880865,-0.4492803028132375,55.52201854007188,52.008459207085686,07728,Freehold,Monmouth County,NJ,658949.0,0.0706154672671107,-0.1202307533971129,-0.2284917385982225,0.0524437881870292,-0.135803716962511,-0.0310041800600892,-0.0145676320698111,-0.0288898841219428,2.4,2026-07-31
290,53.69585906389412,65.22262334536703,-0.4492803028132375,53.12628631016535,54.26543181762289,10562,Ossining,Westchester County,NY,684593.0,0.0535208350437649,-0.0820511762374724,-0.3337036206156867,0.0590312896465579,-0.1117690165594649,-0.056436162880152,0.1136547814305686,-0.0454069834637295,2.9,2026-07-31
291,53.6699689871628,65.1022864019254,-0.4492803028132375,56.34524932222888,50.99468865209672,08827,Hampton,Hunterdon County,NJ,629708.0,0.0610307526034773,-0.1656205863369422,0.1029168141709799,,-0.3542574462172461,0.0053658339882646,0.0244519663274243,-0.1202898880829043,2.6,2026-07-31
292,53.64959615993109,64.98194945848375,-0.4492803028132375,49.483452388228166,57.81573993163403,07503,Paterson,Passaic County,NJ,564711.0,0.1314359319551265,-0.2745616084740483,0.0055116663265692,0.0472382987498682,0.3449944837650107,-0.3162686438628093,0.0306322312361686,0.0691487194426854,2.6,2026-07-31
293,53.62441470797874,64.86161251504213,-0.4492803028132375,54.95327208511224,52.29555733084524,07436,Oakland,Bergen County,NJ,780373.0,0.0236610767412063,0.0488960759939338,0.0929609264331929,,-0.3172643664537287,0.0774697007430732,0.0174206400600898,0.0002205394131052,2.6,2026-07-31
294,53.537619965263474,64.74127557160048,-0.4492803028132375,45.67620891635242,61.39903101417452,07109,Belleville,Essex County,NJ,524127.0,0.055589884691042,-0.3491415490906639,-0.2202156297219257,0.0531895351563213,-0.1325492177326908,-0.1623883229228409,0.015457165064955,0.0854925829649853,2.1,2026-07-31
295,53.512950542717405,64.62093862815884,-0.4492803028132375,52.814500630679696,54.21140045475512,07016,Cranford,Union County,NJ,786111.0,-0.0002027672254435,0.0562219408858162,0.1064222880426069,0.0445350837289695,-0.2721976986600627,0.1712063760697068,-0.0473581238392775,0.0150056197572008,2.6,2026-07-31
296,53.51160621201522,64.50060168471721,-0.4492803028132375,53.42992936706175,53.5932830569687,11566,Merrick,Nassau County,NY,905655.0,0.0131769117840633,0.1977819792757813,0.1705272477969277,,-0.2575571169926711,0.1151580046539427,-0.0806854245641535,-0.0213047704547759,2.1,2026-07-31
297,53.485718826928384,64.38026474127557,-0.4492803028132375,50.591899593795006,56.37953806006176,07009,Cedar Grove,Essex County,NJ,778140.0,-0.0155904590689669,0.0460297984944162,-0.1302426242578089,,-0.2541237043553785,0.1160247771465197,-0.0281846914412806,0.0834084365721444,2.4,2026-07-31
298,53.478533949217166,64.25992779783394,-0.4492803028132375,54.48364185387835,52.47342604455598,07444,Pompton Plains,Morris County,NJ,718665.0,0.0474836419793248,-0.0334801819582555,0.1121436918388862,,-0.0825604240049948,0.0524269139872537,-0.0486798294389565,-0.0201567585421888,2.7,2026-07-31
299,53.45677068160171,64.13959085439231,-0.4492803028132375,52.73562674408551,54.17791461911792,11703,North Babylon,Suffolk County,NY,645294.0,-0.0010865907741607,-0.1411695099217365,-0.0317788791813082,,-0.34104619148508,-0.1204196275890071,0.1473123425020492,-0.0207840021430951,2.2,2026-07-31
300,53.44518833659895,64.01925391095065,-0.4492803028132375,56.75949754039649,50.13087913280141,08846,Middlesex,Middlesex County,NJ,557290.0,0.0679042943514293,-0.2877907296416726,-0.0921974938433294,0.0581062090818952,-0.2204942153847764,-0.1218879261540679,0.0991714223326312,0.079885834073963,2.5,2026-07-31
301,53.43581103483322,63.898916967509024,-0.4492803028132375,55.84670633438551,51.02491573528093,10549,Mount Kisco,Westchester County,NY,966386.0,0.0901495630489769,0.2626868859069677,-0.113771860263391,0.0334648974704376,0.0861935066193229,0.1610064325713065,-0.0182210794541575,0.0590739617338161,3.1,2026-07-31
302,53.41907865954202,63.77858002406739,-0.4492803028132375,61.01227685269621,45.82588046638784,07945,Mendham,Morris County,NJ,1147874.0,0.0865098971927732,0.4347906145007147,0.277972482498523,,-0.3654174389391109,0.2966501470358658,0.0788709020084112,0.1190486612773489,2.7,2026-07-31
303,53.39675295665501,63.65824308062575,-0.4492803028132375,53.77070616580794,53.02279974750207,11754,Kings Park,Suffolk County,NY,764968.0,0.0509790231544421,0.0289580374293212,-0.0952392411383584,,-0.0651594819245577,0.0150811817765735,-0.0379374561579339,-0.0669303124473629,2.4,2026-07-31
304,53.38296172442068,63.53790613718412,-0.4492803028132375,52.49330256292565,54.27262088591572,07432,Midland Park,Bergen County,NJ,765589.0,0.0411174033665812,0.0297696345034665,-0.2833674708015667,,-0.238323869821037,0.0845960604517576,-0.0389643376706523,0.0501012855929359,2.6,2026-07-31
305,53.38226865249106,63.41756919374247,-0.4492803028132375,54.48236014701367,52.282177157968455,07647,Northvale,Bergen County,NJ,786564.0,0.0404564970103344,0.0567979556619864,-0.2629463984001621,,-0.0782008791046433,0.0123766296110943,-0.0739916915102973,-0.0038496151780662,2.6,2026-07-31
306,53.37573306981624,63.29723225030084,-0.4492803028132375,47.23576399689022,59.51570214274226,08861,Perth Amboy,Middlesex County,NJ,504489.0,0.0427406190142768,-0.3873307233127399,-0.1474337488330448,0.0561598290496445,0.1674004619195723,-0.3265549618264121,-0.0437999849683095,0.1482741273425126,1.9,2026-07-31
307,53.3705985379624,63.1768953068592,-0.4492803028132375,52.39847537102364,54.342721704901166,08530,Lambertville,Hunterdon County,NJ,655065.0,-0.0434542839195565,-0.126142133073948,-0.2148588490393024,,-0.1962611251628747,0.1038123554202603,0.0027297047159375,0.0885208007296383,1.9,2026-07-31
308,53.3583120055491,63.05655836341757,-0.4492803028132375,58.0178565384569,48.6987674726413,08824,Kendall Park,Middlesex County,NJ,735489.0,0.0487164130787153,-0.0103408070771209,0.0840683895891594,,-0.4525890966864925,0.1736332020259444,-0.0588548678695293,0.0661110688194049,2.5,2026-07-31
309,53.33672389471891,62.936221419975936,-0.4492803028132375,55.31782516934628,51.35562262009154,11705,Bayport,Suffolk County,NY,785856.0,0.0334168441708534,0.0558969143687591,0.0819155937123703,,-0.3245402462600435,0.0601260072679927,0.1502872092039471,0.0044611447685299,3.1,2026-07-31
310,53.305455586886175,62.8158844765343,-0.4492803028132375,51.69519252488326,54.91571864888909,11793,Wantagh,Nassau County,NY,825548.0,0.0028052085531683,0.1051709531995044,-0.0013742456392904,,-0.291973097554002,0.0147802266041141,-0.0511580956124824,-0.002491246622396,2.2,2026-07-31
311,53.272412871244384,62.69554753309266,-0.4492803028132375,59.62831726330593,46.91650847918284,11962,Sagaponack,Suffolk County,NY,6802491.0,0.1226232193186479,2.214167889614261,0.983130791145447,,,0.2160236442912303,,0.0181242865482292,2.5,2026-07-31
312,53.23398427145928,62.57521058965102,-0.4492803028132375,51.22540274468357,55.24256579823498,11719,Brookhaven,Suffolk County,NY,722677.0,0.0066310484317536,-0.027914216756832,0.1558290479225483,,-0.1449214204978812,-0.0963799734838559,0.378552111178621,-0.2642754088914675,2.6,2026-07-31
313,53.21869798326595,62.454873646209386,-0.4492803028132375,56.039450931178166,50.39794503535373,10560,North Salem,Westchester County,NY,857682.0,0.0398474622022075,0.1433567960354089,0.0202858537047081,,-0.402759845105485,0.1760980778364085,0.1510925456658043,-0.0557188674742287,3.0,2026-07-31
314,53.20147125613491,62.33453670276775,-0.4492803028132375,49.39918770507868,57.00375480719113,07644,Lodi,Bergen County,NJ,635606.0,0.0417804146698678,-0.156298057104923,-0.0286753564769064,0.0446422438738867,0.0729013299530503,-0.1949825688719084,0.0622417644147237,0.0553699832585599,2.3,2026-07-31
315,53.19825278582928,62.214199759326114,-0.4492803028132375,57.12374274692672,49.27276282473183,07836,Flanders,Morris County,NJ,675015.0,0.0166736638049126,-0.0961405869409173,0.145584966614777,0.0377048149344846,-0.3982048764299357,0.0287368570231822,-0.014276687019846,-0.0696627755899769,2.4,2026-07-31
316,53.19154106936571,62.093862815884485,-0.4492803028132375,53.5730645329836,52.81001760574784,11952,Mattituck,Suffolk County,NY,1020621.0,0.030662341563945,0.3172906916742057,-0.2556026873575323,,0.2498981503236919,-0.0226674830717284,0.0352181978623793,-0.1578977070389837,2.7,2026-07-31
317,53.09424186217565,61.97352587244284,-0.4492803028132375,48.735927771483496,57.4525559528678,10511,Buchanan,Westchester County,NY,628755.0,-0.217578014075039,-0.1671343603917989,0.0605233815486148,,-0.2996094362242278,-0.0092284211051785,-0.0722366177196569,-0.157734506656135,3.9,2026-07-31
318,53.04826331550508,61.8531889290012,-0.4492803028132375,61.327786808864914,44.76873982214525,08006,Barnegat Light,Ocean County,NJ,1721061.0,0.1528647676013403,0.8398200300694221,0.9908389671135396,,0.7294327092850892,0.2420099815267775,0.2899407654545491,0.047598661418369,2.6,2026-07-31
319,53.01954587428386,61.73285198555957,-0.4492803028132375,45.89937479783196,60.139716950735775,10703,Yonkers,Westchester County,NY,627543.0,-0.0142747328941524,-0.1690638357331444,-0.3899747231199999,0.0549215926371902,0.0549087667343008,-0.2285267576581854,0.071576381470475,0.0192981520058828,2.5,2026-07-31
320,53.00168794671039,61.612515042117934,-0.4492803028132375,53.81889666170572,52.184479231715066,07005,Boonton,Morris County,NJ,738042.0,0.0194594599687793,-0.0068748436130565,0.0453369491932917,0.0476937332443443,-0.1731737359041745,0.0803890982873203,-0.0616470687529009,0.000829665226542,2.4,2026-07-31
321,52.98903294916836,61.4921780986763,-0.4492803028132375,58.82303000571809,47.15503589261864,07869,Randolph,Morris County,NJ,830084.0,0.0651068750601243,0.1106504074896541,0.2951562800648677,0.0292725482249381,-0.3009279556447553,0.1909583989763038,-0.0459825802571529,-0.0781802022828086,2.3,2026-07-31
322,52.97997083422837,61.371841155234655,-0.4492803028132375,62.61803714547831,43.34190452297842,07920,Basking Ridge,Somerset County,NJ,945658.0,0.0897104327992263,0.241004741763799,-0.1240136033798329,0.0465883740853638,-0.2996873754579277,0.2539145412957777,0.0110686297628159,0.0343660637960819,2.7,2026-07-31
323,52.94316171758008,61.25150421179302,-0.4492803028132375,55.65971066494665,50.22661277021352,07064,Port Reading,Middlesex County,NJ,550779.0,0.1093360170542897,-0.2995418794480233,-0.0666321781200665,,-0.4750346687521702,-0.1784150988539438,0.176679910233128,-0.2625661035476942,2.7,2026-07-31
324,52.92391106663729,61.13116726835138,-0.4492803028132375,56.55382957663269,49.29399255664189,08850,Milltown,Middlesex County,NJ,625186.0,0.1184507100695174,-0.1728266598256915,0.1359967196288867,,-0.4045830387928462,-0.0411129996184342,0.0292413821018051,0.0651589958191077,2.5,2026-07-31
325,52.84513685707042,61.01083032490975,-0.4492803028132375,47.70486183904965,57.9854118750912,07506,Hawthorne,Passaic County,NJ,650262.0,0.0485607715307331,-0.1335003974435284,-0.1163326007595273,0.0492724255039866,-0.1148761265714821,-0.0204386824618137,-0.1103732921261961,0.0622700349413405,2.3,2026-07-31
326,52.80541702597218,60.89049338146811,-0.4492803028132375,55.31117885794456,50.29965519399981,07405,Kinnelon,Morris County,NJ,699282.0,0.0475219929508664,-0.0608225243194109,0.1115869203182331,,-0.2460915072820697,0.0612995810083212,-0.0858423559033347,0.0077396167792527,2.4,2026-07-31
327,52.79034094704748,60.77015643802648,-0.4492803028132375,51.167783163941024,54.41289873015395,08831,Monroe Township,Middlesex County,NJ,613342.0,0.0564801446511666,-0.1919526931118138,-0.0568172928580903,0.0508848919777464,-0.1624289578103444,0.0276008200629377,-0.0318016562744212,0.0710925804302625,2.1,2026-07-31
328,52.77931846090675,60.64981949458483,-0.4492803028132375,51.6937593555926,53.86487756622091,07013,Clifton,Passaic County,NJ,638113.0,0.068789977570621,-0.1523603884571631,-0.0268363965989486,0.0492859207020399,-0.187044398402951,-0.0770960054342069,-0.0004194828208863,0.1193438619516967,1.6,2026-07-31
329,52.73015242952158,60.5294825511432,-0.4492803028132375,50.80336044215795,54.65694441688521,07740,Long Branch,Monmouth County,NJ,835841.0,0.0919378031609653,0.117561856636895,-0.4033897662174244,0.0393768264395456,0.4584184081220168,-0.1297905782382964,0.0528382685093902,0.0023194369469321,2.8,2026-07-31
330,52.720277120306406,60.40914560770156,-0.4492803028132375,46.708520367648696,58.73203387296412,11412,New York,Queens County,NY,748446.0,-0.0988542561923853,0.0071230254413805,-0.0232139745866994,,0.143626719861978,-0.2305883423610411,-0.0483603396751242,0.0570545104974942,2.1,2026-07-31
331,52.68397266655259,60.28880866425993,-0.4492803028132375,52.97667519528416,52.39127013782103,08758,Waretown,Ocean County,NJ,557761.0,0.100120519801122,-0.2869449019623911,-0.132449401075517,0.0519935574893272,-0.1393675564446923,-0.1673826092401976,0.094655422428783,-0.1018514167345203,2.3,2026-07-31
332,52.66488930820393,60.168471720818296,-0.4492803028132375,52.314436583400045,53.01534203300782,07663,Saddle Brook,Bergen County,NJ,676309.0,0.010503920026672,-0.094226804063382,0.0953104778748112,0.0554643300250975,-0.2333480754273023,-0.1243002349213094,-0.0415412596822388,-0.0178183596762424,2.1,2026-07-31
333,52.65985087096325,60.048134777376646,-0.4492803028132375,56.37783212226475,48.94186961966176,07006,West Caldwell,Essex County,NJ,861915.0,0.0430523729958757,0.1482804158674966,-0.0467040882268126,0.0388959486669397,-0.1350933552150419,0.1617561115933222,-0.0779684636727786,0.0049722043138092,2.7,2026-07-31
334,52.63798539597572,59.92779783393502,-0.4492803028132375,54.579882379909606,50.69608841204184,07656,Park Ridge,Bergen County,NJ,872587.0,0.0349895838528699,0.1605863716304068,-0.1235476548053142,0.0431739096878942,-0.2599898967222398,0.0837921006518502,-0.0157585799841015,-0.0476144554781574,2.6,2026-07-31
335,52.60494092863328,59.80746089049338,-0.4492803028132375,53.83422883132189,51.37565302594466,07642,Hillsdale,Bergen County,NJ,877598.0,0.0844881847790461,0.166312817980522,-0.1791983325696353,,-0.3418690918503142,0.142580225758689,0.0139064866832416,-0.0086057209627925,2.9,2026-07-31
336,52.54658283909709,59.68712394705175,-0.4492803028132375,47.78477753842032,57.30838813977385,10805,New Rochelle,Westchester County,NY,571085.0,0.0031596057924495,-0.2633383084925782,-0.4424638763019981,0.0550180892075419,-0.1681223142375476,-0.1163270578996614,0.1162737056498333,0.0799130823123593,2.1,2026-07-31
337,52.511818519166624,59.56678700361011,-0.4492803028132375,53.99847554417836,51.025161494154894,07044,Verona,Essex County,NJ,780536.0,0.1049529548610927,0.0491048081815694,-0.149808391745875,0.0494010884256479,-0.3162650569181917,0.2098273913344904,0.0271267789231526,0.0352928041805198,2.5,2026-07-31
338,52.49380807240195,59.44645006016847,-0.4492803028132375,51.18595691041013,53.801659234393775,07646,New Milford,Bergen County,NJ,747054.0,0.0743994904928268,0.0052618528708467,-0.1458579330584655,,-0.0174477275644087,-0.0164190702958172,-0.0341674452267213,0.0104032035849431,2.3,2026-07-31
339,52.48761861640328,59.32611311672683,-0.4492803028132375,52.46045599030007,52.514781242506494,10994,West Nyack,Rockland County,NY,814463.0,0.016662035127608,0.0916522656927139,0.0777356844518628,,-0.3246935606509986,0.0780749439552238,-0.1962752238011624,-0.1760697514293025,2.4,2026-07-31
340,52.47669615012852,59.2057761732852,-0.4492803028132375,71.14174253560087,33.811649764656174,08008,Long Beach Township,Ocean County,NJ,1959722.0,0.1589745656161984,0.9696818119507552,1.1999463885785282,,0.9029970348027648,0.1507137195476384,0.079873262587121,-0.0798162342947674,2.7,2026-07-31
341,52.468459724149966,59.08543922984356,-0.4492803028132375,49.19313928556392,55.74378016273601,07094,Secaucus,Hudson County,NJ,691677.0,-0.0158169092492542,-0.0717568583732717,0.0854689904375831,0.0496513397772375,-0.2908630270697536,0.140500182745102,-0.034197574163489,0.1138838747635129,2.0,2026-07-31
342,52.45773202715927,58.96510228640193,-0.4492803028132375,50.76601768956971,54.14944636474882,10607,White Plains,Westchester County,NY,852476.0,0.0579175890972422,0.1372686761111232,-0.0463092152362794,,-0.2690212984782143,0.0117695468634677,-0.0181308078283244,-0.0947564003976848,3.0,2026-07-31
343,52.43017639127727,58.84476534296029,-0.4492803028132375,51.55937473211397,53.30097805044056,07852,Ledgewood,Morris County,NJ,536575.0,0.0417500197735559,-0.3256705381538225,0.0154576284442153,0.0612831807685021,-0.3880563516998176,0.1064240928408215,0.0988303586459036,0.1153276120551061,1.8,2026-07-31
344,52.40380933818049,58.72442839951864,-0.4492803028132375,49.5875566175077,55.22006205885327,07514,Paterson,Passaic County,NJ,543461.0,0.067019087561022,-0.3129183182350754,-0.1341728104252801,,0.1569190126127384,-0.36519646592061,0.2411475982777933,-0.0278904353435788,2.1,2026-07-31
345,52.37409284252175,58.604091456077015,-0.4492803028132375,52.80759288116696,51.94059280387655,11725,Commack,Suffolk County,NY,818651.0,0.0280114536002894,0.0967821440168457,0.1184641488551072,,-0.3075961927502224,0.1009000390668211,-0.0025919856185652,-0.1024076763033751,2.3,2026-07-31
346,52.36762346262663,58.48375451263538,-0.4492803028132375,56.375260045876615,48.35998687937664,08873,Somerset,Somerset County,NJ,581824.0,0.0553702928227689,-0.2447079175183635,0.0826553337559357,0.0561466824024354,-0.3515407653144973,0.0556566356917034,0.0994967132078716,-0.0254634509998259,2.2,2026-07-31
347,52.36365447168184,58.36341756919374,-0.4492803028132375,34.096000146356545,70.63130879700714,10468,New York,Bronx County,NY,261109.0,-0.4162622781422304,-1.0459387614460471,-0.6102546523762751,0.0983886269774382,-0.1583757258529765,-0.3257028574029003,-0.029907301600188,0.0393654921208795,1.3,2026-07-31
348,52.33624690613958,58.24308062575211,-0.4492803028132375,54.79332428082729,49.879169531451865,11709,Bayville,Nassau County,NY,869440.0,0.0263203251191871,0.1569726179593633,-0.4233906093200339,,-0.1269978818606312,0.0671033293468764,0.0831429110749226,0.0047471232971372,2.3,2026-07-31
349,52.3185955198408,58.12274368231047,-0.4492803028132375,51.6671576873626,52.97003335231899,11710,North Bellmore,Nassau County,NY,832608.0,0.0096996477212346,0.1136865711383041,0.0828160119990322,,-0.3186602489682208,0.0499503217042435,0.0076985406325018,-0.0389336857194757,2.4,2026-07-31
350,52.30144131910624,58.00240673886883,-0.4492803028132375,48.14528894050862,56.45759369770386,07060,Plainfield,Union County,NJ,533396.0,0.0931034450163149,-0.3316124111446186,-0.3678539909942842,0.0467577713629069,0.0252473088657463,-0.2913266357170364,0.0606519609651492,-0.0425628924856977,2.5,2026-07-31
351,52.29726709448962,57.88206979542719,-0.4492803028132375,50.197641602277855,54.39689258670138,07513,Paterson,Passaic County,NJ,587806.0,0.0300270861308739,-0.2344800149979313,0.034861255411867,,0.2580470924959452,-0.361770325841829,0.2062203234414532,-0.0681859581153642,1.9,2026-07-31
352,52.28738706991929,57.76173285198556,-0.4492803028132375,53.53854273806529,51.0362314017733,11787,Smithtown,Suffolk County,NY,826083.0,0.0620233920993808,0.1058193491753947,0.1157033319841058,,-0.1364744610683701,0.0383620416387922,-0.1216170226814217,-0.0663618345316316,2.5,2026-07-31
353,52.28206681909217,57.64139590854393,-0.4492803028132375,54.67110130683016,49.893032331354185,08720,Allenwood,Monmouth County,NJ,1033186.0,0.125845008159095,0.3295258562962271,0.0487641696608012,,-0.3638543891813708,-0.0059304613724742,0.4943992266344956,-0.0633268198607639,2.7,2026-07-31
354,52.26124664282324,57.52105896510229,-0.4492803028132375,50.93401501903894,53.588478266607545,07856,Mount Arlington,Morris County,NJ,508574.0,0.0696005728520482,-0.3792645861771824,0.0060785848759898,0.0630225661298297,-0.1848487311440572,-0.011016794102044,-0.2096950546133129,0.1448697819522844,1.7,2026-07-31
355,52.16533800435437,57.400722021660656,-0.4492803028132375,59.76635643243866,44.56431957627007,10536,Katonah,Westchester County,NY,1153134.0,0.0540388283009644,0.4393623419540464,0.2600089087844974,,-0.3608457114857792,0.2816932946274915,0.0788000026500217,-0.0557520851696364,3.6,2026-07-31
356,52.14333028746772,57.28038507821901,-0.4492803028132375,53.88275713744335,50.40390343749208,07748,Middletown,Monmouth County,NJ,801122.0,0.0771817389071451,0.0751376196373829,0.0195409108207442,0.0486816961816264,-0.2339192466227484,0.032083626211431,-0.0007044374808273,0.0170169320844915,2.8,2026-07-31
357,52.14317111315695,57.16004813477738,-0.4492803028132375,46.08978499173691,58.196557234576986,11413,New York,Queens County,NY,737753.0,-0.0684216645634375,-0.0072666654355977,-0.0096914510062955,,-0.0604163042545675,-0.1779656604047043,0.0059863909683972,0.0909619269040756,1.8,2026-07-31
358,52.13761218502815,57.03971119133574,-0.4492803028132375,52.81104468396113,51.46417968609517,07701,Red Bank,Monmouth County,NJ,732744.0,0.0996502525036454,-0.0140797952524689,-0.2905606443345991,0.0537036512851641,-0.0125977734496836,0.0255117333907456,-0.0287007108880033,0.0122718377287596,3.1,2026-07-31
359,52.121426140231264,56.919374247894105,-0.4492803028132375,55.40025000014847,48.84260228031405,11767,Nesconset,Suffolk County,NY,789984.0,0.0665858741297182,0.0611361235849283,0.0872728387512324,,-0.2479468893712433,0.0239806651954507,0.04041296653158,-0.1128886558622121,2.6,2026-07-31
360,52.10444021248223,56.79903730445247,-0.4492803028132375,54.29201876788328,49.91686165708118,11780,Saint James,Suffolk County,NY,859233.0,0.0534027375445575,0.1451635875261736,0.1124378137036341,,-0.1073917856583588,0.0307554152594645,-0.0905558443889376,-0.0790751768289028,2.6,2026-07-31
361,52.09757943927363,56.678700361010826,-0.4492803028132375,49.6460944949915,54.54906438355576,11572,Oceanside,Nassau County,NY,802115.0,0.0130747153864415,0.0763761260565356,-0.0636241125444883,0.0519875406646481,-0.2049029253686509,-0.0072280976365585,-0.0033944674086647,-0.0035952962971525,2.2,2026-07-31
362,52.09484603486951,56.55836341756919,-0.4492803028132375,60.6336175763887,43.55607449335031,11050,Port Washington,Nassau County,NY,1342500.0,0.01723592441544,0.5914123692642885,0.0561867910035847,0.0378123004344797,0.2742566585830068,0.1966760313260203,-0.0897324531756904,0.0066185901143803,2.4,2026-07-31
363,52.08970753473565,56.438026474127554,-0.4492803028132375,55.23897058205398,48.94044448741733,11964,Shelter Island,Suffolk County,NY,1794059.0,0.1132952711262319,0.8813599120569222,-0.159724941978693,,0.7001607818887752,0.1179509464097827,0.2552282680326794,0.0213060326083687,2.9,2026-07-31
364,52.08170340311899,56.317689530685925,-0.4492803028132375,55.06719949458212,49.096207311655874,07675,River Vale,Bergen County,NJ,932968.0,0.0349291416235274,0.2274950989393129,0.0100211139447932,0.0429918114155976,-0.2615753656544399,0.1769649529496515,0.09679384192472,-0.1057870506002644,2.6,2026-07-31
365,52.08037159081863,56.19735258724429,-0.4492803028132375,48.25699248746727,55.90375069416999,07065,Rahway,Union County,NJ,543145.0,0.0507862334112307,-0.3134991898677253,-0.0785250824505645,0.0550197288593787,-0.1081549773649677,-0.1492391885265579,-0.0840376358173689,0.0346525651710812,2.3,2026-07-31
366,52.04032791864161,56.07701564380265,-0.4492803028132375,46.32838707940213,57.7522687578811,07628,Dumont,Bergen County,NJ,683641.0,0.071547163088557,-0.0834434350148445,-0.3988617731294113,0.0504650916890502,-0.1990318109133568,0.0121786998006512,-0.0016987644092996,-0.0012219492489557,2.2,2026-07-31
367,51.98030764862065,55.95667870036101,-0.4492803028132375,52.72614768353482,51.23446761370649,10578,Purdys,Westchester County,NY,684380.0,0.0025528385591403,-0.0823622573381364,-0.2870613408619835,,-0.8825703107779621,0.2027542074371955,0.5800640528581198,0.6107879285298525,2.6,2026-07-31
368,51.9740552949966,55.836341756919374,-0.4492803028132375,44.95185224061393,58.99625834937926,10927,Haverstraw,Rockland County,NY,460822.0,0.0742117113551565,-0.4778635967087776,-0.3474052353082371,0.0851072736498802,-0.0763190371489479,-0.2424916622017103,-0.0576357943830956,-0.011302962952113,2.5,2026-07-31
369,51.96495079138646,55.71600481347774,-0.4492803028132375,50.79289327960164,53.137008303171285,11714,Bethpage,Nassau County,NY,795556.0,0.030357756914713,0.0681654797134232,-0.0977285793333564,,0.0004982942541722,-0.0920050719758645,-0.1792935981134444,-0.0588098697034007,2.3,2026-07-31
370,51.927630968957445,55.5956678700361,-0.4492803028132375,47.85289151344651,56.00237042446838,11426,New York,Queens County,NY,800767.0,-0.071594919920615,0.0746936547286711,-0.0233265182451098,,0.1560601166768129,-0.0404182544903988,-0.1862843392034019,-0.0024452362041064,1.4,2026-07-31
371,51.90735090540428,55.47533092659447,-0.4492803028132375,54.360876931473,49.45382487933556,07726,Manalapan Township,Monmouth County,NJ,797655.0,0.0425773356752653,0.0707997476993771,0.1418200559006734,0.0376634399353523,-0.213210968215104,0.0713149384961436,0.0018132511962836,0.025861937201791,2.4,2026-07-31
372,51.86805060732197,55.35499398315282,-0.4492803028132375,51.426443270023725,52.30965794462021,10530,Hartsdale,Westchester County,NY,752522.0,0.1000767040854263,0.0125546192235734,-0.1902944460255202,,-0.0679282724092538,0.1626510152081633,-0.123680079970331,0.0781620074176248,2.9,2026-07-31
373,51.85706828764396,55.23465703971119,-0.4492803028132375,49.86595167823049,53.84818489705743,07110,Nutley,Essex County,NJ,662012.0,0.0440430546302351,-0.1155931794947786,-0.0871022794372979,0.0417930266220102,-0.1788736980359691,0.0345868995225059,-0.0468768237818899,0.0405741920191807,2.1,2026-07-31
374,51.8568752381888,55.11432009626955,-0.4492803028132375,45.42014559661352,58.29360487976408,10306,New York,Richmond County,NY,759750.0,-0.0508486253571188,0.0221134493047046,0.1057249500858343,0.0409424863607009,0.1700417335871911,-0.1473160622317799,-0.050255302254893,-0.0480375233012677,1.4,2026-07-31
375,51.82172080377761,54.99398315282792,-0.4492803028132375,42.000513363599005,61.642928243956206,11367,New York,Queens County,NY,513255.0,-0.333574532634692,-0.3701036507280371,-0.2394962531422955,0.0586264008261128,0.0328520973930615,-0.0323032963369663,-0.0646491500849943,-0.0578201722462272,1.0,2026-07-31
376,51.7842179240781,54.87364620938629,-0.4492803028132375,53.24852256955276,50.31991327860344,10962,Orangeburg,Rockland County,NY,768492.0,0.024669959408888,0.033553526809074,-0.0621996914090114,,-0.2457745670192601,0.1061380610013916,0.0431177332168761,-0.0920505918996592,2.8,2026-07-31
377,51.783529857252034,54.75330926594465,-0.4492803028132375,53.083273599289946,50.48378611521412,07077,Sewaren,Middlesex County,NJ,542418.0,0.1053219467870118,-0.314839377857993,-0.1091418009172819,,-0.2844532176211942,-0.1670860500275974,0.1183105942266244,0.1400100057882121,2.7,2026-07-31
378,51.73606330029029,54.632972322503,-0.4492803028132375,53.63163791476152,49.84048868581906,07081,Springfield,Union County,NJ,718316.0,0.0662983143598769,-0.0339669504864126,-0.2866301401443145,0.045564654889018,-0.3619633476042569,0.1669778705271931,0.1004703695160795,-0.0068644982932661,2.3,2026-07-31
379,51.72716956429517,54.51263537906137,-0.4492803028132375,54.39678968635594,49.05754944223441,08807,Bridgewater Township,Somerset County,NJ,745235.0,0.012117713047186,0.0028239577897384,0.1056728159629294,0.0486978113864466,-0.4040174563375551,0.1176905759592102,0.0144511098802375,0.0390983993384941,2.4,2026-07-31
380,51.69825517847759,54.392298435619736,-0.4492803028132375,54.20817123449583,49.18833912245935,11803,Plainview,Nassau County,NY,991049.0,0.070308164921839,0.287887663685229,0.0664912951511027,0.0614500466737247,-0.2247089811900668,0.1770036666626532,0.0090493118013412,0.0135093998354849,2.2,2026-07-31
381,51.68899390418463,54.2719614921781,-0.4492803028132375,56.16284911372345,47.2151386946458,08889,Whitehouse Station,Hunterdon County,NJ,724420.0,0.0257729409180637,-0.0255046186041685,0.1715433749972135,0.0478727694377834,-0.3654557497755093,0.113905690597874,-0.0252298499397056,-0.0110905488826575,2.2,2026-07-31
382,51.68435695003466,54.151624548736464,-0.4492803028132375,49.45467207772258,53.914041822346746,11580,Valley Stream,Nassau County,NY,762062.0,0.0099288711743138,0.0251517562095813,-0.0477079858732985,,-0.1765023150990672,-0.0990039098886106,-0.0139693013200492,-0.0516428153313019,2.1,2026-07-31
383,51.67632735615954,54.03128760529483,-0.4492803028132375,52.30235387540876,51.05030083691032,11777,Port Jefferson,Suffolk County,NY,800022.0,-0.011371997265607,0.0737626476824253,0.1366266451804598,0.0516207669776622,-0.2189767941315896,0.1892487376604554,0.0362792432127605,0.0719681799561587,2.5,2026-07-31
384,51.65397400873433,53.91095066185319,-0.4492803028132375,45.01201215339956,58.2959358640691,07062,Plainfield,Union County,NJ,502841.0,0.1006015661038993,-0.3906013480835906,-0.4912152966750192,0.052591133301535,-0.2578160200342101,-0.1670036694694091,0.114664444219553,0.0652023825672503,2.2,2026-07-31
385,51.63495234705791,53.79061371841155,-0.4492803028132375,53.03491176593971,50.23499292817611,11732,East Norwich,Nassau County,NY,1035962.0,0.0186986509851102,0.3322098512859526,-0.3216019571183288,,0.0497553366769405,0.1679039534124453,-0.0068335938171539,-0.1678472718795631,2.6,2026-07-31
386,51.62495381615948,53.67027677496991,-0.4492803028132375,56.59061108039042,46.65929655192853,08884,Spotswood,Middlesex County,NJ,577031.0,0.1044679196679347,-0.2529801320085418,-0.0003682043901545,,-0.1828414874849209,-0.1216387379963375,0.036980799477055,-0.0127443759138754,2.2,2026-07-31
387,51.61342451045611,53.549939831528285,-0.4492803028132375,55.99519071965268,47.23165830125956,07023,Fanwood,Union County,NJ,818392.0,0.0713927807791513,0.0964654556364266,0.0078292115341724,,-0.457986385969549,0.2395159786613274,0.0479523169602451,0.0917764388740141,2.6,2026-07-31
388,51.60255644784608,53.42960288808665,-0.4492803028132375,50.66170435868502,52.54340853700713,07410,Fair Lawn,Bergen County,NJ,739458.0,0.0636571616258482,-0.0049587510728592,0.0789926261267215,0.0549366360770151,-0.2574933738536231,0.1425141858711346,-0.0708709295975555,0.0298737137968124,2.4,2026-07-31
389,51.57416250815805,53.309265944645,-0.4492803028132375,52.71024154742814,50.43808346888797,08822,Flemington,Hunterdon County,NJ,652525.0,0.0382624008642821,-0.1300273631717559,0.0094209537814009,0.0479414879701007,-0.3344867708163808,0.1133753822988633,-0.0588963258170451,0.036780238089577,2.3,2026-07-31
390,51.55443843804164,53.18892900120337,-0.4492803028132375,48.304835668034265,54.80404120804903,07031,North Arlington,Bergen County,NJ,636180.0,0.0223963522952942,-0.1553940032149565,0.031411457702422,0.0454116464649512,0.0204320639622401,-0.1077987109340796,-0.1228264260040905,0.0053875732009205,2.2,2026-07-31
391,51.550709326846416,53.06859205776173,-0.4492803028132375,51.654688325807626,51.446730327885206,11590,Westbury,Nassau County,NY,817429.0,0.037937937496045,0.095288463762321,-0.2336521117192909,0.0518094484305424,-0.2136311211263504,-0.0917587292214677,0.126544652553834,0.0075397966167332,2.4,2026-07-31
392,51.53065582715078,52.9482551143201,-0.4492803028132375,47.54304248831778,55.51826916598379,10704,Yonkers,Westchester County,NY,682585.0,-0.0042777866981765,-0.0849894145367589,0.0751282270991549,0.0459379861198095,-0.0345593819135718,-0.1311618082206155,0.1197287779004234,-0.0412880434520592,2.6,2026-07-31
393,51.47429304947579,52.82791817087846,-0.4492803028132375,53.09123039720631,49.85735570174528,10968,Piermont,Rockland County,NY,839908.0,0.0224695518060759,0.1224164095483679,-0.047326650516517,,-0.133060468457786,0.1732414267841981,-0.0713411905009877,-0.0964080143797969,3.2,2026-07-31
394,51.45478165640827,52.707581227436826,-0.4492803028132375,54.34400901113884,48.565554301677714,08510,Millstone Township,Monmouth County,NJ,972849.0,0.0864158886703968,0.2693531103526734,0.3803089635476997,,-0.4297745707097118,0.083840025458323,0.1574932401393969,-0.0326264260996375,2.6,2026-07-31
395,51.45140326144747,52.58724428399518,-0.4492803028132375,47.622518918129785,55.28028760476514,07631,Englewood,Bergen County,NJ,629809.0,-0.0096168931731078,-0.165459529364579,-0.2076632157988012,0.0539060219046273,-0.0747579066613604,-0.0253554341712599,-0.0518687872404406,-0.059731659959995,2.1,2026-07-31
396,51.44707632800591,52.46690734055355,-0.4492803028132375,46.67230362019398,56.22184903581784,07206,Elizabeth,Union County,NJ,514173.0,0.1161580962233163,-0.3683169628297804,-0.1049729758405373,0.0492500804680097,0.1272747220351806,-0.3963632696526921,0.2396479273540919,0.0837711581288139,2.8,2026-07-31
397,51.41252428735703,52.34657039711191,-0.4492803028132375,61.89730453234129,40.92774404237278,11977,Westhampton,Suffolk County,NY,1422807.0,0.0816037642097974,0.6495109346899905,0.297482391819921,,0.3510075972311532,0.086102090054259,0.0245556019881245,-0.0927436889525831,2.5,2026-07-31
398,51.40377855894232,52.22623345367028,-0.4492803028132375,50.00962798433094,52.79792913355369,10573,Port Chester,Westchester County,NY,907577.0,0.0515131484130989,0.1999019280447402,-0.5462786256143666,0.0443139754941675,0.2606863586864143,-0.0267112567942376,-0.0477891961963976,0.0827511098144085,3.0,2026-07-31
399,51.40115834007955,52.105896510228646,-0.4492803028132375,35.47854855998971,67.32376812016938,10463,New York,Bronx County,NY,367932.0,-0.4603647406545988,-0.7029777110575957,-0.3934051543802734,0.0970449864060458,-0.2988622334100406,-0.0498713020251805,0.0185023067243523,-0.0015598706997487,1.7,2026-07-31
400,51.36252233198318,51.985559566787,-0.4492803028132375,56.39865425365653,46.32639041030983,07746,Marlboro,Monmouth County,NJ,906110.0,0.0309214125645031,0.1982841307777789,0.124108687913921,,-0.4165007732859405,0.1991716403512178,0.0633677976103914,-0.015439381104439,2.7,2026-07-31
401,51.33456138276421,51.86522262334536,-0.4492803028132375,56.905747293959806,45.7633754715686,11768,Northport,Suffolk County,NY,990562.0,0.0171547974739802,0.2873958287139615,0.0921865511366082,0.0377563608269369,-0.142150258131106,0.14262040742417,0.0029332134026507,-0.0352794470222776,2.9,2026-07-31
402,51.30815727244666,51.74488567990373,-0.4492803028132375,46.51375016947597,56.102564375417344,10464,New York,Bronx County,NY,678572.0,-0.1416746644107519,-0.0908859548737535,0.0396531913495632,,-0.0055709351141779,-0.0234379041776863,-0.1633978109426994,0.0137385495966857,1.7,2026-07-31
403,51.24471841460134,51.624548736462096,-0.4492803028132375,42.823989688882754,59.66544714031991,10305,New York,Richmond County,NY,734164.0,-0.0440119680654383,-0.0121437466680465,-0.0770206433732436,0.0448662691730659,0.2853089452292046,-0.1827726205085678,-0.186178463925156,0.0301893985602908,1.5,2026-07-31
404,51.24413323131223,51.50421179302046,-0.4492803028132375,50.757277117821545,51.73098934480292,10976,Sparkill,Rockland County,NY,771802.0,0.0586426265625505,0.0378516419932122,-0.2533088302008313,,0.3060061708426953,-0.0049490000856693,0.1298407994981509,-0.1605569407300603,2.8,2026-07-31
405,51.21632679966213,51.38387484957882,-0.4492803028132375,52.16941048185294,50.263243117471305,08527,Jackson,Ocean County,NJ,638049.0,0.0904419375732231,-0.1524616202438178,0.0061595527955962,0.0641424417536809,-0.1803627253440034,-0.1040089476893063,-0.0354734632702964,-0.0354475803157432,2.0,2026-07-31
406,51.127262744499774,51.26353790613718,-0.4492803028132375,50.61751596527916,51.63700952372038,08876,Somerville,Somerset County,NJ,613196.0,0.0224630827582345,-0.1921914777702653,-0.1043325125696057,0.0511552835775162,-0.2821754343087328,0.0799060806795958,-0.022662572162865,0.0712159409603024,2.2,2026-07-31
407,51.1264890673056,51.143200962695545,-0.4492803028132375,49.03330516690338,53.21967296770782,07524,Paterson,Passaic County,NJ,535481.0,0.0301081064699108,-0.3277104115882938,-0.0821566038789356,,0.4996263200958342,-0.401998473560734,0.0044683239454634,-0.007832254079959,2.3,2026-07-31
408,51.12252829773094,51.02286401925391,-0.4492803028132375,56.03473958175925,46.21031701370262,10527,Granite Springs,Westchester County,NY,939650.0,0.0648198781746497,0.2346316526012355,0.2572328674322985,,-0.5655764008385902,0.1739708605415083,0.0762999264545083,-0.894558503949727,3.3,2026-07-31
409,51.120601871617744,50.90252707581227,-0.4492803028132375,54.8931832948116,47.34802044842389,07440,Pequannock,Morris County,NJ,695211.0,0.0830413806944857,-0.0666605597129876,0.0102256454203022,,-0.3371143765311359,0.0405959734593041,-0.1430154732008723,-0.0430421486892586,2.9,2026-07-31
410,51.11127853860286,50.78219013237064,-0.4492803028132375,59.19211822637656,43.03043885082917,07046,Mountain Lakes,Morris County,NJ,1231359.0,0.0738434001102938,0.504997186916313,0.5849424552191156,,-0.2952108665235127,0.3683829975100028,-0.199001937995229,0.0212155488674981,2.7,2026-07-31
411,51.09974978191022,50.661853188928994,-0.4492803028132375,45.94998681432843,56.249512749492006,08879,South Amboy,Middlesex County,NJ,532176.0,0.0392076096061465,-0.3339012234126493,-0.1121482645512301,0.0613573878163921,-0.1429401253405917,-0.2020645743411424,0.0226934652927877,0.0146154350198755,2.2,2026-07-31
412,51.09605901713402,50.54151624548736,-0.4492803028132375,50.97524902238404,51.21686901188399,11721,Centerport,Suffolk County,NY,922785.0,0.0095695248287789,0.216520444177771,-0.0939928859830718,,-0.3463346370335778,0.2231511471897356,0.0972677031047766,-0.0418768737467584,2.8,2026-07-31
413,51.07172752970944,50.42117930204573,-0.4492803028132375,45.28505765074544,56.85839740867345,11429,New York,Queens County,NY,754509.0,-0.0296434480323398,0.0151910720639687,-0.0716652353202853,,0.10288467598908,-0.2034591141192491,-0.0783630604093339,0.076484796688103,1.8,2026-07-31
414,51.05002000784158,50.30084235860409,-0.4492803028132375,58.24429217267397,43.85574784300918,07930,Chester,Morris County,NJ,940521.0,0.0332063021632492,0.2355575424947034,0.0920184092118532,,-0.5277916369939792,0.2219009530800733,0.2530638548150552,-0.1386754146513282,2.5,2026-07-31
415,51.037454743197074,50.18050541516246,-0.4492803028132375,44.14961370710175,57.925295779292405,07032,Kearny,Hudson County,NJ,585154.0,-0.0030417512143166,-0.2390007359101389,0.0767802584782533,0.0444524398331996,0.1108608064990608,-0.1845743649661939,-0.1176422282568925,0.0399881802285729,2.2,2026-07-31
416,51.00385159242,50.06016847172082,-0.4492803028132375,49.88888634808235,52.118816836757645,11561,Long Beach,Nassau County,NY,826851.0,-0.0300871382248178,0.1067484805576519,-0.2475983019655441,0.0535062052825079,-0.1252056175783142,0.0775790361271925,0.1244835904380572,0.0232408324050815,1.9,2026-07-31
417,50.9946067919381,49.93983152827919,-0.4492803028132375,40.02665699617211,61.9625565877041,07601,Hackensack,Bergen County,NJ,472186.0,-0.0196172431831321,-0.4535023807090415,-0.3792022344097443,0.0691219809186575,-0.1663545089634681,-0.0692862438695535,-0.0468573511321146,0.0130071064974919,2.1,2026-07-31
418,50.99395983606843,49.81949458483754,-0.4492803028132375,34.94034221214765,67.0475774599892,10452,New York,Bronx County,NY,297575.0,-0.3396975613194911,-0.915208851651439,-0.5916925747478885,0.1030461827807118,0.0854761119165548,-0.3266225073013453,0.1023210374725991,0.0317320860004975,0.3,2026-07-31
419,50.97439730397231,49.69915764139591,-0.4492803028132375,54.176826947625365,47.77196766031926,10516,Cold Spring,Putnam County,NY,745555.0,0.0273222795807356,0.0032526743133445,0.2688257240679892,,-0.2187387366666364,0.138984955406075,0.0376363724548127,0.0272029504814333,2.6,2026-07-31
420,50.97380533468812,49.57882069795427,-0.4492803028132375,52.01805775668296,49.92955291269328,11939,East Marion,Suffolk County,NY,1204830.0,0.0442011958953191,0.4832172446320069,-0.1668712420496518,,0.574611310467964,0.0197794878007132,0.0240774664446501,-0.0371555806369163,2.0,2026-07-31
421,50.967964619007255,49.45848375451264,-0.4492803028132375,54.44916323338628,47.48676600462823,11718,Brightwaters,Suffolk County,NY,852003.0,0.0261025486081333,0.1367144116390619,0.193469590176921,,-0.5265237867356067,0.1357976772668985,0.3018177934271691,-0.0746923652639146,3.2,2026-07-31
422,50.96262525317418,49.338146811071,-0.4492803028132375,52.354143755333695,49.57110675101468,11798,Wheatly Heights,Suffolk County,NY,572094.0,0.0002566969879897,-0.2615734237439024,-0.2189932679897328,,,,,,1.3,2026-07-31
423,50.947703758737504,49.21780986762936,-0.4492803028132375,56.875900395351856,45.01950712212314,07960,Morristown,Morris County,NJ,917503.0,0.0554493150402834,0.2107791280789275,-0.1288596965506343,0.0385975932031172,-0.1452231469398175,0.1878510675590268,0.0118248320206184,-0.0533265732985445,2.5,2026-07-31
424,50.93356891198041,49.09747292418773,-0.4492803028132375,61.86165947022355,40.00547835373727,07750,Monmouth Beach,Monmouth County,NJ,1164499.0,0.1122966622503764,0.4491699608666231,0.1242615497417798,0.0330399621601865,0.1585389826180285,0.1848507328916336,-0.1312839147555848,-0.0618376163092963,2.6,2026-07-31
425,50.8888251583832,48.97713598074609,-0.4492803028132375,44.281005724534126,57.49664459223228,08901,New Brunswick,Middlesex County,NJ,449510.0,-0.0012250875952869,-0.5027191138171645,-0.2538544585091511,0.0730009322619128,0.0317659481292273,-0.255508041845169,0.1763399749918921,-0.0334364695976849,1.7,2026-07-31
426,50.88848925065287,48.856799037304455,-0.4492803028132375,54.18248522487755,47.594493276428175,07645,Montvale,Bergen County,NJ,947320.0,0.0394843261933765,0.2427609200612472,0.0007570539784023,,-0.2192758610035874,0.059312648741999,-0.0363367845322049,0.0622098188002111,2.6,2026-07-31
427,50.88783331684083,48.73646209386281,-0.4492803028132375,52.050972667155385,49.72469396652628,11739,Great River,Suffolk County,NY,1074948.0,0.1938938439540351,0.3691512279064763,0.3316204737229,,-0.0112007191100087,0.1284856503702576,-0.1662572398018795,0.3562947969996338,3.7,2026-07-31
428,50.84926040074642,48.61612515042118,-0.4492803028132375,43.53649556653952,58.16202523495332,10701,Yonkers,Westchester County,NY,633364.0,-0.0246105219281066,-0.1598311319586081,-0.2939926822263494,0.0530368218007392,0.3904905680719988,-0.1776707537209024,0.0784930627205913,0.0498012753178278,2.6,2026-07-31
429,50.84148990297466,48.49578820697955,-0.4492803028132375,49.10498896253092,52.5779908434184,07003,Bloomfield,Essex County,NJ,613939.0,0.0258459241090566,-0.190980833694093,-0.1280947979441826,0.0468412679578551,-0.1108692223903535,-0.0002177607638136,0.0528144106721519,0.0746619686926968,2.4,2026-07-31
430,50.83382408768246,48.375451263537904,-0.4492803028132375,59.177115355123846,42.49053282024106,07039,Livingston,Essex County,NJ,1113222.0,0.0905002254806643,0.4041376495362865,0.08019154239512,0.0471587339661316,-0.3118409607836725,0.2440020115579013,0.0902794772334178,-0.0228068773775278,2.7,2026-07-31
431,50.825736242915,48.25511432009627,-0.4492803028132375,48.71348608871428,52.93798639711571,07001,Avenel,Middlesex County,NJ,531269.0,0.0600169129861928,-0.3356083438617592,-0.069645384031201,0.0581626625711434,-0.2360837537344082,-0.1721688117293159,0.1442102917901202,0.046787312102696,2.1,2026-07-31
432,50.78165167128367,48.13477737665463,-0.4492803028132375,42.0300185246928,59.53328481787455,07660,Ridgefield Park,Bergen County,NJ,607349.0,-0.0100670667823919,-0.2017728252899235,-0.1638081752414422,0.0429736537377038,-0.0928404933850537,-0.1459806007444654,-0.0838843500678834,0.0296981568856245,2.5,2026-07-31
433,50.77902621465894,48.014440433213,-0.4492803028132375,50.22142956090382,51.33662286841406,08751,Seaside Heights,Ocean County,NJ,742711.0,0.2290981886928914,-0.0005690900004271,0.0911339858309325,0.0380363253018724,0.3710810309962216,-0.099722720306591,-0.2465616699355806,-0.0493694450796142,2.7,2026-07-31
434,50.75351718935276,47.89410348977136,-0.4492803028132375,55.79159377155853,45.715440607147,10570,Pleasantville,Westchester County,NY,1041395.0,0.0169557485479149,0.337440378123464,0.0068535993026692,0.0386020622813853,-0.1553304942492925,0.2435731674020153,-0.007380156687315,-0.0016487696263831,2.7,2026-07-31
435,50.75318561092972,47.773766546329725,-0.4492803028132375,52.90406478259746,48.60230643926198,10923,Garnerville,Rockland County,NY,628625.0,0.1049789283517611,-0.1673417798228911,-0.0066540304884874,,-0.0559341376132931,-0.0936530302810954,0.0309302442439758,-0.1060459595005329,2.9,2026-07-31
436,50.75067870063892,47.65342960288809,-0.4492803028132375,45.444793930039474,56.05656347123835,11411,New York,Queens County,NY,720992.0,-0.1286291601953642,-0.0302478028955395,-0.0569499281012468,,-0.0665216314642525,-0.1377564599499681,-0.0607330162212189,0.024291256626473,1.6,2026-07-31
437,50.72151412871085,47.53309265944645,-0.4492803028132375,52.31447244744041,49.12855580998128,07068,Roseland,Essex County,NJ,830914.0,0.072325770773482,0.1116503267921071,-0.093398683962885,,-0.2697480272504802,0.2276145034776271,0.0116100902603317,-0.0330536347032432,2.5,2026-07-31
438,50.71394298588911,47.41275571600481,-0.4492803028132375,48.187840621538506,53.2400453502397,11581,Valley Stream,Nassau County,NY,834523.0,-0.0051965940661876,0.1159843510204208,-0.0584448479326109,0.0424553804378446,-0.1202253425213488,0.0131310358015103,-0.0376015324754508,-0.0144959105994126,2.0,2026-07-31
439,50.69689713620241,47.29241877256317,-0.4492803028132375,50.59090267151865,50.80289160088618,10960,Nyack,Rockland County,NY,788289.0,0.0026229925656128,0.0589879678991138,0.0210668858285192,0.0443524156503757,-0.0543610677481158,0.1558253916165574,0.132020922213961,-0.0285712758879694,2.7,2026-07-31
440,50.69000175758589,47.172081829121545,-0.4492803028132375,54.0116339312824,47.368369583889375,07751,Morganville,Monmouth County,NJ,890047.0,0.0591055765881844,0.1803981457780601,0.1273128228067932,0.045672116743407,-0.2979739768546807,0.1624226072603406,-0.0661954642671176,0.1213700215073816,2.6,2026-07-31
441,50.66162033853978,47.0517448856799,-0.4492803028132375,53.12846641926716,48.194774257812384,07702,Shrewsbury,Monmouth County,NJ,1005838.0,0.1224493632268085,0.3027004666876838,-0.0581451400899801,,-0.1631938103356056,0.1678651422936904,0.13186806939472,0.0378807127309531,3.1,2026-07-31
442,50.64242795314907,46.931407942238266,-0.4492803028132375,49.66871950838445,51.61613639791368,11717,Brentwood,Suffolk County,NY,628519.0,0.0210225315239526,-0.1675093949808364,-0.0983073074240827,,,,,,2.6,2026-07-31
443,50.5642558172672,46.81107099879663,-0.4492803028132375,53.26451844249287,47.86399319204151,07974,New Providence,Union County,NJ,1022120.0,0.0965889520553688,0.3187577248299931,-0.0219780371731381,0.0327698072853383,-0.1126641007027331,0.2253054407717488,-0.1197043530201806,0.1987484835231099,2.9,2026-07-31
444,50.49328657270932,46.690734055354994,-0.4492803028132375,39.45559444984556,61.53097869557307,11373,New York,Queens County,NY,527239.0,-0.3876692827492537,-0.3432229169675604,-0.1705911110244731,0.064251739706191,0.1086162571556321,-0.1982629805686293,0.038490677489376,0.002612933275586,0.9,2026-07-31
445,50.48868017527212,46.57039711191336,-0.4492803028132375,57.92260381754584,43.0547565329984,07733,Holmdel Township,Monmouth County,NJ,1120866.0,0.0920832733704649,0.4109808639930445,0.4632374272188109,0.0413965556189463,0.0151485166352933,0.1819631524088024,-0.1179829029531376,0.0124715583323189,2.8,2026-07-31
446,50.47707929622278,46.45006016847172,-0.4492803028132375,38.02459977682711,62.929558815618456,11374,New York,Queens County,NY,436259.0,-0.6416895334429796,-0.5326398514627382,-0.3147325996741337,0.0856630068901699,-0.3181793049281289,-0.0009837328292628,0.0739818771493077,-0.025804409230442,1.2,2026-07-31
447,50.47577421280141,46.32972322503009,-0.4492803028132375,53.27592450432245,47.675623921280376,11746,South Huntington,Suffolk County,NY,798482.0,0.0776482817912768,0.0718361602147918,-0.107097456729079,0.0499280753675154,-0.3103584327050452,-0.0095306321133144,0.1138590821585801,-0.0593558273359506,2.4,2026-07-31
448,50.47012594156203,46.20938628158845,-0.4492803028132375,47.36344787543469,53.57680400768937,11694,New York,Queens County,NY,896139.0,-0.0471025703407473,0.1872198166655412,0.2151505063719092,0.0337166283467717,0.1988473855785197,-0.0139577407422891,0.0418690784001007,-0.0660281202046825,2.3,2026-07-31
449,50.40788697045389,46.08904933814681,-0.4492803028132375,54.47400011844642,46.34177382246136,08501,Allentown,Monmouth County,NJ,737356.0,0.0272127201871462,-0.0078057662821979,0.1573925556852184,,-0.2714013225886404,0.0865150486038128,-0.0148975254643932,0.0125917689785038,2.2,2026-07-31
450,50.39997789767399,45.96871239470517,-0.4492803028132375,51.94744365979356,48.85251213555441,11770,Mastic Beach,Suffolk County,NY,1422535.0,0.1424747917195862,0.6493199026642138,0.6312293215727589,,0.5537608774161746,-0.3478061429428122,,0.0004126091163281,1.8,2026-07-31
451,50.340994177600926,45.84837545126354,-0.4492803028132375,51.3044610725842,49.37752728261765,10590,South Salem,Westchester County,NY,944392.0,0.0652853401242147,0.2396656573737967,-0.2598965532861559,0.0606739260168162,-0.3944082480862516,0.223312237295189,0.0899815557808594,-0.1109670964496671,4.0,2026-07-31
452,50.339252892273805,45.7280385078219,-0.4492803028132375,46.63920985551744,54.03929592903018,07073,East Rutherford,Bergen County,NJ,656825.0,-0.0252613127693162,-0.1234587214637361,-0.0348783736844211,0.0555336811956903,0.0129020954026823,-0.0235174952455403,-0.0394545448250642,0.0184092188221341,2.5,2026-07-31
453,50.32749580785497,45.60770156438026,-0.4492803028132375,49.42088863206846,51.234102983641485,07927,Cedar Knolls,Morris County,NJ,759176.0,0.037683998583827,0.0213569966169639,-0.1066507336019171,0.0551809047953012,-0.3955347533638307,0.0584452061915831,0.073955693038032,-0.0160947880811723,2.2,2026-07-31
454,50.31663111640471,45.48736462093863,-0.4492803028132375,52.85895397017515,47.77430826263427,10520,Croton-on-Hudson,Westchester County,NY,883853.0,-0.0430859488434048,0.1734145939781619,0.3453900371880944,,-0.0667105643166465,0.1432848916264831,0.0288612630896292,0.0056152132056832,3.7,2026-07-31
455,50.25390192605588,45.36702767749699,-0.4492803028132375,51.97913840225571,48.52866544985605,08840,Metuchen,Middlesex County,NJ,695321.0,0.099050543226124,-0.0665024752510561,0.1753088996202887,0.047239567136695,-0.333192116678201,0.131250789224091,-0.0848328814406347,0.0027675003676573,2.6,2026-07-31
456,50.250674784274565,45.24669073405536,-0.4492803028132375,49.57956923063183,50.92178033791731,11565,Malverne,Nassau County,NY,824506.0,0.0137054366466923,0.1039083646692926,0.0200985686133705,,-0.1723780709662368,0.0671910070920206,-0.0880219790622636,0.0146425399894812,2.2,2026-07-31
457,50.2482600306497,45.12635379061371,-0.4492803028132375,52.93986127493995,47.55665878635946,10956,New City,Rockland County,NY,826346.0,0.0560316436410758,0.1061373929344551,0.2235789947816826,,-0.354119593656278,0.0855916287104224,-0.0119014185012673,-0.1072704783672812,2.7,2026-07-31
458,50.20796574970379,45.00601684717208,-0.4492803028132375,48.19684941618089,52.21908208322669,07075,Wood Ridge,Bergen County,NJ,712668.0,0.0273336262191414,-0.0418600361746861,0.0655860843655578,0.0470603194641246,-0.2340518599987888,0.0457209100228465,-0.0238836283782983,0.1357823680550932,1.8,2026-07-31
459,50.13871860362072,44.88567990373045,-0.4492803028132375,58.29698503315074,41.98045217409069,07940,Madison,Morris County,NJ,1079886.0,0.0718395002536493,0.3737349292773881,0.0009677633245033,0.0387278392463035,-0.0566105134915908,0.2508807615915984,-0.0674281119007691,-0.0269337203576307,2.8,2026-07-31
460,50.11130639139381,44.765342960288805,-0.4492803028132375,57.32154528047111,42.90106750231652,07069,Watchung,Somerset County,NJ,1106303.0,0.0585739538221034,0.3979029787726844,0.4413675304756506,0.0275512205186987,-0.0266180448514454,0.1436212719818704,-0.1378763029483671,0.0176252015270555,2.6,2026-07-31
461,50.10697622295079,44.64500601684717,-0.4492803028132375,45.83429293848116,54.37965950742042,11563,Lynbrook,Nassau County,NY,769344.0,-0.0115178220839219,0.0346619128791285,-0.1389884965993371,0.0462818584366255,-0.1632369906671951,-0.0609081986792045,0.083329509183569,-0.0305886306645068,2.1,2026-07-31
462,50.097504685253696,44.52466907340554,-0.4492803028132375,43.92395542940992,56.27105394109747,10566,Peekskill,Westchester County,NY,526781.0,-0.0265783500479322,-0.3440908346484228,-0.1603497885571592,0.0726930466692732,-0.0766462396652525,-0.1128029194606931,0.1791888978609872,0.0782197535421363,2.7,2026-07-31
463,50.078377713557,44.4043321299639,-0.4492803028132375,45.326698456347145,54.83005697076685,11518,East Rockaway,Nassau County,NY,741300.0,-0.0419002022414019,-0.0024709885000717,-0.1627466448682781,,-0.0438324045916751,-0.0082567727600765,0.0269997644015873,-0.065286772989898,1.9,2026-07-31
464,50.05645703952106,44.28399518652226,-0.4492803028132375,54.57691651813435,45.53599756090778,07738,Lincroft,Monmouth County,NJ,1055659.0,0.0959357721373951,0.3510444421620633,0.0760137977780193,,-0.1694457084831591,0.1615660135631021,-0.0169774949335668,0.1037243764930367,2.4,2026-07-31
465,49.99326434339569,44.16365824308063,-1.4434541771985443,46.18855367377182,53.79797501301955,07504,Paterson,Passaic County,NJ,593508.0,0.0826254598871759,-0.2248262727143188,0.0242960823297639,,0.157063576445348,-0.3479455497667763,0.0099936320264735,-0.0731908839432137,2.8,2026-07-31
466,49.99132884720197,44.04332129963899,-1.4434541771985443,43.311247779612266,56.67140991479167,11558,Island Park,Nassau County,NY,762408.0,-0.0030612025850015,0.025605364685564,-0.2948958499966014,0.0593820451725197,0.0370437810464447,-0.1288949171822714,-0.089541961536554,0.0952221757319196,2.0,2026-07-31
467,49.92904880375895,43.92298435619736,-1.4434541771985443,51.09319766599012,48.76489994152777,08867,Pittstown,Hunterdon County,NJ,756814.0,-0.0036360341011004,0.0182419500395969,0.257712649329358,,-0.5814749466573741,0.1500269452047763,0.2586458130773152,-0.0831068357675863,2.3,2026-07-31
468,49.91893021506569,43.80264741275572,-1.4434541771985443,63.91991228994607,35.91794814018532,08750,Sea Girt,Monmouth County,NJ,2606252.0,0.2806700951679562,1.25479228112812,0.935162519418622,,1.076963852883069,0.218604277727698,-0.2145164049216035,0.0083195476670055,4.3,2026-07-31
469,49.895693164151936,43.68231046931408,-1.4434541771985443,54.26616422914553,45.52522209915835,07932,Florham Park,Morris County,NJ,1066318.0,0.1050937551007379,0.361090335574584,-0.0252216625090984,,0.0295595966336612,0.2068294255703072,-0.0247329955932116,0.1308176253935651,2.7,2026-07-31
470,49.87940435743418,43.561973525872446,-1.4434541771985443,55.18153473981631,44.57727397505207,11965,Shelter Island,Suffolk County,NY,2079927.0,0.1384234975380071,1.0292118305956937,0.1360232476407095,,,0.3469435518068825,,-0.2145605350988605,2.9,2026-07-31
471,49.8609215012647,43.4416365824308,-1.4434541771985443,51.21383424797155,48.50800875455785,07755,Oakhurst,Monmouth County,NJ,1092807.0,0.1918486622841765,0.3856289610387158,-0.0302733712972802,0.0398057375551261,0.2065268133238695,-0.0005614758452039,0.0298717541363018,-0.0720400318528484,3.5,2026-07-31
472,49.80894125681286,43.32129963898917,-1.4434541771985443,34.20208724770464,65.41579526592108,11372,New York,Queens County,NY,431391.0,-0.5777212199587499,-0.5438613718387142,-0.4852333463241649,0.0746237208731076,-0.1870525398238822,-0.1211392435197571,0.0279938023143682,-0.0243604042658504,0.7,2026-07-31
473,49.77190965475347,43.20096269554753,-1.4434541771985443,52.31587240704199,47.22794690246496,07764,West Long Branch,Monmouth County,NJ,1010883.0,0.1536244112131125,0.3077037851483037,-0.194233644854874,,0.290387829239102,-0.0403650750643686,-0.1846307757993379,0.0708205291287014,3.0,2026-07-31
474,49.766413402960445,43.080625752105895,-1.4434541771985443,56.2634602847539,43.269366521166994,07641,Haworth,Bergen County,NJ,1253595.0,0.1796850943626612,0.5228946250626123,0.2899300096518207,,-0.2229165985546679,0.2371170771595609,0.0515734248068024,-0.0250392497756821,3.1,2026-07-31
475,49.731326463838585,42.96028880866426,-1.4434541771985443,42.747546103706426,56.71510682397075,07072,Carlstadt,Bergen County,NJ,675578.0,-0.0524376765566213,-0.0953076801329171,-0.0256698110954118,0.047958938047524,-0.1228363796184635,-0.1825539566831717,0.0309086927741262,0.0121170234559129,2.0,2026-07-31
476,49.7312156630839,42.83995186522262,-1.4434541771985443,46.62231733809888,52.840113988068936,10532,Hawthorne,Westchester County,NY,818257.0,-0.0374855914556416,0.0963003631852181,-0.0369148374898848,,-0.1323155185021385,0.1167651382392505,0.0144224253173579,0.0095097838402804,2.6,2026-07-31
477,49.72004633387196,42.71961492178099,-1.4434541771985443,46.19111865618255,53.24897401156136,07203,Roselle,Union County,NJ,520148.0,0.0947070555215589,-0.3567619265439763,-0.1656284686646181,0.0607268934179827,-0.1655421353021318,-0.2195190071929899,0.128811489959677,0.0279699073471884,2.0,2026-07-31
478,49.71803030801397,42.59927797833935,-1.4434541771985443,57.54278358982207,41.89327702620588,07711,Allenhurst,Monmouth County,NJ,2551963.0,0.3538470047321528,1.2337419486670047,0.8069844585099908,0.0138716745105938,1.2328992890664316,0.2342724468478597,-0.379025938189951,0.0173396650878115,3.6,2026-07-31
479,49.69434328494353,42.47894103489772,-1.4434541771985443,49.607514761137374,49.78117180874968,11758,Massapequa,Nassau County,NY,833843.0,0.0097808829163955,0.1151692501527374,0.115122465611968,0.049469728999597,-0.2012405185801296,0.0231150363065972,0.0177477806403878,-0.0568400509651742,2.4,2026-07-31
480,49.6859964786081,42.35860409145607,-1.4434541771985443,51.044313223649326,48.32767973356688,10507,Bedford Hills,Westchester County,NY,838462.0,0.0742296986950158,0.1206926656197335,-0.2137616973409137,,0.1666005094248148,-0.0216018721267222,0.1977840892430116,-0.251189879083032,3.1,2026-07-31
481,49.66383824990977,42.23826714801445,-1.4434541771985443,45.82948729313372,53.49818920668582,10710,Yonkers,Westchester County,NY,773851.0,0.0050511601745299,0.0405029477030964,-0.1733972006908999,0.0409381218604399,0.071834960264616,-0.030572806885702,-0.0211857343861687,-0.0036589659763259,2.7,2026-07-31
482,49.64670507307003,42.11793020457281,-1.4434541771985443,65.14457939076166,34.1488307553784,11959,Quogue,Suffolk County,NY,2855534.0,-0.0054978146905973,1.3461379490447545,0.9961442660149782,,1.5839177977498078,-0.0457653266162816,0.0157669321525002,-0.1531936779029369,1.8,2026-07-31
483,49.58881955446983,41.997593261131165,-1.4434541771985443,47.2074024148181,51.97023669412156,07002,Bayonne,Hudson County,NJ,600003.0,0.0037417755560834,-0.2139418893030331,0.0264067008760431,0.0477090923312191,0.0778443200083749,-0.094310386873336,0.0402298265395444,0.0884482579646397,2.1,2026-07-31
484,49.52080479526943,41.87725631768953,-1.4434541771985443,48.97239329227992,50.069216298258944,10591,Tarrytown,Westchester County,NY,954014.0,-0.0581933474910357,0.2498018902548118,0.0737765735970867,0.0413055841421279,0.3172507970752469,0.0645040758590103,-0.1630699618451903,0.1020795169914168,2.8,2026-07-31
485,49.49178954847238,41.75691937424789,-1.4434541771985443,55.77523956426623,43.20833953267853,11791,Syosset,Nassau County,NY,1222600.0,0.0585733614799831,0.4978591955030023,-0.093331468491657,0.0515295080490142,-0.0939027094835076,0.2130382173787033,-0.0810945483263125,-0.0667123612484361,2.8,2026-07-31
486,49.47361016068999,41.63658243080626,-1.4434541771985443,59.90214851397295,39.04507180740701,07059,Warren Township,Somerset County,NJ,1158497.0,0.0985902027339364,0.4440021874991178,0.4919443247962061,0.0344670852562177,-0.193584108038155,0.1894104825323537,-0.008706036883284,0.0299155000169728,2.8,2026-07-31
487,49.442454834166654,41.51624548736462,-1.4434541771985443,47.33117955889315,51.55373010944015,11010,Franklin Square,Nassau County,NY,829265.0,0.0064298172687959,0.1096635935451413,-0.0337563950878827,0.0535413878990994,-0.1271646117926697,-0.0882455180181164,0.0161531779267729,0.0206883149489025,2.1,2026-07-31
488,49.43805172179887,41.395908543922985,-1.4434541771985443,42.293503688022334,56.582599755575416,07522,Paterson,Passaic County,NJ,496042.0,0.0866721685742128,-0.4042158853539348,-0.1562568962996344,0.0552574338235563,0.4446323642664314,-0.3840613995467399,0.0126769864310887,0.0679811669563704,2.6,2026-07-31
489,49.40016151813801,41.27557160048135,-1.4434541771985443,61.711147173766975,37.08917586250905,07717,Avon by the Sea,Monmouth County,NJ,1848031.0,-0.0001773870418443,0.9109997258957492,0.3131322555686484,,0.823044126310269,0.2348025527093616,0.047439534523276,-0.059325294956946,4.1,2026-07-31
490,49.37058004781736,41.15523465703971,-1.4434541771985443,54.36308143915337,44.37807865648136,11942,East Quogue,Suffolk County,NY,1189760.0,0.1389688449422252,0.4706309232994066,-0.0721579621331862,,0.6516828805780939,0.0047205820328923,-0.2154835890736315,0.057460389935452,2.6,2026-07-31
491,49.33989353138583,41.03489771359807,-1.4434541771985443,53.55986113572819,45.11992592704347,07054,Parsippany,Morris County,NJ,746635.0,0.0590718286765778,0.0047004338101697,-0.032130995343957,0.0451501309872157,0.0795108209246595,0.1235465119046846,-0.1823917310720908,0.0552894334524903,2.2,2026-07-31
492,49.31963329031306,40.91456077015644,-1.4434541771985443,44.25264673030569,54.38661985032044,11434,New York,Queens County,NY,721946.0,,-0.0289253542854925,-0.014166041315514,,0.3407898564677658,-0.2585908453150712,-0.0398860948735197,0.0104639829460604,2.0,2026-07-31
493,49.27281542186634,40.794223826714806,-1.4434541771985443,49.54590620033167,48.99972464340101,10594,Thornwood,Westchester County,NY,932689.0,0.0350168278199095,0.2271957829336397,-0.0797600264337763,,-0.148617190734986,-0.0185432744781323,-0.2411461095682323,0.0603380777629436,2.7,2026-07-31
494,49.26372038896221,40.67388688327316,-1.4434541771985443,40.73295479063605,57.79448598728838,07022,Fairview,Bergen County,NJ,669401.0,0.0502288446260411,-0.1044935662842743,-0.0664472410625229,0.0403271247989486,0.4640554926111295,-0.2579862695182436,-0.1337009186379631,-0.0207724130294228,2.3,2026-07-31
495,49.26005348624193,40.55354993983153,-1.4434541771985443,40.87952240429513,57.64058456818872,07057,Wallington,Bergen County,NJ,695631.0,0.0339950970674504,-0.0660567715996744,0.0751451357636483,0.0406824852004102,0.2024587365556402,-0.1050851482411079,-0.0103024579259578,-0.0534675287655425,2.7,2026-07-31
496,49.25863109402171,40.43321299638989,-1.4434541771985443,51.60079895450664,46.91646323353677,08836,Bridgewater Township,Somerset County,NJ,894957.0,0.0152586381236655,0.185899879077283,0.3581990380385758,,-0.5297305509165693,0.2472512167969286,0.0723585986347465,-0.0295778621298407,2.4,2026-07-31
497,49.21630879122164,40.312876052948255,-1.4434541771985443,44.07045830091759,54.36215928152569,11421,New York,Queens County,NY,743671.0,-0.1234626389098028,0.0007222119104444,0.1067474921662956,,0.2145871132554784,-0.2185588478696258,-0.0157183716243789,-0.0017647498670212,1.4,2026-07-31
498,49.2099214850021,40.19253910950662,-1.4434541771985443,40.41728280733084,58.00256016267336,07501,Paterson,Passaic County,NJ,485938.0,-0.0144608008077199,-0.4247954662325419,-0.1644300122246953,0.0424605887599747,0.5054767211307876,-0.4104204394144129,0.1431543331111822,0.0536483173890974,1.5,2026-07-31
499,49.16734845872444,40.07220216606498,-1.4434541771985443,50.78146628026704,47.55323063718184,08833,Lebanon Borough,Hunterdon County,NJ,752298.0,0.0111582316703632,0.0122561654312445,0.2779301922497303,,-0.4166175043972047,0.114906851266245,0.046085608034172,0.1088297550491826,2.5,2026-07-31
500,49.13992252010206,39.95186522262335,-1.4434541771985443,48.52925717613722,49.750587864066894,07712,Ocean,Monmouth County,NJ,766167.0,0.0609388387730675,0.0305234297467773,-0.4855735294246646,0.0476006139657734,0.1799083935746199,-0.0005459085738352,0.0946219704399045,-0.0056947294279987,2.5,2026-07-31
501,49.11707012870879,39.83152827918171,-1.4434541771985443,57.151647133572745,41.08249312384483,10533,Irvington,Westchester County,NY,1321738.0,0.044303300108336,0.5758269977956267,0.380347634514889,0.0343865296362045,0.1378101960347197,0.2677569227004458,-0.1399358583183865,-0.0283402319345175,3.0,2026-07-31
502,49.11437518929433,39.71119133574007,-1.4434541771985443,58.89981620498639,39.32893417360227,11978,Westhampton Beach,Suffolk County,NY,1655284.0,0.0576902381405325,0.8008517997274787,0.4358726105244699,,0.6923639511738162,0.0842014165452041,-0.0457362409927863,-0.0054749976411049,2.3,2026-07-31
503,49.056801104481146,39.59085439229844,-1.4434541771985443,65.92879933992556,32.18480286903673,08738,Mantoloking,Ocean County,NJ,2232332.0,0.1733981108550789,1.0999260189709403,0.9096316875121762,,0.2997179655311146,0.2164989988781953,0.6906840329106121,-0.091828329992978,2.9,2026-07-31
504,49.053891365511575,39.4705174488568,-1.4434541771985443,44.84822987422015,53.259552856803005,07643,Little Ferry,Bergen County,NJ,606421.0,0.0690518490830459,-0.2033024168411898,-0.1801053356951403,0.0516638136126591,0.0665183615271807,-0.1297094137055314,0.0291113835435208,0.043891993312885,2.4,2026-07-31
505,48.991325106509,39.35018050541516,-1.4434541771985443,52.36489763268928,45.61775258032871,08852,Monmouth Junction,Middlesex County,NJ,704460.0,0.0305065124601377,-0.053444168705635,0.0563620355223886,0.042225514441864,-0.2241066276824856,0.1836871255383196,-0.012665655375768,-0.0611192770786368,2.2,2026-07-31
506,48.982475517774205,39.22984356197352,-1.4434541771985443,58.40807055831328,39.556880477235126,11932,Bridgehampton,Suffolk County,NY,4746937.0,0.1018376145531782,1.8543786443294188,0.5761582812541022,,1.418467045957384,0.1596003345866881,0.2907097196931918,-0.314560168753849,2.0,2026-07-31
507,48.980145186722645,39.10950661853189,-1.4434541771985443,40.86263232265787,57.097658050787416,11375,New York,Queens County,NY,521504.0,-0.5216159714506109,-0.3541587747795827,-0.1143051353240007,0.0727272437882371,-0.2954349337417306,0.1270104912002467,-0.0079222626736328,-0.0227054816340818,1.2,2026-07-31
508,48.92633730080519,38.98916967509025,-1.4434541771985443,53.130292422302674,44.72238217930771,08853,Branchburg Township,Somerset County,NJ,886152.0,0.0574821775291955,0.176011851742448,0.3341227713540622,,-0.4996488666307777,0.2709261181735548,0.1155036364761716,0.1216739530816977,2.3,2026-07-31
509,48.89338669542026,38.86883273164862,-1.4434541771985443,52.517904558095786,45.26886883274474,07076,Scotch Plains,Union County,NJ,856113.0,0.0785723820590934,0.1415260791560744,0.0584167901252712,,-0.3502760540256304,0.1569265318566616,0.10187782787008,-0.0567513451200356,2.9,2026-07-31
510,48.85531909564942,38.748495788206974,-1.4434541771985443,38.74344987861234,58.9671883126865,07026,Garfield,Bergen County,NJ,592131.0,0.0004547212177467,-0.2271480887473647,-0.0790629552593102,0.0495403998328633,0.1158391898708852,-0.232641019919143,0.0060619887633155,-0.0718406777041662,2.1,2026-07-31
511,48.84924671879267,38.62815884476535,-1.4434541771985443,38.42463579386528,59.27385764372006,10456,New York,Bronx County,NY,461976.0,-0.2242496352356791,-0.4753633078297063,-0.1047952344751372,0.0648597942666651,0.6918606452405445,-0.344621276531006,-0.006389124208848,0.0031152953304316,1.2,2026-07-31
512,48.81723494671798,38.50782190132371,-1.4434541771985443,44.80270729502693,52.83176259840904,11427,New York,Queens County,NY,792989.0,-0.0390528414092635,0.0649328344078199,0.0167137470737568,,0.2977780734443438,-0.1195419504693323,-0.1170840214403075,0.0203506033091083,1.8,2026-07-31
513,48.8052413281399,38.38748495788207,-1.4434541771985443,49.58003309634751,48.030449559932286,07730,Hazlet Township,Monmouth County,NJ,635307.0,0.0700290270449976,-0.1567672259607668,0.003002715419603,0.0566119649771768,-0.2665244496175145,-0.1745045828613005,-0.023663449481841,0.1032782821802078,2.7,2026-07-31
514,48.803854076783225,38.26714801444043,-1.4434541771985443,57.49721028693428,40.110497866632166,08735,Lavallette,Ocean County,NJ,1222858.0,0.134711972523489,0.4980697767081565,0.5887809729355826,0.0196261554459244,0.8758589386273179,0.033288810008428,-0.2351925198200373,-0.0046985506586183,3.0,2026-07-31
515,48.76724924500972,38.1468110709988,-1.4434541771985443,47.66071479514712,49.87378369487232,08810,Dayton,Middlesex County,NJ,649071.0,0.0667989119916011,-0.1353335234498516,0.0382568244534411,0.0619346380275033,-0.4373122351074265,0.2144348947080614,-0.0676855191937786,-0.2118960898498271,2.2,2026-07-31
516,48.738120824167886,38.02647412755716,-1.4434541771985443,47.73461241253641,49.741629235799365,07070,Rutherford,Bergen County,NJ,767735.0,0.0040583347414781,0.0325679497810309,0.1674373235507786,0.0391685686062621,-0.2100891741671493,0.1148027268139201,0.1129350218311433,-0.044718997807896,2.7,2026-07-31
517,48.73123405013052,37.90613718411552,-1.4434541771985443,52.99709293283302,44.465375167428014,07648,Norwood,Bergen County,NJ,927081.0,0.0146838362216538,0.221164645889889,-0.1940829306460774,,-0.2411077064363411,0.1153446585893199,0.1466839567144262,-0.1326713055380454,2.6,2026-07-31
518,48.7248147139623,37.785800240673886,-1.4434541771985443,46.356247249118624,51.09338217880598,11747,Melville,Suffolk County,NY,901605.0,-0.0514197994951693,0.1933001637018598,0.1114102261947831,0.0532383995338307,-0.1577376463667044,0.1302712225370765,2.0660753657253395e-05,-0.0545696931135652,2.1,2026-07-31
519,48.70196516950245,37.66546329723225,-1.4434541771985443,53.719197697064246,43.684732641940656,07739,Little Silver,Monmouth County,NJ,1195269.0,0.1633513787101645,0.4752500122579715,0.1529496062722639,,-0.2876799122116698,0.3191017994142319,0.0634327944531349,0.001008061221728,3.8,2026-07-31
520,48.686567710181606,37.54512635379061,-1.4434541771985443,45.14140998090203,52.23172543946119,07036,Linden,Union County,NJ,544370.0,0.1048965465344999,-0.311247570698363,-0.0281842485012102,0.0546803162096846,-0.1104958513907867,-0.2583964169599247,0.0066707411245126,-0.0129410949331771,2.1,2026-07-31
521,48.62035645911371,37.42478941034898,-1.4434541771985443,54.37157972683653,42.86913319139089,07028,Glen Ridge,Essex County,NJ,1194061.0,0.0572701582994689,0.4742392360675058,0.6088442310237525,,-0.3153527075997744,0.3227483835679541,-0.0117560300639087,-0.0046873917062339,3.1,2026-07-31
522,48.60682945601117,37.30445246690734,-1.4434541771985443,48.27509904958488,48.93855986243745,07606,South Hackensack,Bergen County,NJ,722177.0,0.0376991437478903,-0.0286055021660427,0.1174845200847247,,0.2555803522957915,-0.2111394762761456,-0.077701765196771,0.1060733763581789,2.4,2026-07-31
523,48.56414054532166,37.18411552346571,-1.4434541771985443,61.69870083124592,35.42958025939742,11797,Woodbury,Nassau County,NY,1551974.0,0.1128767367462838,0.7364070341157714,0.3368153213444813,0.0271293128542526,0.1970016712859681,0.1716035721627421,-0.1776521698037694,-0.0560596390294063,2.7,2026-07-31
524,48.55375896910678,37.063778580024064,-1.4434541771985443,54.488211972816046,42.61930596539752,07401,Allendale,Bergen County,NJ,1130097.0,0.0697738048107567,0.4191829868409975,0.0187205087777577,,0.0642540482539881,0.2341943992095325,-0.2964768147751897,0.1104633448503443,2.8,2026-07-31
525,48.51950405999782,36.94344163658243,-1.4434541771985443,49.57616360358432,47.46284451641132,07604,Hasbrouck Heights,Bergen County,NJ,729748.0,0.0085178842587939,-0.0181765197663708,0.1379515886375717,,-0.1150537555124071,-0.0694029863918084,0.0351679291431796,0.0068417175526909,2.1,2026-07-31
526,48.50234765359322,36.8231046931408,-1.4434541771985443,49.78476671941049,47.219928587775954,08857,Old Bridge,Middlesex County,NJ,645250.0,0.0818831033175552,-0.1412385824682864,0.1041026211437401,0.0532341590346296,-0.1141878967799165,-0.103085930769013,-0.1005987933925336,0.0112243044070583,2.3,2026-07-31
527,48.478439768289576,36.70276774969916,-1.4434541771985443,37.34776168017662,59.60911785640253,11428,New York,Queens County,NY,788495.0,-0.0383819044338085,0.059249494165833,0.0074332519632545,0.0340446167819757,0.2663993835491627,-0.1658850394716142,-0.0784949190273955,-0.0093348516932178,1.8,2026-07-31
528,48.45614765641861,36.58243080625752,-1.4434541771985443,58.462825414322495,38.44946989851472,08558,Skillman,Somerset County,NJ,1062750.0,0.102736627099356,0.3577387203572542,0.3571904854084859,,-0.3849040145660194,0.3022553744871262,-0.1176365015912228,-0.0281934242490186,2.3,2026-07-31
529,48.44651675298,36.46209386281589,-1.4434541771985443,54.457894090163016,42.43513941579698,07058,Pine Brook,Morris County,NJ,939740.0,0.0243102035884618,0.2347270010205218,0.1466542760617883,0.0368138519194242,0.1054782006261436,0.1375903819709867,-0.2665232976089289,0.1681281603525389,2.4,2026-07-31
530,48.42754085328955,36.34175691937425,-1.4434541771985443,49.12952641785521,47.72555528872389,07027,Garwood,Union County,NJ,707231.0,0.0603384736016593,-0.0495190654373782,-0.088800486402496,,-0.034815001299653,-0.0384462656953007,-0.0120555627312555,0.1637818589705929,2.8,2026-07-31
531,48.41754167000851,36.22141997593261,-1.4434541771985443,61.28898961174165,35.54609372827537,10576,Pound Ridge,Westchester County,NY,1496599.0,0.1704350798671527,0.700074444906793,0.2158003231509848,,-0.1001336085330326,0.2786552200454968,-0.0038649642108055,-0.1219706375156374,3.6,2026-07-31
532,48.40441092900341,36.101083032490976,-1.4434541771985443,52.47765791095315,44.33116394705367,07082,Towaco,Morris County,NJ,878455.0,0.0076804902503781,0.1672882447641335,0.2428805444061286,,-0.4345770587884037,0.2389483646854817,0.2174640853948446,0.1468376759060626,2.5,2026-07-31
533,48.36788893763208,35.98074608904934,-1.4434541771985443,32.878132135474495,63.857645739789646,07093,West New York,Hudson County,NJ,448784.0,-0.0563412564301209,-0.5043337530575815,-0.8979269366715528,0.0668298030908548,-0.0759170552582422,-0.1347738363592883,0.0103386810207091,0.0135729056692215,1.7,2026-07-31
534,48.36454247964439,35.860409145607704,-1.4434541771985443,45.7168697588598,51.012215200428976,07607,Maywood,Bergen County,NJ,709943.0,0.0697639794580492,-0.0456915036424963,0.0719272567092002,0.0500603566730823,-0.094373222762534,-0.0249061964473601,-0.0079090788617683,0.0502583301213149,2.7,2026-07-31
535,48.31925655978221,35.74007220216607,-1.4434541771985443,42.706175084692,53.93233803487241,10310,New York,Richmond County,NY,705652.0,-0.0588970900884181,-0.051753317946698,0.0979169728004336,0.0498659057563,0.0037087386631948,-0.170349423550609,0.1028888987327647,0.0104277605077192,1.6,2026-07-31
536,48.24446243830721,35.619735258724425,-1.4434541771985443,39.820686069032,56.66823880758242,11235,New York,Kings County,NY,609546.0,-0.3522136028135932,-0.1981620408326758,-0.3819386412592358,0.051534731176732,0.4344162829862703,-0.0219325752967226,-0.1433836915903992,0.0193359632161683,2.2,2026-07-31
537,48.20181504358912,35.49939831528279,-1.4434541771985443,62.88689760442071,33.51673248275752,07760,Rumson,Monmouth County,NJ,1893311.0,0.1353933944486595,0.935206162346578,0.7153466637674821,0.0199090390609228,0.2331222329010838,0.2818575872042927,0.0637362508185468,0.0215027793370004,3.5,2026-07-31
538,48.162963641297225,35.37906137184115,-1.4434541771985443,36.32365880115152,60.002268481442925,07305,Jersey City,Hudson County,NJ,539819.0,-0.1123542354417526,-0.3196428643364548,-0.5374278688648904,0.0514476004864707,0.06397038033809,-0.1416519513083525,0.0819096101811567,0.0732719292949417,1.3,2026-07-31
539,48.11388458210834,35.25872442839952,-1.4434541771985443,41.00330108943504,55.224468074781655,07603,Bogota,Bergen County,NJ,621695.0,0.0402533580543295,-0.1784261236655879,-0.1066340951419491,0.0580477302980094,-0.0947969547877936,-0.167306478288218,-0.1069642304823634,0.1508548778477119,2.2,2026-07-31
540,48.07933651551426,35.13838748495788,-1.4434541771985443,48.01933540064967,48.13933763037886,11514,Carle Place,Nassau County,NY,864616.0,0.0258398896943234,0.151409838861678,-0.1987429554464217,,-0.150976947413395,0.007146933178147,0.3815518431765063,-0.0053374691265266,2.6,2026-07-31
541,48.04832901509788,35.018050541516246,-1.4434541771985443,61.73825258092999,34.35840544926576,11509,Atlantic Beach,Nassau County,NY,1503037.0,0.1204902179379029,0.7043667212345124,0.4367652633896455,,0.2984682753919461,0.1498989631960288,0.0530741835884995,-0.1074263886672059,2.2,2026-07-31
542,48.0158518792152,34.89771359807461,-1.4434541771985443,47.51372008418878,48.51798367424161,07074,Moonachie,Bergen County,NJ,665210.0,0.0051587822362137,-0.1107740268979942,-0.0215833851923346,,0.107788443117571,-0.1966499820305537,0.0671738348465371,0.0640663020474437,1.7,2026-07-31
543,47.98251353244001,34.777376654632974,-1.4434541771985443,35.555504780916856,60.40952228396316,07103,Newark,Essex County,NJ,402662.0,-0.0348749611622981,-0.6127797920998255,-0.1796125904473147,0.0652248090384153,0.1662352883024513,-0.2570551193295978,0.3062646535511302,-0.0245208197376347,1.8,2026-07-31
544,47.95347446380352,34.65703971119133,-1.4434541771985443,50.60929191635232,45.29765701125472,11724,Cold Spring Harbor,Suffolk County,NY,1790690.0,-0.0423677707434567,0.87948019739855,0.4370158769495145,,0.0792721439587242,0.3034692382263474,-0.2311862132887281,-0.0348042797531495,3.3,2026-07-31
545,47.92686326593928,34.5367027677497,-1.4434541771985443,48.93054779468064,46.92317873719792,11743,Huntington,Suffolk County,NY,936342.0,0.0300443790184669,0.2311046345969902,-0.1483831630562093,0.0436649556620726,-0.2581459900121008,0.1439955699420296,0.125831140446115,-0.0556228082686833,2.7,2026-07-31
546,47.90297073412283,34.416365824308066,-1.4434541771985443,55.31938109948044,40.48656036876523,10577,Purchase,Westchester County,NY,2302543.0,0.1423016822446431,1.13089314009388,0.6832497418376917,,0.3306850866540542,0.2353571223633102,0.1893092267880796,-0.1010398502246611,3.4,2026-07-31
547,47.88843914572381,34.29602888086642,-1.4434541771985443,50.24646836899975,45.53040992244786,07935,Green Village,Morris County,NJ,1111663.0,0.0107888715415111,0.4027358372843643,0.0087257610111404,,0.4513601481809661,0.1408022314414242,-0.7687226395422417,0.3979296478758159,2.3,2026-07-31
548,47.81838402256684,34.17569193742479,-1.4434541771985443,49.06995664014126,46.56681140499242,07652,Paramus,Bergen County,NJ,1088485.0,0.0612834917094854,0.3816661772374345,0.2345826258452135,0.0592566571748638,0.1306890631734176,0.0270933409526802,-0.1133702707320232,-0.0257186555216379,2.7,2026-07-31
549,47.80829006899621,34.05535499398315,-1.4434541771985443,39.47459791142651,56.14198222656592,07205,Hillside,Union County,NJ,521735.0,0.0466755167040759,-0.3537157625484237,0.0279662999994698,0.0552004019087036,-0.2328979097461936,-0.2129899918719593,0.0485830847817201,-0.0708951032760116,2.3,2026-07-31
550,47.77724737228854,33.935018050541515,-1.4434541771985443,52.20660063612838,43.34789410844871,08553,Rocky Hill,Somerset County,NJ,744469.0,0.0460192762573314,0.0017949441592364,-0.0280336493663817,,-0.2745387720017913,0.2203296220014633,0.0506950976003732,0.0536752708125479,2.2,2026-07-31
551,47.74956073172415,33.81468110709988,-1.4434541771985443,35.783285108019506,59.71583635542879,11104,New York,Queens County,NY,532541.0,-0.6364608951560996,-0.3332160652569609,-0.4433901897843562,0.0638279341246105,-0.0028092940636554,0.0336071422156091,-0.0561753398660958,0.0043968337018756,-0.3,2026-07-31
552,47.699862341849936,33.69434416365824,-1.4434541771985443,49.9132001706875,45.48652451301237,10543,Mamaroneck,Westchester County,NY,1100042.0,0.0487693428339554,0.3922278419680811,-0.0806852043067838,0.0426140703036233,0.2738987400423205,0.0899864019850725,-0.0384112920957129,0.0077943723318621,3.4,2026-07-31
553,47.6621695124598,33.57400722021661,-1.4434541771985443,48.52980357967464,46.79453544524496,11944,Greenport,Suffolk County,NY,983663.0,-0.0026334667573784,0.2804068413192695,-0.5445596984498149,,0.5555126981697842,-0.0606859958680853,0.1384617835160746,0.0074573243537934,2.0,2026-07-31
554,47.66162735602788,33.45367027677497,-1.4434541771985443,53.56731910949117,41.75593560256458,07452,Glen Rock,Bergen County,NJ,1116906.0,0.1269467502898628,0.4074416692203737,0.3647871731228544,,-0.2423859064641231,0.2405430677533792,-0.0912103900443987,-0.084791356998705,2.8,2026-07-31
555,47.65154765033123,33.33333333333333,-1.4434541771985443,59.37161004117313,35.931485259489335,07901,Summit,Union County,NJ,1421026.0,0.1108999614461957,0.6482579013806031,0.2677385965139542,0.0255484501667073,0.1782204071907205,0.2204491594182714,-0.0813020397654433,0.048448292585942,3.3,2026-07-31
556,47.64913565657484,33.2129963898917,-1.4434541771985443,36.13833131019444,59.15994000295524,10553,Mount Vernon,Westchester County,NY,588035.0,-0.2459336444934031,-0.2340904615080017,-0.239123711348336,0.0612208908167324,0.0506752574711295,-0.0713297761464242,-0.1114095488799424,-0.0063268632282153,1.3,2026-07-31
557,47.63666831915484,33.092659446450064,-1.4434541771985443,53.87003757770089,41.40329906060879,07481,Wyckoff,Bergen County,NJ,1180972.0,0.0841070579710056,0.4632168351289589,0.1870655208189955,,-0.1335874690412535,0.2159576232148603,0.0516381096657774,0.0021348134894679,3.1,2026-07-31
558,47.62886055950239,32.97232250300842,-1.4434541771985443,55.22486868396761,40.03285243503718,07423,Ho Ho Kus,Bergen County,NJ,1376648.0,0.118325365067529,0.616530573498471,0.2924638128998325,,-0.1836774799413547,0.3349856874662208,-0.0890424461356058,-0.0747638129082621,3.5,2026-07-31
559,47.61512627435658,32.851985559566785,-1.4434541771985443,34.61961742035337,60.61063512835979,07050,Orange,Essex County,NJ,473839.0,0.0037263761520382,-0.4500077923541568,-0.2669216572391359,0.0503428853716064,0.3092366218872022,-0.2643277019493049,-0.0312804444985346,-0.0228560518783084,2.4,2026-07-31
560,47.59481540025879,32.73164861612516,-1.4434541771985443,56.38886963397402,38.80076116654356,07928,Chatham,Morris County,NJ,1398136.0,0.1135137362343851,0.6320187639254389,0.25239039189427,0.0288515636118366,-0.0448056218970276,0.3304698006392538,-0.0885513623679994,-0.0310659576425426,3.3,2026-07-31
561,47.58612200506585,32.61131167268351,-1.4434541771985443,51.51867105682568,43.65357295330603,07727,Farmingdale,Monmouth County,NJ,833604.0,0.0944904961975673,0.1148822349329723,-0.1559026873205748,,-0.0308644409695706,0.0226747275380582,0.2515806363282813,0.0383164334799775,2.3,2026-07-31
562,47.58276437954043,32.49097472924188,-1.4434541771985443,43.50087403276528,51.664654726315575,07204,Roselle Park,Union County,NJ,553311.0,0.0103723876082554,-0.2949564013885553,-0.0501192085360742,0.0536682825435251,-0.2712574547540989,-0.1058706590718445,0.1488835909549255,0.041789073416471,2.2,2026-07-31
563,47.548771409683454,32.37063778580024,-1.4434541771985443,48.6831277145244,46.41441510484251,08904,Highland Park,Middlesex County,NJ,601053.0,0.0493388936282798,-0.212192923750047,0.0397861886105186,0.0477747194397099,-0.1419778689797752,0.2077596598792849,0.0204557536241942,0.0597860579747602,2.6,2026-07-31
564,47.53273286770844,32.250300842358605,-1.4434541771985443,39.152902998250354,55.912562737166525,07304,Jersey City,Hudson County,NJ,546628.0,-0.1285077666885513,-0.3071079095457403,-0.4456601140763006,0.0536109287346357,0.151666280369098,-0.0746721697533143,0.1526234354642621,0.1904515314669591,1.2,2026-07-31
565,47.531333360624416,32.12996389891697,-1.4434541771985443,39.45851813042313,55.604148590825694,07047,North Bergen Township,Hudson County,NJ,594171.0,0.0106044177636025,-0.2237088754387954,-0.3522894759714212,0.0584439215274065,0.1292273538579162,-0.1606745852349833,-0.0203101273363444,0.0382732560024339,2.0,2026-07-31
566,47.52929293765536,32.009626955475326,-1.4434541771985443,46.35771528609443,48.70087058921628,10307,New York,Richmond County,NY,843450.0,-0.061814612814572,0.1266239529803208,0.3851026483523156,,-0.1438026873400606,-0.0834021147675976,0.3166350038441567,-0.0169480760967581,1.6,2026-07-31
567,47.48098084273074,31.88929001203369,-1.4434541771985443,43.1688343496499,51.793127335811576,10606,White Plains,Westchester County,NY,773736.0,-0.0321371163515934,0.0403548339555008,-0.2073410193515172,0.045842668239899,0.0407050138992335,-0.0167253025927059,0.101562670577838,0.1427393341199201,2.0,2026-07-31
568,47.44568638909453,31.768953068592054,-1.4434541771985443,36.87577536615977,58.015597412029294,11377,New York,Queens County,NY,565229.0,-0.3815810168290735,-0.2736445477349658,-0.2600652404951908,0.0643967580040951,0.1561533751979797,-0.1550935646844172,-0.0163829711582703,0.0155594213948744,1.3,2026-07-31
569,47.42307609758897,31.64861612515042,-1.4434541771985443,44.36332602691144,50.48282616826649,07071,Lyndhurst,Bergen County,NJ,659683.0,0.0558598508006071,-0.1191160300748013,0.0567433709251652,0.0482413162120324,-0.1137743449531385,-0.0711486746062948,0.1028898489104701,0.0178221090933024,2.3,2026-07-31
570,47.42164104042286,31.528279181708783,-1.4434541771985443,50.59659339762942,44.24668868321631,07040,Maplewood,Essex County,NJ,976566.0,0.1040067513935557,0.273166092843649,0.3570503255626143,0.034241073626313,-0.1617546421288456,0.2361924272942901,-0.0085468576131031,0.0524261424297079,2.7,2026-07-31
571,47.380348526000944,31.40794223826715,-1.4434541771985443,52.08185119359222,42.67884585840967,07649,Oradell,Bergen County,NJ,1028168.0,0.0708700127892271,0.324658038636187,0.1778736803943683,,-0.3537037516274293,0.2276233698837352,0.2829220687552869,-0.0422312095946517,2.8,2026-07-31
572,47.32206343394586,31.28760529482551,-1.4434541771985443,53.70606148518296,40.93806538270877,08752,Seaside Park,Ocean County,NJ,889041.0,0.0894251448757049,0.1792674204047575,0.3410198575850707,,0.5342460071134354,0.0410558425293426,-0.1387506280344368,0.0314854470435917,2.9,2026-07-31
573,47.29142317109899,31.167268351383875,-1.4434541771985443,40.008260856831946,54.57458548536604,10459,New York,Bronx County,NY,524818.0,-0.0163414695927453,-0.3478239253185862,0.1185344269246311,0.0696215447490895,0.7356888970966675,-0.3473800993727565,0.0295165369260423,0.0023505547400246,1.7,2026-07-31
574,47.27134639451855,31.04693140794224,-1.4434541771985443,61.39969782892727,33.14299496010983,07417,Franklin Lakes,Bergen County,NJ,1649638.0,0.1604207512103585,0.7974348993990876,0.7305367286317601,0.0283334904820642,0.0547625059094645,0.2826788021842865,0.080804966864262,-0.0629754767869845,3.4,2026-07-31
575,47.2412153183367,30.9265944645006,-1.4434541771985443,45.60407880458389,48.8783518320895,11501,Mineola,Nassau County,NY,845599.0,0.0526384022011935,0.129168650264063,-0.3360979718755725,0.0492070375045785,-0.0743976830036257,0.0881690967707452,0.0751656521661612,0.1156454787626642,2.5,2026-07-31
576,47.22645452019935,30.806257521058967,-1.4434541771985443,51.12645471025014,43.32645433014856,07092,Mountainside,Union County,NJ,1071718.0,0.0496860001951379,0.3661419215024306,0.1796783484821613,,-0.2670058654616671,0.1820889717579561,0.3294961455571084,-0.0228515558887544,2.6,2026-07-31
577,47.22346230359791,30.685920577617328,-1.4434541771985443,52.38336295008733,42.06356165710848,08536,Plainsboro,Middlesex County,NJ,670734.0,0.1129831346640081,-0.1025040608813814,-0.0689977686234435,0.0381293829887738,-0.3056489927652877,0.31824652454252,-0.0186362455637034,-0.0739453524487349,2.0,2026-07-31
578,47.22059769276317,30.56558363417569,-1.4434541771985443,40.70784676905343,53.73334861647291,07017,East Orange,Essex County,NJ,490332.0,0.0618014613975063,-0.4157941121672373,-0.1574852858510897,0.0482884720108363,0.2304199427798596,-0.2769430599979449,-0.0412678653808509,0.0565067777401007,2.3,2026-07-31
579,47.17993346070054,30.445246690734056,-1.4434541771985443,56.092046154986896,38.267820766414175,08730,Brielle,Monmouth County,NJ,1328666.0,0.2302592604799741,0.5810542660801268,0.1404333790990684,,0.153364220600779,0.1773791670302336,-0.0254590527986149,-0.0073681662127193,3.3,2026-07-31
580,47.07487858867772,30.324909747292416,-1.4434541771985443,41.54939816504653,52.600359012308914,07201,Elizabeth,Union County,NJ,502404.0,0.0825452209966467,-0.39147073235271,-0.0697119844603939,0.0562017320830004,0.2341091246058304,-0.3589747071060201,0.001027979354383,0.0388954169647155,2.0,2026-07-31
581,47.05657370304214,30.20457280385078,-1.4434541771985443,45.01596107093175,49.09718633515253,11001,Floral Park,Nassau County,NY,873336.0,-0.0274228037790692,0.1614446258412218,0.1276149216830919,0.0392174195116445,-0.1279338038406134,0.0411321561122183,0.0494099127735658,-0.0744311346292129,1.9,2026-07-31
582,46.99974676533415,30.084235860409148,-1.4434541771985443,36.17016020715184,57.82933332351647,11691,New York,Queens County,NY,682588.0,-0.0811617716810154,-0.0849851802097951,-0.4180946328066302,0.0549274475675743,0.6085121802938811,-0.2437015693122792,-0.1207755075614791,0.0608063034213464,1.7,2026-07-31
583,46.924689651569686,29.96389891696751,-1.4434541771985443,46.549281375197936,47.30009792794144,11040,New Hyde Park,Nassau County,NY,985701.0,0.0011325915497501,0.2824765995592262,0.0482454709876165,,-0.0377284367746437,0.067868690462353,-0.0521998343215948,0.0669285301679994,1.9,2026-07-31
584,46.91568618901674,29.843561973525876,-1.4434541771985443,49.04491183596343,44.78646054207005,07661,River Edge,Bergen County,NJ,877678.0,0.0669765762691895,0.1664036650914599,0.1949397331168612,,-0.181419757839387,0.1771717416565235,0.0128015191963761,0.1035241963302218,3.1,2026-07-31
585,46.90351765796652,29.72322503008424,-1.4434541771985443,46.206254891671264,47.60078042426178,07666,Teaneck,Bergen County,NJ,706116.0,0.0234169935971117,-0.0510963324154598,0.0393567862710604,0.0502056152625329,-0.3001734653237691,0.0808772585922352,0.0222484055314726,-0.0053468582240864,2.4,2026-07-31
586,46.87073366029817,29.6028880866426,-1.4434541771985443,44.0917468899803,49.64972043061604,07657,Ridgefield,Bergen County,NJ,793090.0,0.0085805582437114,0.0650601800435417,0.1320185496726829,0.0384824045016239,0.0151325449506465,-0.0261372558153015,0.2675214857116668,-0.0079691078224255,2.3,2026-07-31
587,46.81896861791314,29.482551143200965,-1.4434541771985443,50.22657704628317,43.41136018954312,10605,White Plains,Westchester County,NY,1021141.0,0.0518123506196385,0.3177995723841693,-0.047976309633599,0.0382068087180579,0.0352309435198143,0.1855937904571211,0.011363184026413,0.1028725182361259,2.6,2026-07-31
588,46.765873644324174,29.36221419975932,-1.4434541771985443,54.9505600584469,38.58118723020144,11935,Cutchogue,Suffolk County,NY,1254063.0,0.0159731405804603,0.5232678520618776,-0.2751212944959427,,0.2764490367988379,0.040906680070352,0.1051942014612858,-0.1886949018461263,3.2,2026-07-31
589,46.75240409412706,29.24187725631769,-1.4434541771985443,48.26180847255589,45.24299971569823,07716,Atlantic Highlands,Monmouth County,NJ,853221.0,0.0833771407653344,0.1381419798127972,-0.0710507490149439,0.0401302998405582,0.0184374270915526,-0.0178207559051272,0.0855764900339703,0.0364713095117077,3.2,2026-07-31
590,46.71692320684982,29.121540312876053,-1.4434541771985443,50.48724523447808,42.94660117922157,11946,Hampton Bays,Suffolk County,NY,962500.0,0.120417353017704,0.2586574252955156,-0.4277292508428267,0.1216967469667514,0.0826866173694156,-0.0182479756371746,0.2435809051491304,-0.0268716534717598,2.3,2026-07-31
591,46.70871436390816,29.00120336943441,-1.4434541771985443,54.22111383221545,39.19631489560087,07021,Essex Fells,Essex County,NJ,1482341.0,0.1268809596795432,0.6905018337226263,0.4710904323513727,,-0.1097062197171994,0.3223448442813457,-0.072463114114468,-0.0675219996035305,2.9,2026-07-31
592,46.70292705228388,28.880866425992775,-1.4434541771985443,45.72599279597606,47.67986130859169,10986,Tomkins Cove,Rockland County,NY,710365.0,0.0765196850072914,-0.0450968294907934,0.230255739178137,,,-0.0048063806418852,,0.1685144799435261,2.7,2026-07-31
593,46.598353380723694,28.760529482551146,-1.4434541771985443,48.67983607875565,44.51687068269173,07066,Clark,Union County,NJ,733349.0,0.0816379493817777,-0.0132545899691933,0.0857555452117182,,-0.1861291654930259,-0.0192716942619742,-0.0368439912643037,-0.0333754274912043,2.5,2026-07-31
594,46.56931270131997,28.640192539109503,-1.4434541771985443,47.11558047020424,46.02304493243571,10707,Tuckahoe,Westchester County,NY,921436.0,-0.1142311388859479,0.2150568043454708,0.0440582903000716,0.0369125050649434,0.0614446437174922,0.1352919543747174,-0.0958958820808977,-0.0414311858966002,2.3,2026-07-31
595,46.56067652325967,28.51985559566787,-1.4434541771985443,48.238305607956654,44.8830474385627,11804,Old Bethpage,Nassau County,NY,1035707.0,0.0938501289522587,0.3319631249638313,0.1545410834753546,,-0.1962694622878047,0.1708704376370636,0.2913934099903574,-0.1308447053677441,2.4,2026-07-31
596,46.5142135816234,28.399518652226234,-1.4434541771985443,36.85699941976556,56.17142774348123,10457,New York,Bronx County,NY,509431.0,-0.2666291952204404,-0.3775812170634385,0.1722978005802122,,0.589874932853484,-0.3612932197455004,0.1292141038488381,0.0613515386289463,1.6,2026-07-31
597,46.51389144761739,28.279181708784595,-1.4434541771985443,49.99449097477511,43.03329192045967,07640,Harrington Park,Bergen County,NJ,1010026.0,0.0711189528602926,0.3068549124625743,0.0719723496293482,,-0.1676190008959406,0.2399841962144333,0.0615835718960458,0.0658957502002553,2.9,2026-07-31
598,46.37148302885434,28.158844765342963,-1.4434541771985443,49.52537877437918,43.21758728332952,10522,Dobbs Ferry,Westchester County,NY,1033034.0,0.053062851581155,0.3293787589490158,0.1435675345485378,0.0489713036581977,-0.0578339350811749,0.2043685613338028,-0.0887868466134982,0.0637953626118473,2.9,2026-07-31
599,46.37106628966252,28.038507821901327,-1.4434541771985443,48.67629767192674,44.06583490739831,07042,Montclair,Essex County,NJ,961161.0,0.0224079903133706,0.257265348174359,0.1890167343096376,0.0368569170075033,0.1675825339441849,0.1973247177162557,-0.1089119231192849,0.0336000837529016,3.1,2026-07-31
600,46.35398573055623,27.918170878459687,-1.4434541771985443,47.20231002261818,45.50566143849428,10709,Eastchester,Westchester County,NY,1027870.0,0.0143810309540079,0.3243675743276171,0.1228931710820209,0.0402774754565763,-0.0926239359351719,0.1685388497480205,0.052184392960628,-0.0419694924566457,3.1,2026-07-31
601,46.34879154796472,27.79783393501805,-1.4434541771985443,38.27936632174247,54.418216774186966,07030,Hoboken,Hudson County,NJ,898287.0,-0.1988486675227193,0.1896133337591727,-0.3090745819489324,0.0529027374457545,-0.2852981569785904,0.3355570578051717,-0.0296592624784519,0.0681846898509451,2.4,2026-07-31
602,46.33403216013697,27.67749699157641,-1.4434541771985443,38.55798129706376,54.11008302321019,11419,New York,Queens County,NY,775236.0,-0.139607351154838,0.0422910250421928,0.1112849072424762,,0.2266672509172476,-0.3009459591805914,-0.0228655022527224,0.0508286024120681,1.7,2026-07-31
603,46.31951366171116,27.557160048134776,-1.4434541771985443,45.029039242843695,47.60998808057863,07757,Oceanport,Monmouth County,NJ,967809.0,0.0856934419848197,0.2641589888332198,-0.1039992176175541,,0.1483881926934855,0.0522398657988486,0.1142319735005017,0.1717789049221177,3.5,2026-07-31
604,46.29205048284267,27.436823104693143,-1.4434541771985443,39.80703314344907,52.77706782223627,10470,New York,Bronx County,NY,669136.0,-0.0911893603849677,-0.1048883930251047,0.2849519403892024,,0.1160478205207329,-0.0869972010515024,0.1539093977783974,0.0509290090590719,3.1,2026-07-31
605,46.28590353757232,27.3164861612515,-1.4434541771985443,56.88908392900781,35.682723146136844,11954,Montauk,Suffolk County,NY,1944962.0,0.0562429830125403,0.962121313464536,-0.2673612165207384,,0.7208063120886219,0.0407671183052404,0.1629935652797236,-0.0481493009823041,2.5,2026-07-31
606,46.2766410460023,27.196149217809868,-1.4434541771985443,39.53983740808646,53.01344468391813,07020,Edgewater,Bergen County,NJ,719770.0,-0.0300830572918769,-0.0319442081527974,0.010206728698737,0.0660994813245353,-0.1313720538761871,0.2363969635075241,-0.2564272347699923,0.2106043583974844,1.5,2026-07-31
607,46.265181241957634,27.075812274368232,-1.4434541771985443,43.811574511055454,48.71878797285981,11096,Inwood,Nassau County,NY,839157.0,0.0636368730333551,0.1215214963843429,-0.1909372885530782,,0.305662201436127,-0.2104953949290212,0.2003981944612434,0.0380267840132717,2.0,2026-07-31
608,46.20747519033387,26.955475330926596,-1.4434541771985443,50.41101666598783,42.00393371467991,11740,Greenlawn,Suffolk County,NY,845101.0,0.0681869471609658,0.1285794094407037,-0.1503839361755794,,-0.1765805016606496,0.051441239911128,-0.0292919976352461,-0.0355178292133666,2.4,2026-07-31
609,46.17094309561618,26.83513838748496,-1.4434541771985443,49.7499247962989,42.59196139493347,11971,Southold,Suffolk County,NY,1130454.0,-0.0167658144195229,0.4194982567439886,-0.326645182401597,,0.2770201874256297,0.0618312912065525,0.2985313049565299,-0.1285393951427129,2.3,2026-07-31
610,46.14127548226367,26.714801444043324,-1.4434541771985443,55.88223668606719,36.400314278460144,08502,Belle Mead,Somerset County,NJ,1025954.0,0.1216559229903428,0.3225016621529732,0.3301510852796188,,-0.3822570023501843,0.2860135434683376,-0.1104934556716372,0.0461562273049554,2.8,2026-07-31
611,45.97732709019009,26.594464500601685,-1.4434541771985443,52.86258363997363,39.09207054040655,08820,Edison,Middlesex County,NJ,836250.0,0.0744772759596358,0.1180517795314344,0.3195128524518313,0.0445058134608209,-0.3044754696031397,0.2262593421502874,0.0263851345518126,-0.0141303711577529,2.3,2026-07-31
612,45.92242547632458,26.47412755716005,-1.4434541771985443,34.51104465505441,57.333806297594734,07087,Union City,Hudson County,NJ,578487.0,0.0891892205625385,-0.2504595122653192,-0.4784385152352772,0.0499410227761157,0.3070822120023286,-0.2071671123586988,0.0414231696852862,-0.0125059904987485,2.2,2026-07-31
613,45.899639250754205,26.353790613718413,-1.4434541771985443,44.94338246261403,46.85589603889437,07012,Clifton,Passaic County,NJ,666388.0,0.083963844495511,-0.1090039605313411,-0.0339187715008009,0.0533242815308114,-0.0101381481493298,-0.0247323351064246,-0.0076912039732039,0.1251820569761295,2.1,2026-07-31
614,45.86472234908896,26.233453670276774,-1.4434541771985443,36.05138367413679,55.67806102404115,10304,New York,Richmond County,NY,711139.0,-0.0612203850673523,-0.0440076792338643,-0.0312130145176308,0.0437112592424322,0.406698952350365,-0.171261421318944,0.0467015614505701,0.0208092395836561,1.5,2026-07-31
615,45.78311697465743,26.113116726835138,-1.4434541771985443,45.619464609524506,45.94676933979034,11579,Sea Cliff,Nassau County,NY,1144940.0,0.0726368176736421,0.4322310753926892,-0.2524365760510978,,-0.112254580808748,0.1224140987231402,0.1359183185510026,-0.0970997942680013,2.7,2026-07-31
616,45.72087585816635,25.992779783393495,-1.4434541771985443,38.13352076586784,53.30823095046488,11692,New York,Queens County,NY,623783.0,-0.0269051129994309,-0.1750732691775525,-0.4688609212168853,0.0643364519367031,0.6397763285943572,-0.2308597056648293,-0.1710680500870403,0.0328468927595706,2.0,2026-07-31
617,45.68802478013597,25.872442839951862,-1.4434541771985443,51.031801892643394,40.344247667628544,07670,Tenafly,Bergen County,NJ,1335447.0,0.1071729863139538,0.5861455132706865,0.5561445459915451,0.0451571482813856,-0.0310967784957612,0.2965686143108091,-0.0455508144316265,0.0744995810810958,3.0,2026-07-31
618,45.648870210411374,25.75210589651023,-1.4434541771985443,46.47368851087118,44.82405190995158,07626,Cresskill,Bergen County,NJ,1045204.0,0.0108313214178274,0.3410914958054007,-0.0252356350321765,0.0617678259176857,-0.0756593991853737,0.1167595265500689,-0.1133811672478444,0.0400267101621579,2.7,2026-07-31
619,45.63700120972342,25.63176895306859,-1.4434541771985443,35.976965997285426,55.29703642216143,11354,New York,Queens County,NY,683624.0,-0.2474144666853629,-0.0834679034836618,-0.1361353069872226,0.0469427185443556,0.4479827152300781,-0.1272933393351221,0.2502811471417967,0.0239592089558409,1.7,2026-07-31
620,45.6121941841208,25.511432009626954,-1.4434541771985443,47.05685921060054,44.16752915764104,11507,Albertson,Nassau County,NY,1096759.0,0.028064853552005,0.3892384635418846,-0.2458357646721722,,0.0104581829977881,0.1620084699252357,-0.0239313243199692,-0.069832050513497,2.2,2026-07-31
621,45.60318686148531,25.39109506618532,-1.4434541771985443,56.08589393612269,35.12047978684794,07762,Spring Lake,Monmouth County,NJ,1500460.0,0.1987068000316782,0.7026508183271769,0.2702862158312378,0.0410540765016675,0.6677776164025644,0.1884232526615833,0.1266625442959288,-0.0265942869270092,3.7,2026-07-31
622,45.58086910409951,25.27075812274368,-1.4434541771985443,52.76595869560586,38.39577951259314,07450,Ridgewood,Bergen County,NJ,1272299.0,0.1409473287015647,0.5377043893550688,0.30391234060213,0.0379038334707069,-0.0795907348293643,0.3099500302347208,-0.1105871651518892,0.0390077470464496,3.2,2026-07-31
623,45.56991928931674,25.150421179302047,-1.4434541771985443,39.7949827709456,51.34485580768789,11357,New York,Queens County,NY,1010416.0,-0.0621633371840687,0.3072414245718633,0.3052253273667329,0.0359109438866897,0.4539110294759865,-0.0994528666900236,-0.10882772847925,0.0110261455337552,1.8,2026-07-31
624,45.56439076520445,25.03008423586041,-1.4434541771985443,48.84302432314317,42.28575720726573,10970,Pomona,Rockland County,NY,749612.0,0.1729957782660886,0.0086790554210942,0.1177076792610005,,-0.0591046229363823,-0.0175921435153859,0.081711409231314,0.0624601003682808,2.7,2026-07-31
625,45.492581082867744,24.90974729241877,-1.4434541771985443,56.38019185738321,34.604970308352286,10504,Armonk,Westchester County,NY,1746645.0,-0.0093725470047015,0.8545758658576741,0.3406369869543031,,0.0543678124178483,0.3109608441304393,-0.0668781620049525,-0.1740146406012434,3.3,2026-07-31
626,45.46642120711488,24.789410348977132,-1.4434541771985443,55.00069073430369,35.93215167992607,10506,Bedford,Westchester County,NY,1686023.0,0.0661884195201295,0.819251563638165,0.3312635559411756,,0.0190435101983392,0.3603698713360371,-0.1221126052301091,0.0322842749050907,3.9,2026-07-31
627,45.41054406943569,24.6690734055355,-1.4434541771985443,51.05711234950575,39.76397578936563,07677,Woodcliff Lake,Bergen County,NJ,1292469.0,0.1150826223335034,0.5534330604530133,0.2756763422781443,,-0.0911973011660631,0.3213702962895971,-0.0075647016057462,0.0740460181854961,3.0,2026-07-31
628,45.39950099572647,24.548736462093864,-1.4434541771985443,33.94975901265293,56.84924297880001,10601,White Plains,Westchester County,NY,492191.0,-0.0643230623746312,-0.4120095968730908,-0.6866796031544382,0.0803064197308997,-0.1434591483202674,0.0247205327020649,-0.0452358625566695,0.0491424363871025,1.4,2026-07-31
629,45.327888616201534,24.428399518652228,-1.4434541771985443,52.79061771722291,37.86515951518017,11030,Manhasset,Nassau County,NY,2318744.0,0.0514783908624977,1.1379048738831692,0.5553345367090241,0.037649688230582,0.3997209154717775,0.3532175515591431,-0.0735715938366023,-0.0676791994765612,2.7,2026-07-31
630,45.307192672370974,24.30806257521059,-1.4434541771985443,36.60885121310723,54.005534131634725,11550,Hempstead,Nassau County,NY,655023.0,0.0639975009645187,-0.1262057018388347,-0.2608681489084485,0.0637544951715081,0.0659308329785577,-0.2720444380319276,0.1366320859613168,0.0444907309972644,2.3,2026-07-31
631,45.18452421240554,24.187725631768952,-1.4434541771985443,52.973273758361664,37.39577466644942,10510,Briarcliff Manor,Westchester County,NY,1178572.0,0.1119070282859343,0.461182617764587,0.2742042107557392,,-0.2146864830182935,0.2227941036283081,0.0018340092899222,-0.0373655879002574,3.6,2026-07-31
632,45.15748231679671,24.06738868832732,-1.4434541771985443,34.47573169763095,55.83923293596247,10031,New York,New York County,NY,554814.0,-0.2687800487332265,-0.2922434063523695,-0.0649221578304075,0.0675440774220916,0.2502817925797849,-0.079261258772928,-0.0351223928039399,-0.0098593417181988,1.0,2026-07-31
633,45.13474461769417,23.94705174488568,-1.4434541771985443,50.00180096431316,40.267688271075166,10505,Baldwin Place,Westchester County,NY,1075598.0,0.0993521305177015,0.3697558749223244,0.3528818173674697,,0.0577943732402299,0.1417828485473199,-0.1608124774521204,0.1476258311008325,3.6,2026-07-31
634,45.04250695179837,23.826714801444044,-1.4434541771985443,43.81162726980947,46.27338663378728,10708,Bronxville,Westchester County,NY,980539.0,-0.0664221492894526,0.2772258977928636,0.2609199344837574,0.0523691733361925,0.159482331569859,0.1562302714441544,-0.140893383635591,0.0148417360627742,2.7,2026-07-31
635,44.96162578688752,23.706377858002405,-2.79810803818491,50.58988422236268,39.33336735141238,11530,Garden City,Nassau County,NY,1339544.0,0.0723774106237019,0.5892080494834122,0.4459849108086349,0.0536376714925015,-0.1195077114357474,0.2179609103194314,0.0747093437982808,-0.014929300807324,2.5,2026-07-31
636,44.826759398608246,23.586040914560773,-2.79810803818491,53.91428200829286,35.739236788923634,07090,Westfield,Union County,NJ,1328987.0,0.1179976075213144,0.5812962286140344,0.6084802792080168,0.0303722873520095,-0.1468918168425486,0.2901287165294635,0.0762209410949399,-0.0045377621865367,2.9,2026-07-31
637,44.82371349959884,23.465703971119133,-2.79810803818491,44.03612777922149,45.61129921997619,11557,Hewlett,Nassau County,NY,1021099.0,-0.0137912306903636,0.3177587577166392,0.0570172920605926,,-0.1330239805037625,0.209816373109265,0.0920862561512798,-0.0728815081250517,2.0,2026-07-31
638,44.73434640332499,23.345367027677497,-2.79810803818491,55.13442959827724,34.334263208372754,10514,Chappaqua,Westchester County,NY,1555980.0,0.1293200640315785,0.7389847200518904,0.4602526804929425,,-0.0612233333879352,0.3536830727616442,-0.2311862132887281,-0.0683137696198572,3.7,2026-07-31
639,44.69565538672228,23.225030084235858,-2.79810803818491,45.85512763402387,43.53618313942068,11363,New York,Queens County,NY,1129137.0,-0.0437183170783899,0.4183324343865759,0.2063056723897158,0.0317915450873237,0.311155568698118,0.0704379575392989,-0.0180611011468663,0.0073739156643902,2.1,2026-07-31
640,44.69201275614513,23.104693140794225,-2.79810803818491,53.50687854146915,35.87714697082111,07931,Far Hills,Somerset County,NJ,1454207.0,0.0794605634345661,0.6713399449681425,0.4831624372012264,,0.0889039168976857,0.2065969881726476,-0.1350212734691585,0.1720587267811749,2.7,2026-07-31
641,44.67688241801446,22.984356197352582,-2.79810803818491,30.702073046937144,58.65169178909176,10460,New York,Bronx County,NY,521421.0,-0.2163682886762071,-0.3543176570213955,0.0933420896700916,0.0636593234400353,0.7748735629684471,-0.3387293044309798,0.04505840021117,0.0852497263198908,1.6,2026-07-31
642,44.59307779651367,22.86401925391095,-2.79810803818491,43.81616210042063,45.36999349260671,11570,Rockville Centre,Nassau County,NY,987962.0,-0.0008458946805159,0.2847679269521137,0.2790615959596536,0.0420866437600526,-0.0512586919682089,0.130000589798131,0.0630092232614245,0.005767084219052,1.9,2026-07-31
643,44.58579771128579,22.743682310469318,-2.79810803818491,33.93907876754414,55.23251665502745,07112,Newark,Essex County,NJ,495799.0,0.0001190179240605,-0.4047051943684163,0.0341217694717528,0.0489880353094994,0.2526663153086115,-0.2733215858570001,0.2423701110640053,-0.0252601853423006,2.0,2026-07-31
644,44.54324665461467,22.62334536702768,-2.79810803818491,33.48916148618854,55.5973318230408,07306,Jersey City,Hudson County,NJ,545576.0,-0.1756671057681661,-0.3090340125191311,-0.3730015322409379,0.0627853053421611,0.0953616014632714,0.031462003247764,-0.005230284331299,0.1017207693310722,1.1,2026-07-31
645,44.41079668831973,22.50300842358604,-2.79810803818491,54.46443144104748,34.357161935591975,07722,Colts Neck Township,Monmouth County,NJ,1362510.0,0.1347429692172003,0.6062078562225235,0.4741559072862529,,0.0341900471207636,0.1835736590864907,-0.1006096212791405,0.0306786442316211,3.1,2026-07-31
646,44.364368138618616,22.382671480144403,-2.79810803818491,43.50090403582762,45.22783224140961,07756,Neptune Township,Monmouth County,NJ,931703.0,0.0566775249983567,0.2261380018105399,-0.3455067913270984,0.0330362753619135,0.4555501655489908,0.2024988106943177,0.1160486590175899,-0.1125003400525812,2.1,2026-07-31
647,44.34949594213755,22.26233453670277,-2.79810803818491,40.18077034701257,48.51822153726254,07202,Elizabeth,Union County,NJ,513974.0,0.12709429662257,-0.3687033824981363,-0.0393505006800758,0.0538957152674011,0.0863586627675239,-0.3610694753550808,0.103771381508082,0.0887283923311062,2.4,2026-07-31
648,44.24292068637087,22.14199759326113,-2.79810803818491,42.92051818058087,45.56532319216087,10901,Montebello,Rockland County,NY,810033.0,0.1693393942186979,0.0861990461389883,0.0189339937109682,0.039583562505575,0.1249451258406544,-0.0278731446178541,-0.1178038432167998,0.0322530054506418,2.4,2026-07-31
649,44.13452563621017,22.02166064981949,-2.79810803818491,28.831890870650074,59.43716040177027,10550,Mount Vernon,Westchester County,NY,565200.0,-0.2548606103330734,-0.2736973711559383,-0.2368563394353184,0.0561783904369339,0.3415993208641523,-0.2420360629918529,-0.0301841486004228,0.0495028459473163,1.0,2026-07-31
650,44.12557562902125,21.90132370637786,-2.79810803818491,33.42531597956388,54.82583527847862,07105,Newark,Essex County,NJ,558471.0,-0.0618376835985806,-0.2856728490847899,0.1101191588132177,0.0508530997212283,0.343792709895246,-0.3398888424311265,0.0587318302184964,0.0930891597928503,1.5,2026-07-31
651,44.10690486013516,21.780986762936223,-2.79810803818491,31.563321501285905,56.65048821898441,11417,New York,Queens County,NY,763063.0,-0.0703258038701331,0.0264641811557151,0.1281148597432491,0.036170022791606,0.2817439637763221,-0.2337423347350101,-0.1072987965650966,-0.0009478116294354,1.7,2026-07-31
652,44.09494812194453,21.660649819494584,-2.79810803818491,45.26376000845656,42.92613623543251,10604,White Plains,Westchester County,NY,954757.0,0.0136274881140362,0.2505807119619483,0.08873128013545,0.0487461811180354,0.2095439906174163,0.0207980322516208,-0.0890302406396532,0.0900640747738068,2.7,2026-07-31
653,44.06119946880349,21.540312876052948,-2.79810803818491,33.75108399149224,54.37131494611474,07018,East Orange,Essex County,NJ,470327.0,0.0361915825312348,-0.457447948919583,-0.0664270047450621,0.0557489762217959,0.1276188826828412,-0.2453026582889545,0.0528582151505361,0.023721868288588,2.3,2026-07-31
654,44.03658238912018,21.41997593261131,-2.79810803818491,44.44670680062101,43.62645797761936,11021,Great Neck,Nassau County,NY,1122444.0,0.0221014130879314,0.4123874667431781,0.0131054254763132,0.0454365683230839,0.3442377561707797,0.1684060399360373,-0.072578583923816,0.006652263711189,2.4,2026-07-31
655,43.995762289544565,21.29963898916968,-2.79810803818491,36.923520645442295,51.06800393364684,07010,Cliffside Park,Bergen County,NJ,637080.0,-0.0565392931080911,-0.1539802604345066,-0.2013424459138271,0.0523874187169134,0.0298286684882025,-0.0709392183497762,0.0208423581921781,-0.0443123619374874,1.4,2026-07-31
656,43.98563136188522,21.17930204572804,-2.79810803818491,25.95470437895785,62.01655834481259,10034,New York,New York County,NY,448580.0,-0.4524594830509759,-0.5047886628036284,-0.1210787143441862,0.0681762113804249,0.0005847030034018,-0.1028229069434887,-0.0117771565789333,-0.0427788584663805,0.7,2026-07-31
657,43.93495813149342,21.058965102286404,-2.79810803818491,47.04885462035279,40.82106164263405,11560,Locust Valley,Nassau County,NY,1287119.0,0.0556583829386724,0.5492850982200306,0.0517282875302278,,0.1722010881190889,0.1227065343720542,-0.0785366962289568,-0.0576924327578642,2.9,2026-07-31
658,43.91748847274553,20.938628158844764,-2.79810803818491,32.08115756972505,55.75381937576602,11106,New York,Queens County,NY,682812.0,-0.4384928405184368,-0.0846561915457417,-0.4773760438431385,0.0552577829949602,0.1955153476914233,0.0407317631943718,-0.017372493709205,0.1024072516592442,0.7,2026-07-31
659,43.890862306275466,20.81829121540313,-2.79810803818491,58.280980198365775,29.500744414185156,07078,Short Hills,Essex County,NJ,2412277.0,0.1623208143260463,1.1774502539571028,0.9902153582726836,0.0357946711520209,0.3772422005172771,0.4366418764254881,-0.2311862132887281,0.0433785675382856,2.6,2026-07-31
660,43.78869598673735,20.697954271961493,-2.79810803818491,30.77055183786985,56.80684013560485,10461,New York,Bronx County,NY,733664.0,-0.0496076300450983,-0.0128252641785309,0.3319323589722565,0.0437318393367552,0.503321157697411,-0.214585475844215,-0.0917636237225458,-0.0059825870189659,2.0,2026-07-31
661,43.70072022977622,20.577617328519857,-2.79810803818491,35.57507587617065,51.82636458338179,07011,Clifton,Passaic County,NJ,580197.0,0.0652469066772759,-0.2475083509819011,-0.0314799211319325,0.0513331318347237,0.1670652290624275,-0.2464437367111414,-0.0107985182270642,0.0080227695572221,1.7,2026-07-31
662,43.63827925798592,20.45728038507822,-2.79810803818491,32.973609507974984,54.30294900799685,10301,New York,Richmond County,NY,720880.0,-0.0943763777640743,-0.030404036459922,0.0054655503717846,0.0450482982036113,0.2410624101467273,-0.1168728616839797,0.0906314613169581,-0.0244286316406758,1.8,2026-07-31
663,43.623857273653854,20.33694344163658,-2.79810803818491,29.54705516746243,57.70065937984528,11355,New York,Queens County,NY,617860.0,-0.2756303428615286,-0.1846135538052777,-0.2589269981212236,0.0524152869118306,0.5234003498240838,-0.2499598314489829,0.0323879792461312,0.0208422818829759,1.7,2026-07-31
664,43.58993636529434,20.216606498194945,-2.79810803818491,54.10810050927128,33.07177222131741,10528,Harrison,Westchester County,NY,1496329.0,0.1234616488755712,0.6998936893876824,0.1978259783787042,0.0366153940722846,0.3815002946373222,0.1137253627916684,0.0860709810901401,0.0506321837778538,3.3,2026-07-31
665,43.50104859115396,20.09626955475331,-2.79810803818491,40.919627707681,46.08246947462691,07605,Leonia,Bergen County,NJ,847264.0,-0.0391448293136363,0.131135993193169,0.1076053946357422,,-0.0091157817523523,0.1218990857879521,0.0029016311483012,0.005240267125924,2.9,2026-07-31
666,43.47392592069991,19.975932611311677,-2.79810803818491,27.14760677540276,59.80024506599706,11236,New York,Kings County,NY,704588.0,-0.091869258095707,-0.0532631472523075,-0.1350597179575938,0.0499573366807445,0.2678325122927478,-0.2110759842126535,-0.090785134174574,-0.0027124548380805,2.4,2026-07-31
667,43.35804303286263,19.855595667870038,-2.79810803818491,29.87986116943117,56.83622489629408,11234,New York,Kings County,NY,793022.0,-0.118116159684925,0.0649745905801033,0.0105087010048645,0.0389780885298877,0.2065944848047045,-0.0957755809372047,-0.1036498313465301,-0.0089327847105466,2.1,2026-07-31
668,43.338263482793934,19.7352587244284,-2.79810803818491,36.40933284721834,50.26719411836954,10801,New Rochelle,Westchester County,NY,808126.0,0.0372495294250207,0.083841740279773,-0.0704666951633097,0.0443928195273481,0.3557287918627725,-0.0481652963597649,0.0586288667899808,0.0727940094564696,3.1,2026-07-31
669,43.25619190637285,19.61492178098676,-2.79810803818491,33.6263844396859,52.8859993730598,07055,Passaic,Passaic County,NJ,560973.0,0.0486134624757536,-0.2812037873044382,-0.1488847488394089,0.0444392318267092,0.4259970861167186,-0.3238653919955163,0.0706644982871012,-0.0091147092330154,1.9,2026-07-31
670,43.192798684366615,19.494584837545126,-2.79810803818491,45.95080481865018,40.434792550083046,07720,Bradley Beach,Monmouth County,NJ,1139087.0,0.1076351204605309,0.4271062267408663,-0.2191505935017232,0.0236154024275847,0.5736005675886211,0.1572471211926698,0.1808568452499823,-0.0203908170201978,3.4,2026-07-31
671,43.17302828400816,19.374247894103487,-2.79810803818491,49.52677987949897,36.81927668851736,07924,Bernardsville,Somerset County,NJ,1044061.0,0.1019169711170761,0.339996865892564,0.0330213318426473,,-0.402756024986233,0.2375408870763489,0.1227834322756891,-0.0370338977724881,2.8,2026-07-31
672,43.12642860820685,19.25391095066185,-2.79810803818491,49.22263969000999,37.03021752640371,07934,Far Hills,Somerset County,NJ,1038767.0,0.0589316797914389,0.3349132137627002,0.1905404702021407,,-0.4468376215267728,0.2947576587585664,0.3183422532204503,-0.0484241562523004,2.7,2026-07-31
673,43.08273028880637,19.13357400722021,-2.79810803818491,42.11704005052184,44.04842052709091,11596,Williston Park,Nassau County,NY,1041179.0,-0.0895567535820532,0.3372328902431967,-0.2336383654707301,,-0.0403578616714288,0.0617283539812203,-0.0559625140663087,-0.0179133964163804,2.4,2026-07-31
674,42.97987152217206,19.01323706377858,-2.79810803818491,47.67632511498371,38.28341792936042,11569,Point Lookout,Nassau County,NY,1446249.0,0.1427264607114743,0.6658521490482965,0.584841036460757,,0.9848509218845888,0.0357953302108997,-0.8835803012236312,0.086886698911542,2.9,2026-07-31
675,42.97861373355009,18.892900120336943,-2.79810803818491,49.94168725124538,36.01554021585479,11598,Woodmere,Nassau County,NY,1390549.0,0.1222115918595999,0.6265778545399012,0.3321579258768778,,0.1004212489348119,0.2060259738455089,0.0385353528039331,-0.0781796754847225,2.4,2026-07-31
676,42.892966202018826,18.772563176895307,-2.79810803818491,49.339467019186046,36.4464653848516,10804,New Rochelle,Westchester County,NY,1277528.0,0.1528659133796427,0.5418062891621975,0.2954832360876569,,-0.2584017642776282,0.3618712764120264,0.0840985569903107,-0.0099704308485468,3.5,2026-07-31
677,42.88890730055915,18.65222623345367,-2.79810803818491,27.85444606453974,57.92336853657856,11416,New York,Queens County,NY,763717.0,-0.1222615304950608,0.0273207059216833,0.1032771979299589,0.0408528453877344,0.3518101173407231,-0.2504348664397511,-0.1299338930192508,0.0084538283870581,1.5,2026-07-31
678,42.82852115042,18.531889290012032,-2.79810803818491,33.952597432069815,51.70444486877018,07310,Jersey City,Hudson County,NJ,1016694.0,0.0024022195441325,0.3134352968987617,-0.497556231036901,0.0540761610051751,-0.1773263016484894,0.4133815680246344,-0.013104394800262,0.2152865048828992,1.3,2026-07-31
679,42.45255175465046,18.4115523465704,-2.79810803818491,51.03458400982717,33.87051949947375,07627,Demarest,Bergen County,NJ,1577112.0,0.2189037083953952,0.752474226260917,0.3800539242861767,,0.1360199490270239,0.2684830556634595,0.0663308320217854,-0.030493711561118,3.3,2026-07-31
680,42.33989847122395,18.29121540312876,-2.79810803818491,49.353483228380426,35.32631371406747,11753,Jericho,Nassau County,NY,1321700.0,0.0814277375929556,0.5757979132785209,0.1028764415681067,,0.1278158756432794,0.251489730384449,-0.2308618935749269,-0.1642250725435869,2.4,2026-07-31
681,42.332564379680434,18.170878459687124,-2.79810803818491,28.70284465624221,55.962284103118655,10466,New York,Bronx County,NY,679970.0,-0.0517612211775194,-0.0888276222527846,0.1271995305115965,0.0567858446863971,0.4432443074470817,-0.2269862112802778,-0.1091972982105122,-0.001015946274524,2.6,2026-07-31
682,42.32012359580271,18.050541516245488,-2.79810803818491,56.07275785010194,28.56748934150347,11765,Oyster Bay,Nassau County,NY,2797199.0,0.1303126246174994,1.325497767585606,0.8471819610743463,,0.7640484889662076,0.2355724556449118,-0.4699449881091553,-0.1714670818866978,4.5,2026-07-31
683,42.266632562010855,17.930204572803852,-2.79810803818491,51.29279661533273,33.24046850868897,11576,Roslyn,Nassau County,NY,1767125.0,0.156127718811835,0.8662332464755309,0.2653017354206515,0.0373046529557654,0.211054965077962,0.3046602957603286,-0.059850563813331,-0.0985661902744412,2.9,2026-07-31
684,42.255842526578704,17.809867629362213,-2.79810803818491,48.57404956345061,35.93763548970681,07624,Closter,Bergen County,NJ,1225881.0,0.1215264513045667,0.5005388356147034,0.1113899462394751,,-0.0276937516369326,0.172218970197115,0.0741140615014472,-0.0457772562328535,3.2,2026-07-31
685,42.21879079664255,17.689530685920577,-2.79810803818491,49.46522618205324,34.97235541123186,07043,Montclair,Essex County,NJ,1427857.0,0.1830167288276495,0.6530534788264468,0.6654603966904808,,-0.1471545746133788,0.3477991459733581,-0.0363102283243144,0.0397701171654179,3.1,2026-07-31
686,42.18897669286088,17.56919374247894,-2.79810803818491,48.84505589792141,35.532897487800355,07079,South Orange,Essex County,NJ,1087816.0,0.1177987020249528,0.3810507634986919,0.4639794131149859,0.0328432492795191,-0.1728281089347423,0.2807243340155066,0.1128987088057122,0.0698287160069653,2.5,2026-07-31
687,42.168299659621965,17.448856799037305,-2.79810803818491,47.57177786293882,36.76482145630511,11771,Oyster Bay,Nassau County,NY,1349672.0,0.1044440705860928,0.5967410438845331,0.0363943568474862,,0.2558903358337356,0.0912332659241828,0.0311634872251165,-0.0220311838704121,3.0,2026-07-31
688,42.161991607611,17.328519855595665,-2.79810803818491,26.49701707457715,57.82696614064484,10469,New York,Bronx County,NY,705694.0,-0.0302321255360379,-0.0516945062078626,0.3616818846537271,0.0557321838488955,0.3385658946454544,-0.2027593389357323,-0.0806967175539998,0.0426873696448882,2.2,2026-07-31
689,42.12351219475711,17.208182912154033,-2.79810803818491,41.05299441610549,43.194029973408725,10595,Valhalla,Westchester County,NY,907010.0,0.0244554080046345,0.1992777014347169,0.0763602345845644,,0.1047955601289885,-0.0063127380691256,-0.1154729245693495,-0.0172070939732351,2.7,2026-07-31
690,42.10580909790009,17.087845968712394,-2.79810803818491,30.09329184845373,54.118326347346446,07106,Newark,Essex County,NJ,464331.0,0.0440163038835685,-0.470278813301114,-0.1682791404846177,0.0510741809516679,0.2724185218849164,-0.2908928093261165,0.029056426172108,-0.0572207358436835,1.8,2026-07-31
691,42.08626061114222,16.967509025270758,-2.79810803818491,49.8127172146728,34.35980400761166,11937,East Hampton,Suffolk County,NY,1982230.0,-0.0200560087762543,0.9811016427313568,-0.2967102719392525,0.2145438303092121,0.8357244619333588,0.0326204988173273,0.0508783916435628,0.0226478648795914,2.9,2026-07-31
692,42.08406519760614,16.84717208182912,-2.79810803818491,30.695823148109277,53.47230724710301,11420,New York,Queens County,NY,762365.0,-0.0744969714639648,0.0255496486194761,0.1303191130105379,0.0535176506034017,0.1415763288457323,-0.2603119638151669,0.0011463794277712,-0.0046733835257783,1.7,2026-07-31
693,41.97521448840974,16.726835138387486,-2.79810803818491,50.679991918787806,33.270437058031675,07458,Upper Saddle River,Bergen County,NJ,1666600.0,0.0862744288318108,0.8076649163864786,0.553937409688773,,0.0316633956377934,0.2613987602421476,0.1733224714011978,0.023207236851942,3.0,2026-07-31
694,41.95840348545387,16.60649819494585,-2.79810803818491,34.02410649468578,49.892700476221954,11361,New York,Queens County,NY,1003418.0,-0.066030784513742,0.3002909227942449,0.1312006918277397,0.0351012444887958,0.3587504083857797,-0.0282827393420611,-0.044497622500863,0.0404646352272524,1.6,2026-07-31
695,41.93149173713636,16.48616125150421,-2.79810803818491,27.665890648390477,56.19709282588224,11214,New York,Kings County,NY,774299.0,-0.2186109032136421,0.0410816487054059,-0.1754897469381653,0.0396762668225561,0.5742759470239729,-0.1631384649959649,-0.084612291257816,-0.0505166345333891,1.9,2026-07-31
696,41.931051702670985,16.365824308062578,-2.79810803818491,29.827110997619315,54.03499240772266,07104,Newark,Essex County,NJ,497351.0,-0.0204907576392724,-0.4015797307607336,-0.0364494472917744,0.0469052351025685,0.3311005775097644,-0.2437949432349785,0.135078133013371,-0.0052163761812164,1.5,2026-07-31
697,41.92400254549008,16.24548736462094,-2.79810803818491,48.33630399658696,35.51170109439319,11545,Glen Head,Nassau County,NY,1615217.0,0.1111857109942974,0.7763487043341613,0.2082237636428221,,0.29070198283686,0.2117411746484129,-0.1217437256897753,-0.0063733450521714,2.9,2026-07-31
698,41.894326695771,16.125150421179303,-2.79810803818491,46.01361702556087,37.77503636598114,10706,Hastings on Hudson,Westchester County,NY,1169338.0,0.130829445912337,0.4533171946557566,0.1583739786556819,0.032582527290304,-0.0768246409636923,0.2514570580395864,0.0608704870364356,0.0562505299520473,3.2,2026-07-31
699,41.87977102643557,16.004813477737663,-2.79810803818491,54.13180970295903,29.627732349912115,10580,Rye,Westchester County,NY,2360370.0,0.1018893248607518,1.1556975719500393,0.630311804676353,0.0411729192948376,0.3554895185102136,0.3111111121721615,0.0163974834983537,0.0189444629321189,3.8,2026-07-31
700,41.73961825867944,15.884476534296027,-2.79810803818491,30.62916922893109,52.8500672884278,11209,New York,Kings County,NY,844162.0,-0.4089581231813671,0.1274683343505227,-0.118609692515708,0.0404547108181263,0.3069848154366343,0.0392395937365928,-0.045089987526822,-0.0316701872681759,2.2,2026-07-31
701,41.7023290658146,15.764139590854391,-2.79810803818491,29.9140802354978,53.49057789613138,11356,New York,Queens County,NY,832691.0,-0.1384563075813108,0.1137864989355392,0.1297732964029059,0.039258257580667,0.3722435186535946,-0.2227435838592333,0.1067560298164558,0.0529444150653371,1.5,2026-07-31
702,41.62054618062624,15.643802647412755,-2.79810803818491,30.42721040511484,52.81388195613764,07107,Newark,Essex County,NJ,506994.0,-0.0582549270956103,-0.3823763871831662,0.0570182405732495,0.0476427237082148,0.4023209689582046,-0.3612720330641165,0.2445871219105075,0.012378685105759,1.6,2026-07-31
703,41.332161943222346,15.52346570397112,-2.79810803818491,42.819826158313305,39.844497728131394,10977,Spring Valley,Rockland County,NY,895376.0,0.2063673515677425,0.1863680562823528,0.0075375782210844,,0.5974837298235165,-0.2644959976926592,0.0760132388357721,-0.0147465700119171,2.5,2026-07-31
704,41.29453771127252,15.403128760529484,-2.79810803818491,26.63342891904921,55.95564650349583,11229,New York,Kings County,NY,780921.0,-0.2248549801537077,0.0495976236005226,-0.087318407587098,0.0420809665632066,0.513781851500698,-0.0723126674600285,-0.142807748620287,-0.035383028743549,2.0,2026-07-31
705,41.26161031314755,15.282791817087846,-2.79810803818491,31.267496239808835,51.25572438648626,10705,Yonkers,Westchester County,NY,721738.0,-0.0077977700677532,-0.0292142464830931,0.178410509021706,0.0440141359096669,0.4737415227693275,-0.1925325822379887,0.0314195479889392,-0.0039120357956378,2.5,2026-07-31
706,41.25317013654151,15.162454873646208,-2.79810803818491,45.32431225639096,37.18202801669206,08512,Cranbury Township,Middlesex County,NJ,767981.0,0.0399865254102195,0.0328888518119132,0.0983990795649347,,-0.0215011521877894,0.0545552792504031,0.0403380765469769,0.130758760525364,1.9,2026-07-31
707,41.24499017330663,15.042117930204574,-2.79810803818491,50.53036041710028,31.95961992951299,11020,Great Neck,Nassau County,NY,1636312.0,0.1247605068585166,0.7893237620623346,0.4933425255790986,,0.39170097898286,0.1310413469105644,-0.176766946585996,-0.1001680530933401,2.3,2026-07-31
708,41.19464371772159,14.921780986762936,-2.79810803818491,49.89840621409885,32.49088122134434,07704,Fair Haven,Monmouth County,NJ,1601958.0,0.1682615960265309,0.76810549472013,0.5290482398872101,,-0.0321025587196956,0.3777645162005578,0.1021222460331756,0.0862481448282255,3.8,2026-07-31
709,41.147012300538464,14.8014440433213,-2.79810803818491,44.04529660291501,38.248727998161925,11023,Great Neck,Nassau County,NY,1536126.0,0.0727173588483229,0.726143071099898,0.2836199279053986,,0.4986187687667491,0.1431580663961298,-0.1504086177116406,0.0468876042230379,2.5,2026-07-31
710,41.10664121583496,14.68110709987966,-2.79810803818491,31.9953417759136,50.21794065575631,07029,Harrison,Hudson County,NJ,583959.0,-0.0787583992982337,-0.2410462524472105,0.1547130344462868,0.0537544851223162,-0.0009031517588777,-0.0087355749565816,0.0101991969282035,0.3249007245245202,2.0,2026-07-31
711,41.039360901943375,14.560770156438029,-2.79810803818491,26.29787710476212,55.78084469912463,11378,New York,Queens County,NY,877805.0,-0.0998744812075283,0.1665483997306029,0.0566273033822906,0.0369888484055617,0.4354366684148949,-0.2011620243988295,-0.1318015667797514,0.0114336554562053,1.4,2026-07-31
712,40.97619874745991,14.440433212996387,-2.79810803818491,28.47752005515373,53.47487743976609,11370,New York,Queens County,NY,828017.0,-0.0539506776736292,0.1081572323871515,0.2060044701063059,0.0454048766234363,0.4985623424738274,-0.2485935445176154,-0.0546132086261224,0.049681043045988,1.9,2026-07-31
713,40.92092589578644,14.320096269554751,-2.79810803818491,26.16563373478744,55.67621805678544,10017,New York,New York County,NY,782098.0,-0.3419794822988425,0.0511037029278629,-0.4785715368164407,0.0694461051672548,-0.1454647521634886,0.3709861058178908,-0.1889016694479401,-0.0146837687922791,2.1,2026-07-31
714,40.86640651999978,14.199759326113115,-2.79810803818491,26.006033229740243,55.72677981025931,10453,New York,Bronx County,NY,571897.0,-0.0042827399084984,-0.261917817409337,0.2488887356400067,0.0489878680909145,0.957210946764486,-0.3579909344203396,-0.1010326360333842,-0.0375217579854145,0.8,2026-07-31
715,40.684157819328895,14.07942238267148,-2.79810803818491,35.048881415216144,46.31943422344165,10022,New York,New York County,NY,1180192.0,-0.3207535095137089,0.4625560167044131,-0.00079063171896,0.052323300422836,0.0361672529386261,0.3562165759113672,-0.0989511262094655,0.026932327954656,2.7,2026-07-31
716,40.59910545002579,13.959085439229844,-2.79810803818491,31.69799423392909,49.50021666612248,11228,New York,Kings County,NY,1212115.0,-0.0764583412950617,0.4892458694887924,0.2633443374234225,0.0284186451529651,0.7836820039566763,-0.1141198789786552,-0.0934815568227254,-0.024438540159499,1.9,2026-07-31
717,40.59370381659847,13.838748495788206,-2.79810803818491,46.91700850318209,34.27039913001485,10803,Pelham,Westchester County,NY,1458307.0,0.1890028714544684,0.6741554659506583,0.7757918004029403,0.0354493184687568,0.0238073280472217,0.2625399233965483,0.0832625702074842,0.022292295147132,3.7,2026-07-31
718,40.581034185742496,13.718411552346572,-2.79810803818491,30.523450477470497,50.638617894014494,10004,New York,New York County,NY,1252150.0,-0.3109899304898281,0.5217413335937788,-0.2237520928555518,0.0466309623155778,-0.2784667198460469,0.4144339643677176,0.0420816364233616,-0.0386031247802873,1.3,2026-07-31
719,40.57790426992669,13.598074608904934,-2.79810803818491,24.892321892913003,56.26348664694039,11220,New York,Kings County,NY,975526.0,-0.4657179827871754,0.2721002911079964,-0.1234837509823787,0.0337005438979902,0.7465347404396503,-0.2208548205186741,0.0998004740379752,0.0124953070054767,2.4,2026-07-31
720,40.56549112356871,13.477737665463296,-2.79810803818491,41.59588905958037,39.535093187557045,11547,Glenwood Landing,Nassau County,NY,998799.0,0.1062516849133267,0.2956775698183929,-0.3866407687150062,,0.4528779519746375,0.2660934709568017,-0.0595150290201385,0.2312983068249486,2.1,2026-07-31
721,40.50141684224755,13.357400722021662,-2.79810803818491,27.39799815864788,53.604835525847214,10280,New York,New York County,NY,822198.0,-0.1597324136625189,0.1011044907595994,-0.6630062414630249,0.0770507140738032,-0.5069652175816952,0.3817849947864266,-0.1100334572280843,-0.1094679758586189,2.1,2026-07-31
722,40.39496893372739,13.237063778580024,-2.79810803818491,27.332784176533657,53.457153690921125,11223,New York,Kings County,NY,1102835.0,-0.0732257447266007,0.3947631784504501,0.2026635643989234,0.0287694907836924,0.9670610407028916,-0.1552955418644362,-0.0716370929362515,-0.0761077624011574,2.8,2026-07-31
723,40.34734882423321,13.116726835138389,-2.79810803818491,50.01074481134352,30.68395283712291,07632,Englewood Cliffs,Bergen County,NJ,1830360.0,0.0603234972903429,0.9013919467112484,1.207446899754018,,0.1819165027805211,0.2562703812838997,0.2031999863785927,-0.0135982646021514,3.1,2026-07-31
724,40.27359135383431,12.996389891696747,-2.79810803818491,50.33486124845288,30.212321459215737,11968,Southampton,Suffolk County,NY,2253681.0,0.0865442156474682,1.1094439140722478,0.1509365695331919,0.2213732095675361,0.7794419095540401,0.1014591383370764,0.1540802203101563,0.0589389699697025,2.9,2026-07-31
725,40.240393668601946,12.876052948255117,-2.79810803818491,53.76796188200616,26.71282545519773,07620,Alpine,Bergen County,NJ,3192136.0,0.1241866975946916,1.4575694069685683,1.2006812780839071,,0.6696646811077958,0.2732133661824237,0.4030681722014684,-0.0593305158121741,2.8,2026-07-31
726,40.09330592447341,12.755716004813475,-2.79810803818491,28.284990557542542,51.90162129140429,11232,New York,Kings County,NY,841661.0,-0.2537300041431592,0.1245013262366345,-0.3980945094241797,0.0472966653927027,0.3360972042704151,-0.1366220344430025,0.1643275835736304,0.0387827119283044,2.0,2026-07-31
727,40.08346275143527,12.63537906137184,-2.79810803818491,23.04051612104354,57.126409381827,11203,New York,Kings County,NY,738204.0,-0.0994478672941024,-0.0066563432459272,-0.2764088227760837,0.0478271730309176,0.4966086702014258,-0.2132339027265778,-0.0106057617480956,0.0428326847751264,2.2,2026-07-31
728,40.0298560150496,12.515042117930204,-2.79810803818491,41.21619961456528,38.84351241553393,11516,Cedarhurst,Nassau County,NY,1248848.0,0.102834817500597,0.5191009443129104,0.2291398761005982,0.0422789501971777,0.5927892713226217,-0.0356414517388197,-0.2754516784696239,0.2681978949072026,2.2,2026-07-31
729,39.89594722866016,12.394705174488568,-4.306562509227508,45.84980949959903,33.9420849577213,10538,Larchmont,Westchester County,NY,1787056.0,0.1251791825840079,0.8774485667955396,0.6119156016801401,0.0457978601502702,0.2613164010775157,0.3347335395968702,-0.1767166075242237,0.1333684419391228,3.7,2026-07-31
730,39.89001803469122,12.274368231046932,-4.306562509227508,25.476283906673316,54.30375216270913,10455,New York,Bronx County,NY,481980.0,-0.1870412542308535,-0.4329740256749517,-0.1082523367633765,0.0680803106351507,0.7015745472366575,-0.3164673793672066,0.0026399734981481,0.0828152229976526,1.3,2026-07-31
731,39.86681030581006,12.154031287605296,-4.306562509227508,48.08612265804907,31.647497953571055,11559,Lawrence,Nassau County,NY,2238703.0,0.2466624355710504,1.102775778618577,0.8577549984443689,,0.8623775311584605,0.1165072568357038,0.1517248268342399,-0.0376620586279565,2.7,2026-07-31
732,39.8526620138038,12.033694344163658,-4.306562509227508,33.230996858652745,46.47432716895486,11358,New York,Queens County,NY,1086228.0,-0.0859775363553826,0.3795899006502949,0.2989718684310105,0.0297278385336194,0.6216367062048274,-0.1030772725995619,0.0161226694749156,-0.0209637760818545,1.8,2026-07-31
733,39.85037453214316,11.913357400722022,-4.306562509227508,28.46237016534017,51.23837889894615,11379,New York,Queens County,NY,906378.0,-0.0917838771761406,0.1985802030064754,0.3263417460449371,0.0379503195277309,0.3812555025900923,-0.134742020875786,-0.1220276192311917,0.0357283223710605,1.6,2026-07-31
734,39.8146949645132,11.793020457280386,-4.306562509227508,27.21684346116079,52.4125464678656,11418,New York,Queens County,NY,761379.0,-0.1060153618883191,0.0242556991834241,0.2275582654473122,0.0445244465821002,0.2439710604228195,-0.1619288627541548,0.037408878226568,-0.0112966492415115,1.8,2026-07-31
735,39.8041015890759,11.672683513838749,-4.306562509227508,25.3410038508328,54.26719932731899,11433,New York,Queens County,NY,724396.0,0.0123035855755983,-0.0255384173089883,-0.0089615325885006,0.0513531492243824,0.3451953795029261,-0.3022761371409821,0.1256785638830013,0.0324888971666051,1.9,2026-07-31
736,39.65013877925698,11.552346570397113,-4.306562509227508,32.439869440407136,46.860408118106825,07208,Elizabeth,Union County,NJ,591099.0,0.1201658798208335,-0.2288928218289054,0.1106310614322581,0.0442981696057723,0.3101459751131734,-0.2653105106353267,0.0528441162119399,0.0485854065438256,2.2,2026-07-31
737,39.59908815790889,11.432009626955477,-4.306562509227508,31.580087907389675,47.6180884084281,11205,New York,Kings County,NY,1077317.0,-0.0810911204353757,0.3713527331922766,-0.1629685609021969,0.0450505996177596,0.5505176661313136,0.035795067687517,0.235540122562357,0.0556138909983768,2.8,2026-07-31
738,39.4997638509812,11.31167268351384,-4.306562509227508,41.94988398324266,37.04964371871975,07976,New Vernon,Morris County,NJ,2108860.0,0.0741179568076425,1.043026537546945,0.7688052051141643,,0.2520771769645058,0.2386360772573696,0.7331400129476027,-0.7242131382024881,2.9,2026-07-31
739,39.49299348659294,11.1913357400722,-4.306562509227508,27.08884069727856,51.897146275907325,10016,New York,New York County,NY,946198.0,-0.3003081711370751,0.2415754683842053,-0.2742691865126012,0.0663179783138848,0.0184721779998529,0.3074181809801224,-0.1280797127821014,0.0247073433309206,2.1,2026-07-31
740,39.399948881236526,11.070998796630564,-4.306562509227508,30.93553412890907,47.864363633563975,11365,New York,Queens County,NY,1015551.0,-0.1119810843518656,0.3123102758465688,0.242472516541099,0.0320125344786031,0.6359378623596992,-0.1122306639458614,-0.0477860272834647,0.0040632962771847,1.4,2026-07-31
741,39.336096507245976,10.95066185318893,-4.306562509227508,23.444489567777428,55.22770344671453,11423,New York,Queens County,NY,843106.0,-0.0658374748720934,0.1262165327353841,0.0393612335148851,0.0380912943965579,0.4647719901859595,-0.1553408603909079,-0.1138933515290041,-0.0500013197214046,2.0,2026-07-31
742,39.19346972770386,10.830324909747292,-4.306562509227508,44.74860926558154,33.63833018982616,11577,Roslyn Heights,Nassau County,NY,1417874.0,0.0934164475310378,0.6460378977814081,0.1005561859877115,,0.1595916187363488,0.1670003798663781,-0.0280399276050342,-0.0352597613833311,2.9,2026-07-31
743,39.19312975593953,10.709987966305656,-4.306562509227508,25.349794284552697,53.03646522732637,11210,New York,Kings County,NY,944833.0,-0.0761866987239706,0.2401324977505279,0.0400947329159446,0.0370068793811162,0.5342459686879433,-0.0975809805610004,-0.0437135256346969,-0.0603117968038248,2.5,2026-07-31
744,39.18610348176398,10.589651022864018,-4.306562509227508,36.69293868523309,41.67926827829486,11366,New York,Queens County,NY,1143176.0,-0.028719545985124,0.4306891267267669,0.3425099990947391,0.0299166625729454,0.2439120597057129,0.0603017030469075,0.2424539908130896,-0.0292560023973035,1.4,2026-07-31
745,38.82051677542205,10.469314079422382,-4.306562509227508,19.062178925485693,58.57885462535841,10451,New York,Bronx County,NY,338618.0,,-0.7860023191311178,-0.4826973462887824,0.1057741749882557,0.2776077936004639,-0.2697454016978914,0.0136969703605895,0.1015308699353883,1.2,2026-07-31
746,38.73353471757076,10.348977135980746,-4.306562509227508,23.822848641994398,53.64422079314711,11369,New York,Queens County,NY,847115.0,-0.0695885076998333,0.1309600938923623,0.2373716398821947,0.0358865150306083,0.4664846979523378,-0.2677211974816594,0.162160385153113,0.0322915347106039,1.8,2026-07-31
747,38.6347312590834,10.22864019253911,-4.306562509227508,20.16898161895393,57.10048089921287,10040,New York,New York County,NY,483751.0,-0.4898868440396949,-0.4293059313142393,-0.0942503647733872,0.0741192354328424,0.1096565454800468,-0.1009935852242628,0.0455661250029493,-0.0485412316552992,0.9,2026-07-31
748,38.59459435148363,10.108303249097473,-4.306562509227508,23.5486528404858,53.64053586248146,11204,New York,Kings County,NY,1272714.0,-0.0038703673558138,0.5380309921285953,0.2701548966078935,0.0236319065106146,1.018263307904658,-0.1904475693130521,0.03779324253364,0.0338904627873833,2.6,2026-07-31
749,38.59314928780378,9.987966305655837,-4.306562509227508,40.99696923081388,36.18932934479368,07041,Millburn,Essex County,NJ,1330636.0,0.1866387659460255,0.5825360555318628,0.5248007938235588,0.0399808834184139,-0.0081807730492393,0.3605152998972083,0.177499859545394,0.0357097008933851,3.1,2026-07-31
750,38.56634923898378,9.8676293622142,-4.306562509227508,53.59432719504256,23.538371282925,11976,Water Mill,Suffolk County,NY,5090000.0,0.1274292912925666,1.924156824005827,0.8270324769506505,0.2385068979505333,1.4510689122551887,0.2392416407341848,-0.007813786963549,0.2198780316639477,2.4,2026-07-31
751,38.53146885688485,9.747292418772563,-4.306562509227508,28.589697143978697,48.473240569791,11239,New York,Kings County,NY,679990.0,-0.0550662634764279,-0.0887974738982375,-0.0571830193838529,,0.994478571835782,-0.2372888482062207,0.0335852602696853,0.270093551532755,2.7,2026-07-31
752,38.521109979642254,9.626955475330927,-4.306562509227508,23.616340581563342,53.42587937772117,07114,Newark,Essex County,NJ,464867.0,-0.1628002194241965,-0.4691249720905173,-0.0808779066921498,0.0548522546884683,0.6680853153157222,-0.3736050631237549,-0.0376804377541741,0.0809881779293244,1.7,2026-07-31
753,38.44269293306141,9.50661853188929,-4.306562509227508,22.834879936975305,54.05050592914751,11219,New York,Kings County,NY,1285891.0,-0.0285532229030419,0.5483313158107777,0.2606240546605125,0.0254547142443099,1.203180236696119,-0.2871844815087354,0.1294114154664321,0.0233780949494113,2.9,2026-07-31
754,38.42556378223571,9.386281588447654,-4.306562509227508,46.05785280136178,30.79327476310964,10583,Scarsdale,Westchester County,NY,1615554.0,0.0918912680597724,0.7765569626087352,0.5603342289951101,0.0656534367623502,-0.0236510908310905,0.3108611721294462,-0.0482780868420178,-0.0355989649648369,3.8,2026-07-31
755,38.19748102845331,9.265944645006016,-4.306562509227508,45.17712130444556,31.21784075246107,11024,Great Neck,Nassau County,NY,2425669.0,0.1460736401628221,1.182986506552444,0.7377109251805027,,0.7377445790396748,0.0558552621072061,0.0797728550825684,0.0694369640078387,3.3,2026-07-31
756,38.00498536887094,9.14560770156438,-4.306562509227508,25.988637191308943,50.021333546432935,07302,Jersey City,Hudson County,NJ,902619.0,-0.174222949064141,0.1944242554678297,-0.2991810609746519,0.0516082128132462,-0.2495447572696492,0.3309687155809028,0.0164045530022232,0.1890688144616386,1.1,2026-07-31
757,37.99451383311317,9.025270758122744,-4.306562509227508,49.17008114514469,26.81894652108164,11568,Old Westbury,Nassau County,NY,3079808.0,0.1807207407829562,1.4217464735265557,0.9806980154959516,,0.6215384200867298,0.2976387657059375,-0.0768648529123723,-0.1501253176585312,3.1,2026-07-31
758,37.95731381894541,8.904933814681106,-4.306562509227508,26.469621636078912,49.44500600181191,11224,New York,Kings County,NY,563168.0,-0.3538948155073577,-0.2772983744487476,-0.5225109930719878,0.0714822337983487,0.6678010277446755,-0.139132630527698,0.0622246027158261,0.0377992482103517,1.5,2026-07-31
759,37.70228862290125,8.78459687123947,-4.306562509227508,23.59846503893633,51.80611220686616,10033,New York,New York County,NY,613347.0,-0.3208925822052834,-0.1919445674810802,0.235256431811532,0.0617516275189628,0.21129099223537,-0.0808901618907055,-0.0577747369604093,-0.0055665680822316,1.7,2026-07-31
760,37.6738492587825,8.664259927797833,-4.306562509227508,29.45092218011474,45.89677633745025,11105,New York,Queens County,NY,1151798.0,-0.0908305378853008,0.4382030760371016,0.3855852503767512,0.0318182401831506,0.5343694870282991,0.0564130273814126,0.0133411759575992,-0.0019146963188291,1.6,2026-07-31
761,37.29278890622781,8.543922984356197,-4.306562509227508,34.24635253056589,40.33922528188973,10952,Monsey,Rockland County,NY,1155778.0,0.1863004891055876,0.4416531586688403,0.330679970515936,,0.9988528484498598,-0.2355198634458502,-0.1498057960097458,0.1543528275901738,2.4,2026-07-31
762,37.17097591441669,8.42358604091456,-4.306562509227508,20.9982546197076,53.343697209125786,11207,New York,Kings County,NY,642404.0,-0.0901298413530145,-0.1456583493748677,-0.2580505516158471,0.063845553665711,0.5409508800755798,-0.2885102128622825,0.130152562552265,-0.0058432488785109,1.9,2026-07-31
763,37.04027028140861,8.303249097472925,-4.306562509227508,30.36571603846373,43.71482452435348,10075,New York,New York County,NY,1223655.0,-0.402388558297481,0.4987216077464662,0.0120188023725944,0.0391388280420437,0.1707508674430726,0.3848909732432187,-0.1138392539782646,0.1019211151337134,2.8,2026-07-31
764,36.93623845438914,8.182912154031289,-4.306562509227508,17.19180433014191,56.68067257863637,10032,New York,New York County,NY,566913.0,-0.2446585235716082,-0.270670461478236,0.0767282910837003,0.0638701966874577,0.4105396441219333,-0.0784020167656058,-0.1712882889502243,-0.0083559653436961,2.6,2026-07-31
765,36.51943087730495,8.062575210589651,-4.306562509227508,24.535788648185733,48.50307310642416,07307,Jersey City,Hudson County,NJ,774466.0,-0.0364699236429025,0.0412975664807966,-0.1240827778531485,0.0409417285968967,0.3401418967767167,-0.0194527961565776,0.0436411947139472,0.0944572362764122,1.7,2026-07-31
766,36.36250886657239,7.9422382671480145,-4.306562509227508,23.58123665554592,49.14378107759887,10473,New York,Bronx County,NY,558158.0,-0.0690787895874645,-0.2862332492234696,0.0219448260498893,0.0625604870463496,0.4749345171937651,-0.2369573860074855,0.0030167049654252,0.0284339138336256,1.9,2026-07-31
767,36.115585501892966,7.821901323706378,-4.306562509227508,21.98099723800048,50.25017376578545,11432,New York,Queens County,NY,898273.0,-0.1407255321905701,0.1895976381259494,0.2247203922638814,0.0359823248142207,0.605492952801973,-0.1282690261543715,-0.0553433007800858,0.0678115288332413,1.9,2026-07-31
768,36.08635733772659,7.701564380264742,-4.306562509227508,41.0516697153604,31.12104496009278,07723,Deal,Monmouth County,NJ,4524126.0,0.2918855243384296,1.806303515239588,1.436802181739834,,1.4523865644201812,-0.1546110835161052,0.6616169000014924,-0.024239992572143,3.7,2026-07-31
769,36.0658645663454,7.581227436823104,-4.306562509227508,21.142392537853222,50.98933659483757,10037,New York,New York County,NY,585332.0,-0.2428422271253239,-0.2386969263469183,-0.1114923627071089,0.0589915886673246,0.5876220556971699,-0.0713772667414996,-0.1705908364620256,-0.016868245199381,2.3,2026-07-31
770,35.82656297751858,7.460890493381468,-4.306562509227508,34.53369979754419,37.119426157492974,11215,New York,Kings County,NY,1525203.0,-0.1556596764696514,0.7190063299421734,0.2633058345571033,0.0336611479721994,0.2152425906200281,0.3153211255018511,0.1103433114449163,0.0276751716035675,2.6,2026-07-31
771,35.66529939574225,7.3405535499398304,-4.306562509227508,18.131122516839252,53.19947627464525,10472,New York,Bronx County,NY,702826.0,-0.1031288996663427,-0.0557667199146099,0.3411312694236112,0.0525962263984662,0.9509673104058975,-0.3542962210607973,-0.0281491147510948,0.0166284494318012,1.9,2026-07-31
772,35.323880054387935,7.220216606498194,-4.306562509227508,30.1959947791881,40.45176532958777,10021,New York,New York County,NY,1510567.0,-0.4439897360860844,0.7093643579827287,0.1832024877620881,0.032368378011747,0.3637505329040269,0.3028813042319502,0.0302791441374683,-0.0330516612338553,3.4,2026-07-31
773,35.178675899886315,7.099879663056559,-4.306562509227508,20.7016707721346,49.655681027638025,07108,Newark,Essex County,NJ,503885.0,-0.0748105745606967,-0.3885290664608973,0.0676098969266032,0.0494584215550105,0.7436686791217972,-0.3068090603683856,0.0620360395386683,0.1171194433690828,2.0,2026-07-31
774,35.03206653518797,6.979542719614922,-4.306562509227508,29.191311116876435,40.87282195349951,10065,New York,New York County,NY,1721303.0,-0.2877660094937774,0.8399605462513833,0.3758008123410779,0.033026310742896,0.5156590867803181,0.3743287364559055,-0.1858154623015924,0.0190838260429287,3.4,2026-07-31
775,34.93631086262974,6.859205776173286,-5.5777648450392565,31.3002198384637,38.572401886795774,07650,Palisades Park,Bergen County,NJ,1012589.0,0.0933297572266717,0.3093892595058953,0.4250820248925624,0.0317011928918852,0.4794781613149073,0.0190476017814961,0.0968775780085202,-0.0527621643170303,2.5,2026-07-31
776,34.72596401436607,6.738868832731648,-5.5777648450392565,14.473572955707334,54.9783550730248,11208,New York,Kings County,NY,747512.0,-0.0865905934265743,0.0058745496723098,-0.0037050097761266,0.0523141710630475,0.5987558641217123,-0.3101760522557996,0.1499702222243932,-0.0543902407072828,2.3,2026-07-31
777,34.6479061587084,6.618531889290012,-5.5777648450392565,42.67336499290116,26.622447324515647,11963,Sag Harbor,Suffolk County,NY,2368224.0,0.0574056516135858,1.1590194856648033,0.0016066310525939,0.2836161627992836,1.030232432640212,0.0319767755968215,0.1450726442368601,0.0284562734354969,2.1,2026-07-31
778,34.615568905655635,6.498194945848375,-5.5777648450392565,20.13102377848204,49.10011403282923,11385,New York,Queens County,NY,879961.0,-0.1424200639667066,0.169000916660325,0.0841374183463763,0.0471413248662964,0.4034432946837352,-0.1429642453259003,-0.0663829291616142,0.0099520198495961,1.6,2026-07-31
779,34.54311715549409,6.377858002406739,-5.5777648450392565,34.473254746721054,34.61297956426712,11231,New York,Kings County,NY,1788288.0,-0.1780274221594147,0.8781379959287623,0.4212677853211701,0.0328800770635799,0.6582525627755611,0.184010967000944,0.1083622859479565,0.0443547813554359,2.2,2026-07-31
780,34.51956699005324,6.257521058965103,-5.5777648450392565,19.025596205489688,50.01353777461679,11213,New York,Kings County,NY,1147833.0,-0.0053067860881107,0.4347553274040283,0.1862185561091518,0.0330323734582076,0.9796729820437208,-0.1215061113786066,0.1422531320762488,0.0271117640575318,2.0,2026-07-31
781,34.33713814071852,6.137184115523466,-5.5777648450392565,16.44930203039968,52.224974251037374,11212,New York,Kings County,NY,679042.0,-0.123626350799865,-0.090193376829891,-0.2885757142290401,0.0488943817435146,0.9088701544406586,-0.3342252593258276,0.2130702478577379,-0.0422818798243082,1.8,2026-07-31
782,34.110588952379025,6.016847172081829,-5.5777648450392565,16.356635138166617,51.86454276659144,07102,Newark,Essex County,NJ,404857.0,-0.2721710569662289,-0.6073412199627146,-0.2191149270301871,0.0721821416593689,0.4538472721918889,-0.118874294974267,0.1832865094035067,0.1065137199920054,-0.3,2026-07-31
783,34.04069140941878,5.896510228640193,-5.5777648450392565,19.26109890704123,48.82028391179632,11221,New York,Kings County,NY,1098219.0,-0.1315041834113174,0.3905692350570735,-0.0052956327355673,0.040092203945547,0.6605532920607977,-0.0309973933575752,0.1787912529896829,0.0776963779506625,1.5,2026-07-31
784,34.02749073078074,5.776173285198556,-5.5777648450392565,20.125599967491063,47.92938149407041,11218,New York,Kings County,NY,971922.0,-0.232350756926008,0.2683998415326005,-0.104212680116797,0.0395559129489549,0.4111796322150904,0.0179202725125977,0.0504137008110152,0.0209660751176772,2.7,2026-07-31
785,34.00066139380489,5.65583634175692,-5.5777648450392565,20.44261096099857,47.5587118266112,07086,Weehawken,Hudson County,NJ,878427.0,-0.0403643867616057,0.1672565335778824,-0.1528497115636256,0.052546434031644,0.0383364128333674,0.1938709234389853,-0.0005654372805867,0.2306397346482927,2.4,2026-07-31
786,33.97208037426729,5.535499398315283,-5.5777648450392565,32.006923007568304,35.937237740966275,10024,New York,New York County,NY,1625816.0,-0.3048668916329081,0.782889192211238,0.2262301196364475,0.03252426048895,0.3025598790373933,0.3297588342330598,0.0032081533798784,0.0413478016901314,3.0,2026-07-31
787,33.841537834433964,5.415162454873646,-5.5777648450392565,17.54054467645208,50.14253099241586,11233,New York,Kings County,NY,1031541.0,-0.0745859347917004,0.3279330737643651,0.0723847811676599,0.0381809000314124,0.9154483962879753,-0.1578660231823332,0.0980061814791692,0.0167178368588596,1.7,2026-07-31
788,33.77554121559554,5.294825511432009,-5.5777648450392565,15.78908690345299,51.761995527738094,11226,New York,Kings County,NY,801494.0,-0.3840903132302117,0.0756012112304542,-0.3163752991370891,0.0457604188571885,0.4022360964012896,-0.111268657407174,0.0985715090552634,0.0296491335159745,1.7,2026-07-31
789,33.43533859948356,5.174488567990373,-5.5777648450392565,34.2461415629023,32.62453563606481,10282,New York,New York County,NY,2207793.0,0.1006784112975459,1.088872625042436,0.3834425884634367,0.0419387073803133,0.2886645716026101,0.3459209197185986,-0.2311862132887281,-0.0064789360981484,2.5,2026-07-31
790,33.411208291848666,5.054151624548736,-5.5777648450392565,18.24338181071729,48.57903477298004,10044,New York,New York County,NY,945596.0,-0.0073893434992765,0.2409396796593057,-0.169346393846105,0.0557747921000442,0.3241042859434546,0.2273535358025238,-0.2452240600098267,0.0693256958193358,1.1,2026-07-31
791,33.02290224718619,4.9338146811071,-5.5777648450392565,21.77493758848205,44.27086690589033,11103,New York,Queens County,NY,1049946.0,-0.2333262367487961,0.3456177016040413,0.3355415064843825,0.035523841987711,0.5307972565176555,0.0346292245342423,-0.0289164611912013,0.0131083168632815,0.8,2026-07-31
792,32.72878001895933,4.813477737665464,-5.5777648450392565,23.759445825601528,41.69811421231713,10023,New York,New York County,NY,1457669.0,-0.3972528643207657,0.6737179365484369,0.041032818003341,0.0415613403997043,0.3205887959700415,0.3489506764982319,-0.0441749927274184,0.0939535052085623,2.5,2026-07-31
793,32.569727208473715,4.693140794223827,-5.5777648450392565,15.811278963419992,49.32817545352744,11102,New York,Queens County,NY,727248.0,-0.2375627082400214,-0.0216087780065983,-0.3633894375323585,0.0548323263337328,0.1288933772357647,0.0957131787514858,0.0715227591608851,0.1219029653105326,1.5,2026-07-31
794,32.31461011246511,4.57280385078219,-5.5777648450392565,16.700910300292936,47.92830992463728,11225,New York,Kings County,NY,1162315.0,-0.2299570963464439,0.4472929345418652,0.0923280877460719,0.0358658495096664,0.6847791803991192,0.0112981395024313,0.1612443520666353,0.0120323675234568,2.4,2026-07-31
795,31.63851491789264,4.452466907340553,-5.5777648450392565,17.232240887184297,46.04478894860098,11206,New York,Kings County,NY,1153423.0,0.0766661883116008,0.4396128946457818,-0.032597722919526,0.0419280756863718,1.042971443884366,-0.1263247230815883,0.2040267919364993,0.0524827682509115,3.6,2026-07-31
796,31.481686158206813,4.332129963898916,-5.5777648450392565,9.26463330730114,53.69873900911249,10454,New York,Bronx County,NY,813171.0,-0.0758527976816441,0.09006491720484,0.2905585992755011,0.0444291681858148,1.6296910227809718,-0.3493405727900589,-0.1151402299032646,0.0678955123501856,2.1,2026-07-31
797,31.33320359797352,4.21179302045728,-5.5777648450392565,27.75598848323588,34.91041871271116,10013,New York,New York County,NY,3742256.0,-0.1741445713441681,1.6165677877666251,0.910923153099116,0.0209323939316118,1.255464222632862,0.2405066052278399,0.1220975589514399,0.0645799977907944,2.7,2026-07-31
798,30.986997168409104,4.0914560770156445,-5.5777648450392565,19.021062836202574,42.95293150061563,11237,New York,Kings County,NY,1119079.0,-0.0724618291818824,0.4093848049141719,-0.0219959275313446,0.0410121719845926,0.6856871849522388,-0.045074365874443,0.2377756563215403,0.014335840478003,1.7,2026-07-31
799,30.83120588073293,3.9711191335740073,-5.5777648450392565,10.612415401865938,51.04999635959992,10029,New York,New York County,NY,769085.0,-0.3959614185723868,0.034325866536955,-0.3329024729577394,0.0558973298881367,1.0998723382289526,-0.1441896233298126,-0.0935669536999608,0.0407259003159448,1.7,2026-07-31
800,30.803464671405315,3.850782190132371,-5.5777648450392565,13.693966893493528,47.91296244931711,11230,New York,Kings County,NY,927519.0,-0.3892780810777282,0.2216367667794792,-0.0422160167657406,0.0364934161484837,0.6940127492274584,-0.052147414810252,0.0460828718379087,0.0251658452488039,1.9,2026-07-31
801,30.685161736490315,3.730445246690734,-5.5777648450392565,11.000243721538292,50.37007975144234,10002,New York,New York County,NY,1000055.0,-0.4178010945895419,0.2969339011826459,-0.5749633337028026,0.0588489261475484,1.1389802499154704,-0.095645076036849,0.0375929946080724,0.0937417671877852,2.6,2026-07-31
802,30.67659369961828,3.610108303249097,-5.5777648450392565,19.718952012957217,41.634235386279336,11201,New York,Kings County,NY,1394218.0,-0.3666397197621066,0.6292125154959507,0.0368830574739753,0.0400925181577436,0.1963919670810774,0.3087445324977099,0.0611581601595627,0.1403038129624543,2.7,2026-07-31
803,29.78767874589527,3.489771359807461,-6.608965922178644,21.65243952680915,37.92291796498139,11217,New York,Kings County,NY,1611325.0,-0.1694397481518429,0.7739359710002098,0.2263761505611352,0.0336605754810939,0.4022834788158433,0.2293697243093908,0.0794533445091634,0.0589486547401832,2.6,2026-07-31
804,29.380682180114945,3.369434416365824,-6.608965922178644,16.2489776411178,42.51238671911209,10025,New York,New York County,NY,1162158.0,-0.2328479520450358,0.4471574419689013,0.0033548850606752,0.0488074326548124,0.4776170344277932,0.2070476177156978,-0.0580821874286154,-0.0375792786522361,2.7,2026-07-31
805,29.371335211119508,3.2490974729241877,-6.608965922178644,19.039636647682432,39.70303377455659,10011,New York,New York County,NY,1661716.0,-0.4651466336351429,0.8047298048989067,0.0750705292380367,0.0434793828702408,0.542469092665274,0.3059125973656261,-0.1768913963901983,-0.0060461283715349,2.9,2026-07-31
806,29.288538992612143,3.128760529482552,-6.608965922178644,21.76302516466788,36.81405282055641,11222,New York,Kings County,NY,1534004.0,0.0136408118892802,0.7247602974152105,0.3539995847981245,0.0372121131093612,0.6118485975255588,0.1689325290201682,0.0651492652032619,0.1651318869120095,2.0,2026-07-31
807,29.2192245689201,3.0084235860409145,-6.608965922178644,8.845649967388583,49.59279917045162,10005,New York,New York County,NY,1127894.0,-0.2961681282325689,0.4172316520524788,-0.4196719114978275,0.05039307392543,-0.1097611201720198,0.3681554844265821,-0.2283909964977741,0.0838261653636219,1.1,2026-07-31
808,29.1048570438028,2.888086642599278,-6.608965922178644,18.95459051632168,39.25512357128393,10128,New York,New York County,NY,1242060.0,-0.317933630016126,0.5136503043726108,0.1209685359811629,0.0415958555189261,0.2392366234161478,0.2882319251009666,-0.0381340900915638,0.0092655004213624,3.2,2026-07-31
809,29.0568220934196,2.7677496991576414,-6.608965922178644,22.350449777622067,35.763194409217135,10028,New York,New York County,NY,1487953.0,-0.3559486105278729,0.694280345017356,0.2208286720166619,0.0324879886086383,0.2500600458634412,0.3471698486471412,0.122358659193047,0.0390187535623367,2.9,2026-07-31
810,28.68775787119051,2.6474127557160045,-6.608965922178644,7.6609949367475005,49.71452080563352,10006,New York,New York County,NY,1077071.0,-0.3455034530329964,0.3711242028373664,-0.4094633841802935,0.0552417566188483,-0.1555373417123988,0.3536384798501252,-0.1708993900148225,0.0337677110038455,1.0,2026-07-31
811,28.26708153798649,2.527075812274368,-6.608965922178644,20.7360794932585,35.79808358271448,11211,New York,Kings County,NY,1426269.0,-0.0498780706262667,0.6519408196814762,0.2166615936351732,0.042490353488354,0.6956510241322309,0.0730728377166967,0.0491004313604666,-0.4271712262390125,2.6,2026-07-31
812,28.147498425410248,2.406738868832732,-6.608965922178644,15.707674867932228,40.58732198288827,11238,New York,Kings County,NY,1274575.0,-0.246549352185999,0.5394915509654457,0.0289845767191661,0.0388563099676365,0.3590132272399688,0.2418930672212691,0.1504357134034375,0.0879210330686837,2.9,2026-07-31
813,28.02944190052253,2.286401925391095,-6.608965922178644,13.138353566476471,42.9205302345686,10003,New York,New York County,NY,1439315.0,-0.432186556481145,0.6610461275536572,-0.1893752177670382,0.043842352798607,0.343650536422454,0.3521918458345655,0.0354181409687015,-0.0479547263042438,3.4,2026-07-31
814,27.475582081707078,2.166064981949458,-6.608965922178644,14.613101736969083,40.33806242644506,10019,New York,New York County,NY,1229885.0,-0.2965393697677335,0.5037993707673323,-0.0621706403877091,0.0473783851290634,0.3686682922519455,0.2916898037970978,-0.0171871668296201,-0.0384385140946592,1.7,2026-07-31
815,26.950559357658648,2.0457280385078223,-6.608965922178644,18.853275475421537,35.04784323989576,11249,New York,Kings County,NY,1553651.0,-0.166149603023317,0.7374866022993878,0.2212518204706519,0.0431999280247603,0.6461770705071455,0.1083974914409079,,,2.7,2026-07-31
816,26.90239252890733,1.9253910950661852,-6.608965922178644,7.765392378389438,46.039392679425234,10035,New York,New York County,NY,709389.0,-0.4985907618324919,-0.0464715180033987,-0.1136909733178193,0.0550807137364795,0.8654375763462478,-0.1685357877845614,0.1836867208747161,0.0739196896995475,1.1,2026-07-31
817,26.55947234832881,1.8050541516245489,-6.608965922178644,12.696178683019747,40.42276601363788,11216,New York,Kings County,NY,1234290.0,-0.1090096570086341,0.5073748821944779,0.0201933694160167,0.0353199782961496,0.610772409504819,0.0715290480345693,0.1701846779010782,0.0035672600334975,1.3,2026-07-31
818,26.40728941505845,1.684717208182912,-6.608965922178644,22.91762053071263,29.896958299404275,10069,New York,New York County,NY,1942774.0,-0.1462581208832777,0.9609959348040338,0.5100465333088522,0.0387996984372352,0.2284884505490036,0.4381630841349598,0.3359954899544455,-0.2127977178991995,1.5,2026-07-31
819,26.378965367642817,1.5643802647412757,-6.608965922178644,9.552717367614354,43.20521336767128,10009,New York,New York County,NY,1083044.0,-0.0999857247010599,0.3766545684222535,-0.4183918196475833,0.0559806843073986,0.5666461626965542,0.1335081726422822,0.1456276538971721,-0.006139223638218,3.2,2026-07-31
820,25.865337593198102,1.444043321299639,-6.608965922178644,16.229362257836875,35.50131292855934,10012,New York,New York County,NY,2914364.0,-0.2524516814436698,1.3665305700110544,0.5494297663846748,0.0222120589965614,1.1670330851386577,0.35925496418595,0.0217330580198051,-0.0089356181630663,4.1,2026-07-31
821,25.69094573104941,1.3237063778580025,-6.608965922178644,10.075149360831237,41.30674210126759,10010,New York,New York County,NY,1324787.0,-0.3849102867801118,0.5781308097463089,-0.0363460804122546,0.0488126403594332,0.3228677477006065,0.3105000058846636,-0.1449251854158788,-0.0213123545515753,2.6,2026-07-31
822,25.644068471740155,1.203369434416366,-6.608965922178644,6.954471614157624,44.333665329322685,10026,New York,New York County,NY,902612.0,-0.2021725311000818,0.1944163845190267,0.0776714426300291,0.0501682309773195,0.5182162766042075,0.0577238109742384,0.0770895037752907,0.0119101879545183,2.5,2026-07-31
823,25.38060812340168,1.083032490974729,-6.608965922178644,5.892713584742316,44.86850266206105,10039,New York,New York County,NY,653865.0,-0.0466175180500339,-0.1279752699991849,0.2228537431451851,0.059192441917814,0.7784084599860079,-0.2082355907955729,-0.1605799350529952,0.1224206012903084,1.9,2026-07-31
824,24.92928527145505,0.9626955475330928,-8.058339378825853,2.160684161466261,47.69788638144384,10030,New York,New York County,NY,726848.0,-0.1577918040451923,-0.0221584709768052,0.2039703226141185,0.0513903473557294,1.0151812311534936,-0.1369374348339937,-0.2931902454857411,0.0289729114332895,1.3,2026-07-31
825,24.71590116938236,0.842358604091456,-8.058339378825853,17.714411091008465,31.71739124775625,10007,New York,New York County,NY,3181544.0,-0.1260509108067303,1.4542456973732598,0.7386907808187626,0.0333698108344707,0.6540376439334341,0.3423580545220217,-0.1216485577461554,0.089045367773432,2.1,2026-07-31
826,24.09412833668281,0.7220216606498195,-8.058339378825853,3.554309463279817,44.63394721008581,10027,New York,New York County,NY,835348.0,-0.4147192969905152,0.1169722054789392,0.2039314480727103,0.0569205561013461,0.7507916404192272,0.02448822935156,-0.0937994833393993,0.0370828660216971,2.1,2026-07-31
827,23.35552020710405,0.601684717208183,-8.058339378825853,10.20775645643007,36.50328395777803,11101,New York,Queens County,NY,1153280.0,-0.1023524571093524,0.4394888236036429,0.2443075874018472,0.0461463608928696,0.3644428769574677,0.1914588588325457,0.2399116689245577,0.3700199712376267,1.1,2026-07-31
828,23.35218687261466,0.4813477737665463,-8.058339378825853,14.753228107170877,31.95114563805844,10001,New York,New York County,NY,1731977.0,-0.3551608441839292,0.8461423339813425,0.3656795196550906,0.0395509717904361,0.7010038580182509,0.2356635444916328,0.1043315456825464,0.1879186793225858,1.4,2026-07-31
829,22.00262499672344,0.3610108303249097,-8.058339378825853,10.06348773498608,33.9417622584608,10014,New York,New York County,NY,1869785.0,-0.4233641882122715,0.9227025114403596,0.0307710727372079,0.0399497546655302,0.4712335773550087,0.3642430603001287,0.0474306167620888,-0.0132120863582831,3.1,2026-07-31
830,21.57442387118777,0.2406738868832731,-8.058339378825853,0.1864549644585475,42.96239277791699,10036,New York,New York County,NY,996591.0,-0.2972929509916376,0.2934640173765626,-0.3030760738091729,0.0569616919438465,0.4541506511719173,0.2147690018817587,-0.2276562864542004,0.055921439394327,0.6,2026-07-31
831,20.75510745675652,0.1203369434416365,-8.058339378825853,1.0713081963324345,40.4389067171806,10018,New York,New York County,NY,1328354.0,-0.4271043227486576,0.5808197965894308,0.0391982569754905,0.0459039731485431,0.3187577519136979,0.2758487229336693,-0.0558477134079371,-0.0066375342131459,0.2,2026-07-31
