rank,score,nyc_percentile,hist_relative_pct,pred_gbm,pred_ridge,zip,city,county,state,zhvi,mom_5y_rel,log_price_rel_metro,nbr_log_price_gap,rent_yield,price_to_income_rel,bachelors_share_rel,d5_log_income_rel,d5_log_housing_units_rel,origin
1,93.93940232435736,100.0,32.17425015567219,95.73748674841441,92.1413179003003,10462,New York,Bronx County,NY,254850.0,-0.1286883100916217,-1.0702010921268954,-0.8054872547264615,0.11976666425304999,-0.4592605594442756,-0.22652630857105588,-0.11498886986097823,-0.0021317065251921924,2026-07-31
2,88.18462014640905,99.87966305655837,21.557876146960254,88.84456848343312,87.52467180938497,10468,New York,Bronx County,NY,261109.0,-0.4162622781422304,-1.0459387614460471,-0.6102546523762751,0.09838862697743826,-0.15837572585297655,-0.32570285740290034,-0.029907301600188063,0.03936549212087952,2026-07-31
3,84.8320046622818,99.75932611311673,14.982031659949403,90.20339731424531,79.46061201031829,18425,Greeley,Pike County,PA,301018.0,-0.018400402911575492,-0.9037052889609107,-0.08406902512287573,,-0.4462966329074043,-0.33945073230494793,0.03839562826302334,-0.46932088857369764,2026-07-31
4,84.8014959283162,99.63898916967509,14.982031659949403,90.92203932011104,78.68095253652136,18458,Shohola,Pike County,PA,311210.0,-0.0101905905538274,-0.8704082688077452,-0.04862098136597659,,-0.7200923988307573,-0.21508449565805815,0.08844920607284124,0.27512198100694657,2026-07-31
5,84.53255681767982,99.51865222623346,14.982031659949403,86.31703335087754,82.7480802844821,18328,Dingmans Ferry,Pike County,PA,262697.0,0.035647439024885236,-1.0398765689999738,-0.24047701898863671,,-0.7794690722972153,-0.19251107784505378,0.08994696298200644,0.00241734648424545,2026-07-31
6,83.05008492639169,99.39831528279181,14.982031659949403,81.47985505124947,84.62031480153391,08759,Toms River,Ocean County,NJ,276757.0,-0.04298651431174036,-0.9877359347189643,-0.5506864611601792,0.11316782459753656,-0.2211400204169245,-0.2608519769722425,0.037098412927834445,-0.025496438566294535,2026-07-31
7,83.0157471724674,99.27797833935018,14.982031659949403,91.53607953387015,74.49541481106465,18428,Hawley,Pike County,PA,327562.0,0.02319304163594396,-0.8191988873422957,-0.016434967680403645,,-0.4357293724559963,-0.1860321018362936,0.04746932977303686,-0.07026252135910811,2026-07-31
8,82.93083157300583,99.15764139590854,14.982031659949403,84.08361848537707,81.77804466063459,11415,New York,Queens County,NY,381318.0,-0.5987783391649263,-0.6672414569582905,-0.5442931454127535,0.0829123365127191,-0.4049028214980599,0.04186867374974912,-0.03353841787262013,0.005260161816403916,2026-07-31
9,82.51662266962,99.03730445246691,14.982031659949403,85.21693167483737,79.81631366440263,18426,Greentown,Pike County,PA,288029.0,0.0005959204907263482,-0.9478163782440774,-0.14172415755486512,,-0.3731644027128429,-0.2876965708940217,0.038587709335319076,-0.18012464812642442,2026-07-31
10,82.06454657090191,98.91696750902527,14.982031659949403,86.62475615847771,77.50433698332611,07416,Franklin,Sussex County,NJ,380608.0,0.03983586709002687,-0.6691050167264425,-0.22063029881632445,,-0.4909620671626709,-0.2787154716548418,0.08886749048441267,0.02026522916842248,2026-07-31
11,81.9720083559715,98.79663056558363,14.982031659949403,90.59693649205687,73.34708021988612,08733,Lakehurst,Ocean County,NJ,371578.0,0.07949624014195181,-0.6931184322960107,-0.3508946681167924,,-0.42329765392764007,-0.31897812996265984,-0.007838559514375731,0.1029739526639271,2026-07-31
12,81.94779854736873,98.676293622142,14.982031659949403,80.74487083910682,83.15072625563064,10452,New York,Bronx County,NY,297575.0,-0.33969756131949114,-0.915208851651439,-0.5916925747478885,0.10304618278071184,0.0854761119165548,-0.3266225073013453,0.10232103747259913,0.031732086000497525,2026-07-31
13,81.38826770474027,98.55595667870037,14.982031659949403,88.54639876831779,74.23013664116276,18336,Matamoras,Pike County,PA,307553.0,0.05342293314948812,-0.8822280021085707,-0.1581793068487105,,-0.4277973364282339,-0.16882784276198043,-0.20669345449019438,0.0931205150490471,2026-07-31
14,80.62705340901104,98.43561973525873,14.982031659949403,78.53100360267923,82.72310321534286,10463,New York,Bronx County,NY,367932.0,-0.46036474065459887,-0.7029777110575957,-0.39340515438027346,0.09704498640604582,-0.2988622334100406,-0.04987130202518053,0.01850230672435238,-0.0015598706997487916,2026-07-31
15,80.52498694476145,98.31528279181708,14.982031659949403,83.63740171602953,77.41257217349339,10471,New York,Bronx County,NY,437902.0,-0.25629947479862525,-0.5288819084675573,-0.3211377562769826,0.07919244409040602,-0.44280053452755586,0.08731451197982287,-0.08151860843371495,-0.023705741966187424,2026-07-31
16,79.82393640577641,98.19494584837545,10.696008796053192,87.85371129749423,71.79416151405859,08828,Helmetta,Middlesex County,NJ,434055.0,0.03203917031651607,-0.5377060122962245,-0.33585540959943216,,-0.4110840319545137,-0.08563385829861747,-0.16975279168701896,0.07049113034946623,2026-07-31
17,79.67687687504967,98.07460890493381,10.696008796053192,82.78596773666249,76.56778601343686,07827,Montague Township,Sussex County,NJ,324869.0,0.04410941034984042,-0.827454738904537,-0.20058311294759257,,-0.7257047965782608,-0.19989509172987424,0.06253379244840929,-0.1913260705243524,2026-07-31
18,79.6474130591068,97.95427196149218,10.696008796053192,78.64446483562001,80.65036128259358,07093,West New York,Hudson County,NJ,448784.0,-0.05634125643012097,-0.5043337530575815,-0.8979269366715528,0.06682980309085487,-0.07591705525824222,-0.1347738363592883,0.010338681020709117,0.013572905669221577,2026-07-31
19,79.6061676244302,97.83393501805054,10.696008796053192,85.9188393533123,73.2934958955481,07462,Vernon,Sussex County,NJ,301279.0,0.13150706716472485,-0.9028400349230594,-0.3907049219024419,,-0.7453582811303445,-0.16359300048332326,-0.15530562426415884,0.03176841756340058,2026-07-31
20,79.17082569444563,97.71359807460891,10.696008796053192,82.21099915120004,76.13065223769122,18324,Bushkill,Pike County,PA,267619.0,0.14079122625377352,-1.0213126997230173,-0.2789167485153392,,-0.509869647336813,-0.2392927817218698,-0.09819772726367582,-0.03670940998687451,2026-07-31
21,78.97318178471825,97.59326113116727,10.696008796053192,80.69041264413333,77.25595092530317,08880,South Bound Brook,Somerset County,NJ,460132.0,-0.006324449349470379,-0.4793629137062094,-0.3335100293526292,0.05672286048055694,-0.48514867568875464,-0.2521609273093891,0.05058506265209317,-0.032146454776297254,2026-07-31
22,78.1715278357228,97.47292418772562,10.696008796053192,75.89243219115191,80.45062348029369,11372,New York,Queens County,NY,431391.0,-0.5777212199587499,-0.5438613718387142,-0.4852333463241649,0.07462372087310763,-0.18705253982388226,-0.12113924351975713,0.02799380231436821,-0.02436040426585047,2026-07-31
23,78.16615828207355,97.352587244284,10.696008796053192,80.63619517454057,75.69612138960652,07734,Keansburg,Monmouth County,NJ,426817.0,0.0963477070899085,-0.5545202604651305,-0.4915007386758692,0.07028769350385985,-0.24033623932910975,-0.24881487293016458,0.048413592616332934,-0.1403746309915747,2026-07-31
24,78.15579320499052,97.23225030084237,10.696008796053192,83.56420926909234,72.7473771408887,07439,Ogdensburg,Sussex County,NJ,437204.0,0.054769264163363834,-0.5304764786089731,-0.09479282619913931,,-0.4684138626268546,-0.14460730615618922,-0.06800555027592736,-0.012295854960552702,2026-07-31
25,78.14936145732204,97.11191335740072,10.696008796053192,86.12293069770111,70.17579221694297,07419,Hamburg,Sussex County,NJ,402973.0,0.0932637143507197,-0.6120054060881923,-0.10929784915552077,,-0.503023429391795,-0.13416943224570604,-0.10156353373547411,0.06297891402604731,2026-07-31
26,77.92356110288571,96.9915764139591,10.696008796053192,81.70727769277133,74.13984451300011,10467,New York,Bronx County,NY,429079.0,-0.36817995807629667,-0.5492356801312095,-0.06241018202391757,0.06633181001067025,0.2734887690375636,-0.2701877718046072,-0.00570870181004679,0.018150862214870764,2026-07-31
27,77.47670202092723,96.87123947051745,10.696008796053192,76.99248319297483,77.96092084887964,11374,New York,Queens County,NY,436259.0,-0.6416895334429796,-0.5326398514627382,-0.3147325996741337,0.08566300689016997,-0.31817930492812896,-0.0009837328292628955,0.0739818771493077,-0.025804409230442096,2026-07-31
28,77.18350174514799,96.75090252707581,10.696008796053192,82.75886171315776,71.60814177713823,07111,Irvington,Essex County,NJ,423394.0,0.0776408510834056,-0.5625732909540382,-0.2906637396084477,0.05662014348989999,0.037875609696938595,-0.27935275413723926,0.07905577810417874,0.023633102587265406,2026-07-31
29,77.0086169712053,96.63056558363418,10.696008796053192,79.78326370671469,74.23397023569589,07103,Newark,Essex County,NJ,402662.0,-0.03487496116229813,-0.6127797920998255,-0.1796125904473147,0.0652248090384153,0.16623528830245138,-0.2570551193295978,0.3062646535511302,-0.024520819737634716,2026-07-31
30,76.93850035540154,96.51022864019254,10.696008796053192,81.42901565921842,72.44798505158468,11950,Mastic,Suffolk County,NY,519683.0,0.09954113394966094,-0.3576577676771784,-0.2384044977847406,,-0.21790320145064723,-0.3259735047780573,-0.20648284916351045,-0.0029118379715542125,2026-07-31
31,76.81604721704014,96.38989169675091,10.696008796053192,86.7825242185317,66.84957021554858,08887,Branchburg Township,Hunterdon County,NJ,350495.0,0.25516850915594735,-0.7515296752666671,-0.7238987710558202,,-0.7246710817831457,-0.0922490142439591,-0.11856666888855116,0.0666609331602122,2026-07-31
32,76.49486497971174,96.26955475330927,10.696008796053192,78.2274813935367,74.76224856588678,08757,Toms River,Ocean County,NJ,347292.0,0.039515793560373075,-0.7607099566125513,-0.32942347599183996,0.09862974846829717,-0.10538103297512014,-0.3028314638708537,0.003776945194976733,-0.00015469334523361689,2026-07-31
33,75.69254606645458,96.14921780986762,10.696008796053192,79.18327603048478,72.20181610242437,11367,New York,Queens County,NY,513255.0,-0.33357453263469206,-0.3701036507280371,-0.2394962531422955,0.05862640082611286,0.0328520973930615,-0.03230329633696638,-0.06464915008499439,-0.05782017224622722,2026-07-31
34,75.12298885146336,96.028880866426,10.696008796053192,78.45792652302538,71.78805117990133,07860,Newton,Sussex County,NJ,450730.0,0.02391996038731073,-0.5000071994426296,-0.07698028299088477,0.05287419958474015,-0.4796397080748449,-0.10236486985718557,-0.005586105375664729,-0.011740828266381079,2026-07-31
35,75.09582118008476,95.90854392298436,10.696008796053192,77.19237750732152,72.999264852848,11368,New York,Queens County,NY,554370.0,-0.30572857724018976,-0.29304337737451824,-0.08712695758946509,0.05128942690535265,0.1478043817450121,-0.3361522107054116,0.05633905212301826,-0.010998610063257266,2026-07-31
36,74.98390538667148,95.78820697954272,7.225402630928768,75.14474838776229,74.82306238558067,11722,Central Islip,Suffolk County,NY,578597.0,-0.006029696452797134,-0.2502706867955702,-0.19725699416809306,0.06450188568297638,-0.26564200298893437,-0.2973229649098479,0.1876738929754289,0.015891025445228288,2026-07-31
37,74.74920140157829,95.66787003610109,7.225402630928768,77.8274120657099,71.67099073744667,18337,Milford,Pike County,PA,356960.0,0.02423563077317184,-0.7332517462629227,0.10081453753769942,,-0.5461952434654223,-0.15608764629461885,-0.10402212184971837,0.08578347633637078,2026-07-31
38,74.28624944720917,95.54753309265945,7.225402630928768,76.62847844087474,71.94402045354362,08901,New Brunswick,Middlesex County,NJ,449510.0,-0.0012250875952869167,-0.5027191138171645,-0.2538544585091511,0.07300093226191288,0.031765948129227395,-0.255508041845169,0.17633997499189213,-0.03343646959768494,2026-07-31
39,74.244677027,95.4271961492178,7.225402630928768,79.73099745364726,68.75835660035274,18445,Newfoundland,Pike County,PA,291421.0,0.008198668781704305,-0.936108154831798,-0.08265270409483527,,-0.19320496013479915,-0.2635837472450067,-0.32612369659557494,-0.09005285983248941,2026-07-31
40,74.14265003043488,95.30685920577618,7.225402630928768,76.54906829464896,71.7362317662208,07088,Union,Union County,NJ,474664.0,-0.12334953564967818,-0.4482698418643274,-0.5088883269193456,,-0.2621897916174636,-0.1756586259677091,0.1430783277180563,-0.25201732685853057,2026-07-31
41,73.83576363562361,95.18652226233453,7.225402630928768,74.03342023182685,73.63810703942035,10034,New York,New York County,NY,448580.0,-0.45245948305097594,-0.5047886628036284,-0.12107871434418627,0.06817621138042498,0.0005847030034018541,-0.10282290694348878,-0.011777156578933301,-0.04277885846638059,2026-07-31
42,73.77370405987357,95.0661853188929,7.225402630928768,79.47314167594635,68.07426644380078,10993,West Haverstraw,Rockland County,NY,446796.0,0.07914687003482293,-0.508773296620868,-0.38222869896626044,,0.019969281799208316,-0.25396657163886177,0.10306455812383142,-0.008579063845919513,2026-07-31
43,73.3829694517405,94.94584837545126,7.225402630928768,79.30773518610637,67.45820371737462,07826,Branchville,Sussex County,NJ,465172.0,0.0006159845920134244,-0.46846822960420553,0.21443210240441246,,-0.5059434863004075,-0.1130393465413575,0.0833546612546403,-0.02038589884631721,2026-07-31
44,73.15913344463765,94.82551143200962,7.225402630928768,80.61252778167278,65.70573910760251,08740,Ocean Gate,Ocean County,NJ,452864.0,0.13752500250998914,-0.4952837020321663,-0.3194348462944081,,-0.013870476530456033,-0.15591392301320917,-0.04183973681784359,-0.06017404180061421,2026-07-31
45,72.98537650302484,94.70517448856799,7.225402630928768,75.1585030824165,70.81224992363316,11778,Rocky Point,Suffolk County,NY,558708.0,0.03664757458763504,-0.28524851073766655,-0.15539146908235857,,-0.4030395656029804,-0.12281977434957342,0.025039383666822346,0.008469765751176347,2026-07-31
46,72.86083711154552,94.58483754512635,7.225402630928768,76.16791027303968,69.55376395005135,18464,Tafton,Pike County,PA,359747.0,-0.002596869559416598,-0.7254750918930561,0.10694684817064903,,-0.35161459675361084,-0.2666117467877862,-0.034388707785728556,0.1570335764313005,2026-07-31
47,72.70213366026661,94.46450060168472,7.225402630928768,71.79482826682336,73.60943905370986,11373,New York,Queens County,NY,527239.0,-0.3876692827492537,-0.34322291696756047,-0.1705911110244731,0.06425173970619108,0.10861625715563217,-0.19826298056862934,0.03849067748937607,0.002612933275586024,2026-07-31
48,72.68982414200002,94.34416365824309,7.225402630928768,79.99406619310379,65.38558209089625,07874,Stanhope,Sussex County,NJ,454649.0,0.09583654568507996,-0.49135132623501043,-0.1602835493891135,,-0.6566771072468669,-0.06504003996868551,0.07986105127914733,0.009533377582622557,2026-07-31
49,72.62666509391676,94.22382671480143,7.225402630928768,78.92857245940537,66.32475772842814,07843,Hopatcong,Sussex County,NJ,455778.0,0.12519524486712044,-0.4888693809542364,-0.11827477356213656,,-0.45575342706552324,-0.15611096776291372,-0.007181737970391566,-0.11012618611473153,2026-07-31
50,72.56374387926763,94.1034897713598,7.225402630928768,80.13772001346297,64.98976774507229,08722,Beachwood,Ocean County,NJ,475088.0,0.13052657295139306,-0.4473759084852169,-0.12744255451748288,,-0.39761989434816347,-0.21593801107468036,0.06107939462777878,0.03344125037952876,2026-07-31
51,72.41548117275116,93.98315282791818,7.225402630928768,76.34281238376333,68.488149961739,07062,Plainfield,Union County,NJ,502841.0,0.10060156610389939,-0.3906013480835906,-0.4912152966750192,0.05259113330153502,-0.2578160200342101,-0.1670036694694091,0.11466444421955302,0.06520238256725035,2026-07-31
52,72.33465071985002,93.86281588447653,7.225402630928768,78.42273340004056,66.24656803965948,07865,Port Murray,Hunterdon County,NJ,517663.0,-0.00021849072517063362,-0.3615521289219057,-0.01694510580832187,,-0.32294487576594944,-0.027600222736892055,-0.3627514149530633,0.18383861812711394,2026-07-31
53,72.32427007276877,93.7424789410349,7.225402630928768,75.34208930084743,69.30645084469012,07465,Wanaque,Passaic County,NJ,523601.0,-0.05230333641588167,-0.3501454527991683,-0.23760365278451623,,-0.3752023705203371,-0.004205618920023357,-0.1158078250272574,-0.07127426696403445,2026-07-31
54,72.23115485381257,93.62214199759326,7.225402630928768,75.14512673189296,69.31718297573217,10927,Haverstraw,Rockland County,NY,460822.0,0.0742117113551565,-0.47786359670877765,-0.3474052353082371,0.08510727364988022,-0.07631903714894794,-0.24249166220171034,-0.05763579438309563,-0.011302962952113041,2026-07-31
55,72.22001904107748,93.50180505415162,7.225402630928768,72.5430607767056,71.89697730544937,10458,New York,Bronx County,NY,431786.0,-0.35907720954361333,-0.5429461124042358,-0.04059196257498421,0.07702607631423693,0.46962867060006874,-0.3075948196052724,-0.08986545855741923,0.01202008429849348,2026-07-31
56,72.21231921536875,93.38146811070999,7.225402630928768,71.57268199389628,72.8519564368412,18405,Beach Lake,Wayne County,PA,310993.0,0.05147578676522749,-0.8711046848458466,-0.02765721868095561,,-0.4330481007984137,-0.23304555726809917,-0.05930232211722952,-0.15039339515030087,2026-07-31
57,72.20488225078206,93.26113116726835,7.225402630928768,72.16648497208628,72.24327952947785,08087,Tuckerton,Ocean County,NJ,424554.0,0.13222005413266338,-0.559836496043923,-0.23252628694937627,0.06927423175501296,-0.356851161547451,-0.19996197083439465,0.09123766907659814,-0.09475131660586884,2026-07-31
58,72.12774147838626,93.14079422382672,7.225402630928768,70.60314030028637,73.65234265648614,07305,Jersey City,Hudson County,NJ,539819.0,-0.11235423544175269,-0.31964286433645483,-0.5374278688648904,0.05144760048647072,0.06397038033809,-0.14165195130835256,0.08190961018115672,0.07327192929494179,2026-07-31
59,71.99648604499103,93.02045728038509,7.225402630928768,74.64422023475223,69.34875185522982,10931,Hillburn,Rockland County,NY,517857.0,0.011952727491559761,-0.361176101766862,-0.583973866759365,,-0.06314779436486373,-0.23438187876477923,-0.05422183993618823,0.17113145567340854,2026-07-31
60,71.93506332407509,92.90012033694343,7.225402630928768,77.14758686723764,66.72253978091256,07721,Cliffwood,Monmouth County,NJ,524908.0,0.010812232993706067,-0.3476523119566082,-0.22709615616203038,,-0.43906748885453273,0.046330353302823646,0.23144017670491301,0.1318567082575524,2026-07-31
61,71.85179498546592,92.7797833935018,7.225402630928768,74.66488138372365,69.03870858720818,08005,Barnegat,Ocean County,NJ,508616.0,0.10305684455325129,-0.37918356179810964,-0.2789251983279115,,-0.19678612608435953,-0.15298827726295328,0.004770960204050212,0.07221856477306181,2026-07-31
62,71.79821357296623,92.65944645006017,7.225402630928768,75.26556035284406,68.3308667930884,07063,Plainfield,Union County,NJ,496634.0,0.06811330592419154,-0.40302363056605905,-0.37834845894431446,,-0.2176297455403884,-0.28277798114045694,0.1245062514486559,-0.1265842515866617,2026-07-31
63,71.65277618809901,92.53910950661853,7.225402630928768,76.30981906073325,66.99573331546478,07035,Lincoln Park,Morris County,NJ,549063.0,0.051506003401203065,-0.30266217531299233,-0.27291496091401335,,-0.3954902979501391,-0.04084566019694297,-0.0034554979676126862,0.0032231158360896267,2026-07-31
64,71.25154592250937,92.4187725631769,7.225402630928768,79.42015220912396,63.082939635894775,07420,Wanaque,Passaic County,NJ,506841.0,0.09067021630560249,-0.382678951283296,-0.26963730652341766,,-0.3553171809133382,-0.14799895188343426,0.034323607103836196,-0.009478503038158961,2026-07-31
65,71.2249159491688,92.29843561973526,7.225402630928768,79.70078888314983,62.74904301518778,08823,Franklin Park,Somerset County,NJ,430122.0,0.11842342135874376,-0.5468072073097421,-0.5085818959971338,,-0.575660347239759,0.10009682033396095,-0.1248707764691499,-0.1852582010933223,2026-07-31
66,71.19931509810695,92.17809867629362,7.225402630928768,71.51211134420087,70.88651885201301,08723,Brick,Ocean County,NJ,526199.0,0.08918379014696712,-0.34519614408298516,-0.5094290718206071,0.06372743735830987,-0.312006557236127,-0.15787202568820463,0.12296857232838221,-0.06335852915000269,2026-07-31
67,71.04984123227638,92.05776173285199,7.225402630928768,73.86258639582137,68.23709606873138,08835,Manville,Somerset County,NJ,487522.0,0.06805286499163579,-0.4215407858599818,-0.2316722574020158,,-0.2364576645117531,-0.22043829776740365,0.06186383153001529,0.05769104836375254,2026-07-31
68,71.04851599582646,91.93742478941034,7.225402630928768,70.15633785627146,71.94069413538146,10552,Mount Vernon,Westchester County,NY,556112.0,-0.07447196772428696,-0.28990734356777104,-0.4333922338082825,0.06352682634060186,-0.14043966760911286,0.022794770929073227,-0.0063403753775777005,0.08191427353016882,2026-07-31
69,70.96166863873503,91.81708784596871,7.225402630928768,71.82760818206835,70.09572909540172,11967,Shirley,Suffolk County,NY,551177.0,0.09228023833254398,-0.2988204220679993,-0.16106927358938705,,-0.29263692574889544,-0.29043622418368925,0.01851941201380214,-0.026870702325669973,2026-07-31
70,70.9592950471363,91.69675090252709,7.225402630928768,73.92727780637841,67.99131228789416,08829,High Bridge,Hunterdon County,NJ,464383.0,0.062154394494305626,-0.4701668750010626,-0.3295365886271586,0.05555760728031074,-0.47156985586714595,0.001989775424534712,-0.07570388648622028,-0.15830551330271686,2026-07-31
71,70.95830235952042,91.57641395908543,7.225402630928768,71.14579396930084,70.77081074973998,10040,New York,New York County,NY,483751.0,-0.48988684403969496,-0.42930593131423933,-0.09425036477338722,0.0741192354328424,0.10965654548004689,-0.10099358522426283,0.04556612500294932,-0.04854123165529929,2026-07-31
72,70.94793548955738,91.4560770156438,7.225402630928768,69.3459777509132,72.54989322820157,07601,Hackensack,Bergen County,NJ,472186.0,-0.019617243183132155,-0.4535023807090415,-0.3792022344097443,0.0691219809186575,-0.16635450896346815,-0.06928624386955351,-0.046857351132114644,0.013007106497491969,2026-07-31
73,70.93280978991108,91.33574007220217,7.225402630928768,65.46956863633957,76.39605094348258,10451,New York,Bronx County,NY,338618.0,,-0.7860023191311178,-0.48269734628878247,0.10577417498825575,0.27760779360046395,-0.2697454016978914,0.013696970360589589,0.10153086993538833,2026-07-31
74,70.79639424908038,91.21540312876053,7.225402630928768,70.22937454767172,71.36341395048905,11726,Copiague,Suffolk County,NY,591240.0,-0.07199755354421064,-0.22865412699358778,-0.16512411782503555,,-0.36274233893249996,-0.22810834668330404,0.30553805793235966,-0.036642328342194566,2026-07-31
75,70.7269019065633,91.0950661853189,7.225402630928768,77.38344409964597,64.07035971348063,07095,Woodbridge,Middlesex County,NJ,489322.0,0.12879718822150324,-0.41785531496048733,-0.14718394845018068,0.0628933655492999,-0.34985379033741393,-0.12863593262215944,-0.039403884228285335,0.0076723628337538735,2026-07-31
76,70.63000089904563,90.97472924187726,7.225402630928768,71.50660449546265,69.75339730262861,11104,New York,Queens County,NY,532541.0,-0.6364608951560996,-0.3332160652569609,-0.4433901897843562,0.0638279341246105,-0.0028092940636554875,0.03360714221560912,-0.0561753398660958,0.004396833701875644,2026-07-31
77,70.3973551227191,90.85439229843561,7.225402630928768,71.90348638734315,68.89122385809506,07050,Orange,Essex County,NJ,473839.0,0.003726376152038219,-0.4500077923541568,-0.26692165723913597,0.05034288537160649,0.30923662188720225,-0.2643277019493049,-0.03128044449853462,-0.022856051878308484,2026-07-31
78,70.3524257956318,90.73405535499398,7.225402630928768,69.5212260491964,71.1836255420672,07421,West Milford,Passaic County,NJ,492328.0,0.03091056178205634,-0.4117316238534272,-0.05997313078681188,0.06824722509867089,-0.5564695637089969,-0.10291594942248172,0.0769082254709943,-0.08639854732091452,2026-07-31
79,70.2139631402062,90.61371841155234,7.225402630928768,73.72243425735782,66.70549202305457,08724,Brick,Ocean County,NJ,524165.0,0.12888381454651246,-0.34906894325292903,-0.7682161984722935,0.05793336920615965,-0.2637733172446872,-0.12469784867191974,0.02705766203166604,-0.03654327963049982,2026-07-31
80,69.99686810460776,90.49338146811071,4.510808973834091,69.44834546623258,70.54539074298292,10601,White Plains,Westchester County,NY,492191.0,-0.06432306237463123,-0.4120095968730908,-0.6866796031544382,0.08030641973089975,-0.1434591483202674,0.02472053270206498,-0.04523586255666956,0.049142436387102514,2026-07-31
81,69.53702139794528,90.37304452466908,4.510808973834091,74.08126763355763,64.99277516233293,08753,Toms River,Ocean County,NJ,549575.0,0.10735570988091006,-0.30173088474660936,-0.23211276344917664,0.060234420108155294,-0.23656543149866605,-0.1135428536959801,0.007776898618518047,0.04707100034651672,2026-07-31
82,69.46185337988821,90.25270758122743,4.510808973834091,70.24819846673277,68.67550829304365,07803,Mine Hill Township,Morris County,NJ,507256.0,0.03890517337235125,-0.381860964756628,-0.07954933130288389,,-0.44461479128759795,-0.07744863328369356,0.03956126894141754,0.08695982592133182,2026-07-31
83,69.4253496072709,90.1323706377858,4.510808973834091,69.90145523105461,68.94924398348718,10537,Lake Peekskill,Putnam County,NY,435796.0,0.08135815960909412,-0.5337016871120355,-0.3712435166981063,,-0.696132716332069,0.060648002683511226,0.05169098313508691,-0.011188350965657803,2026-07-31
84,69.35126842724719,90.01203369434417,4.510808973834091,73.21712499774402,65.48541185675036,07060,Plainfield,Union County,NJ,533396.0,0.09310344501631498,-0.3316124111446186,-0.3678539909942842,0.04675777136290693,0.025247308865746332,-0.2913266357170364,0.06065196096514924,-0.04256289248569774,2026-07-31
85,69.16731442883716,89.89169675090253,4.510808973834091,73.52793655782686,64.80669229984744,07461,Sussex,Sussex County,NJ,461077.0,0.03603219359151169,-0.47731170371606346,0.1271318180686194,,-0.42870608790265696,-0.17542526287079258,-0.051275261330671285,-0.01625271608814112,2026-07-31
86,69.03498782048698,89.7713598074609,4.510808973834091,70.76657461342852,67.30340102754543,11789,Sound Beach,Suffolk County,NY,535124.0,0.025339227510436407,-0.3283776636456146,-0.1810338632768964,,-0.4863405559397702,-0.027886244693685003,0.02255105611987851,-0.02713152633770806,2026-07-31
87,69.03137689295986,89.65102286401925,4.510808973834091,67.65299229515087,70.40976149076886,10566,Peekskill,Westchester County,NY,526781.0,-0.02657835004793227,-0.3440908346484228,-0.1603497885571592,0.07269304666927323,-0.07664623966525252,-0.1128029194606931,0.17918889786098724,0.07821975354213632,2026-07-31
88,68.9796567159271,89.53068592057761,4.510808973834091,75.23879961380193,62.72051381805229,08731,Forked River,Ocean County,NJ,507252.0,0.1055957219045677,-0.3818677798755292,0.046399608149982896,,-0.2514996046234306,-0.15208866131929033,-0.058017021786110234,0.04801689256468249,2026-07-31
89,68.9020446002265,89.41034897713598,4.510808973834091,71.3678137678548,66.4362754325982,18371,Tamiment,Pike County,PA,315290.0,0.05598816291333222,-0.857384604250317,-0.08797638829232746,,-0.7677353567964762,-0.4172505873872567,0.0188948940396525,0.12308472218471538,2026-07-31
90,68.83697424878268,89.29001203369434,4.510808973834091,73.5030859206028,64.17086257696256,07206,Elizabeth,Union County,NJ,514173.0,0.11615809622331633,-0.36831696282978044,-0.10497297584053733,0.04925008046800979,0.12727472203518064,-0.3963632696526921,0.2396479273540919,0.0837711581288139,2026-07-31
91,68.77248592172684,89.16967509025271,4.510808973834091,71.14370153083321,66.40127031262047,07205,Hillside,Union County,NJ,521735.0,0.04667551670407591,-0.35371576254842374,0.027966299999469868,0.05520040190870369,-0.23289790974619362,-0.21298999187195938,0.04858308478172013,-0.07089510327601163,2026-07-31
92,68.29883234819933,89.04933814681108,4.510808973834091,72.70702705996096,63.890637636437695,07422,Highland Lake,Sussex County,NJ,411809.0,0.07426643893410692,-0.5903154295415121,-0.07622682050765661,,-0.5578527306801011,-0.04894844957644834,-0.14756223372381072,-0.16222081033964092,2026-07-31
93,68.23040339513902,88.92900120336944,4.510808973834091,70.55150340374135,65.90930338653669,08721,Bayville,Ocean County,NJ,541997.0,0.09988756098761478,-0.31561530655133296,-0.03380585560712035,0.06365346202441056,-0.2509154181417028,-0.2087225186058168,-0.052409135404269946,0.0812832520507814,2026-07-31
94,68.03947005231916,88.8086642599278,4.510808973834091,69.0330388209712,67.0459012836671,07018,East Orange,Essex County,NJ,470327.0,0.036191582531234806,-0.45744794891958307,-0.06642700474506213,0.0557489762217959,0.12761888268284127,-0.24530265828895453,0.052858215150536125,0.023721868288588063,2026-07-31
95,67.66638186189388,88.68832731648617,4.510808973834091,71.01124156154182,64.32152216224594,08555,Roosevelt,Monmouth County,NJ,509901.0,0.06205718125138518,-0.37665894454525883,-0.3934688444169314,,-0.35588244592325435,-0.05997021649302442,-0.18994746527213202,0.10571747036835726,2026-07-31
96,67.40482750779445,88.56799037304452,4.510808973834091,69.15601170107922,65.65364331450968,08848,Milford,Hunterdon County,NJ,538295.0,0.0023516832708757873,-0.3224700614972331,-0.029774956812316233,,-0.5329062888384499,-0.04324247132031711,0.0008996209953835432,-0.1964605060762687,2026-07-31
97,67.38347756002106,88.4476534296029,4.510808973834091,69.27042329793659,65.49653182210554,08861,Perth Amboy,Middlesex County,NJ,504489.0,0.042740619014276865,-0.3873307233127399,-0.14743374883304483,0.05615982904964459,0.16740046191957236,-0.3265549618264121,-0.0437999849683095,0.1482741273425126,2026-07-31
98,67.15971520088655,88.32731648616125,4.510808973834091,68.95349348398709,65.36593691778603,07014,Clifton,Passaic County,NJ,584611.0,0.03321906794670007,-0.23992950133949975,-0.1035448093747835,,-0.3023655064499764,0.010028277132271723,0.05995660663516311,-0.0048253849900256746,2026-07-31
99,67.15077766152174,88.20697954271961,4.510808973834091,69.0122056505912,65.28934967245227,07480,West Milford,Passaic County,NJ,499641.0,0.0402711236547372,-0.3969870650669556,-0.06595979088505999,,-0.5636402665530895,-0.09011333162946933,0.04457805288730832,-0.13592459123211825,2026-07-31
100,67.05114110704697,88.08664259927798,4.510808973834091,66.26868149961564,67.83360071447831,11375,New York,Queens County,NY,521504.0,-0.5216159714506109,-0.3541587747795827,-0.11430513532400077,0.07272724378823713,-0.2954349337417306,0.12701049120024677,-0.00792226267363283,-0.022705481634081884,2026-07-31
101,67.02301791862098,87.96630565583634,4.510808973834091,64.7069939475295,69.33904188971246,11377,New York,Queens County,NY,565229.0,-0.3815810168290735,-0.2736445477349658,-0.26006524049519086,0.0643967580040951,0.15615337519797978,-0.15509356468441726,-0.016382971158270365,0.01555942139487447,2026-07-31
102,66.97870884324746,87.84596871239471,4.510808973834091,69.29196430389648,64.66545338259846,07801,Dover,Morris County,NJ,515279.0,0.03261023296401469,-0.3661674158254815,-0.09979173944693898,0.05438152709911803,-0.0818632489714688,-0.266724862409109,-0.09146449869748707,0.06324245090526252,2026-07-31
103,66.91901249629149,87.72563176895306,4.510808973834091,68.32036905306809,65.51765593951488,11953,Middle Island,Suffolk County,NY,511202.0,0.11793334176587181,-0.3741117132359957,-0.17540120351853083,0.06718285819998115,-0.10959462963731359,-0.16331507614764584,-0.21830872007490676,-0.033511373708348294,2026-07-31
104,66.86705314073131,87.60529482551144,4.510808973834091,65.32034081131147,68.41376547015118,12563,Patterson,Putnam County,NY,485898.0,0.05296766700227665,-0.4248773189163213,-0.15999185126872106,,-0.2928136859668513,-0.17676773311495786,-0.27767297401644164,-0.2505173079051805,2026-07-31
105,66.83092723660744,87.48495788206979,4.510808973834091,66.02298031687374,67.63887415634112,11435,New York,Queens County,NY,589719.0,-0.27583660897040263,-0.23122970135972665,-0.10881840392153741,0.04767673977917658,0.11163211461486067,-0.15604695221989096,-0.044519513043008274,0.04596796631766002,2026-07-31
106,66.79448418473638,87.36462093862815,4.510808973834091,68.40063292408783,65.18833544538492,11961,Ridge,Suffolk County,NY,521407.0,0.07940121426801064,-0.3543459710646655,-0.1923578783851312,,0.03333947894527678,-0.20161875307990496,-0.14958969419785895,-0.029765567342259394,2026-07-31
107,66.76667295311267,87.24428399518652,4.510808973834091,70.69815706305413,62.83518884317122,07502,Paterson,Passaic County,NJ,547196.0,0.06657946564483411,-0.3060697000041692,-0.04736208155511079,,0.0741127410677993,-0.35335438825936066,0.10364652938659624,-0.035018943129136296,2026-07-31
108,66.73172396948547,87.12394705174489,4.510808973834091,74.7355740514629,58.72787388750804,08092,West Creek,Ocean County,NJ,528209.0,0.09736172996542117,-0.34138468348871065,-0.1646974684414122,,-0.32522478467919425,-0.0925357779979043,0.17605408072909157,-0.21615743250785496,2026-07-31
109,66.70047592681894,87.00361010830325,4.510808973834091,64.79277823895359,68.6081736146843,10805,New Rochelle,Westchester County,NY,571085.0,0.003159605792449588,-0.2633383084925782,-0.4424638763019981,0.0550180892075419,-0.16812231423754764,-0.11632705789966147,0.1162737056498333,0.07991308231235932,2026-07-31
110,66.6516072301371,86.8832731648616,4.510808973834091,65.28026491636723,68.02294954390699,10303,New York,Richmond County,NY,560831.0,-0.017196030954216818,-0.2814557176637056,-0.06727508704545748,,0.009615499422573448,-0.20611312612591037,-0.00889700286680295,0.005745433905645123,2026-07-31
111,66.63332659049844,86.76293622141998,4.510808973834091,71.29858465733912,61.96806852365777,07442,Pompton Lakes,Passaic County,NJ,566244.0,0.07509132460045045,-0.27185191778475115,-0.20177406590076785,,-0.37453122308966624,-0.05247664607271679,-0.0358535129402231,0.013944008160353058,2026-07-31
112,66.54056101097676,86.64259927797833,4.510808973834091,66.84089754135482,66.2402244805987,07501,Paterson,Passaic County,NJ,485938.0,-0.014460800807719915,-0.42479546623254194,-0.16443001222469533,0.042460588759974785,0.5054767211307876,-0.4104204394144129,0.1431543331111822,0.05364831738909741,2026-07-31
113,66.5030823511684,86.5222623345367,4.510808973834091,63.15911989971975,69.84704480261706,11701,Amityville,Suffolk County,NY,606423.0,-0.0232896767319076,-0.20329854144535453,-0.15816647268549566,0.06340459416054946,-0.24449762334175706,-0.1718753490795995,0.07173822363489357,0.044329025954054566,2026-07-31
114,66.48920226396683,86.40192539109506,4.510808973834091,66.11093941007437,66.86746511785931,07109,Belleville,Essex County,NJ,524127.0,0.05558988469104201,-0.34914154909066397,-0.22021562972192577,0.053189535156321376,-0.1325492177326908,-0.1623883229228409,0.015457165064955092,0.08549258296498534,2026-07-31
115,66.44338099401683,86.28158844765343,4.510808973834091,63.69190399596181,69.19485799207186,07304,Jersey City,Hudson County,NJ,546628.0,-0.12850776668855132,-0.3071079095457403,-0.4456601140763006,0.05361092873463573,0.15166628036909802,-0.07467216975331437,0.15262343546426216,0.1904515314669591,2026-07-31
116,66.44157456913057,86.16125150421179,4.510808973834091,63.662301794482524,69.2208473437786,11757,Lindenhurst,Suffolk County,NY,623728.0,-0.01831704945534937,-0.17516167410482808,-0.09843379694045318,0.052946148368458436,-0.30506750988542497,-0.18201583568909036,0.05179191377016856,-0.04198002866221602,2026-07-31
117,66.1956164968952,86.04091456077015,4.510808973834091,68.8474205800467,63.543812413743694,07008,Carteret,Middlesex County,NJ,567756.0,0.07949200865508779,-0.26918388551978367,-0.049264690406294775,0.05192728555065725,-0.12285447102248104,-0.19001474650085354,0.048539632671319666,0.00953217565168378,2026-07-31
118,66.15862469512828,85.92057761732852,4.510808973834091,67.5994663525002,64.71778303775636,07735,Keyport,Monmouth County,NJ,524192.0,0.07018647885325038,-0.349017937322742,-0.1936732966743442,0.05589553699391979,-0.2079826135324485,-0.15322128039866711,-0.0263065138097609,0.06031338109574973,2026-07-31
119,66.0569320272708,85.80024067388689,4.510808973834091,69.67429641340391,62.43956764113769,07034,Lake Hiawatha,Morris County,NJ,533182.0,0.01333220083143552,-0.3320131513815685,-0.4343925596994378,,-0.2615019517465289,0.026039368842493804,-0.04403564937196158,0.22445622664251302,2026-07-31
120,65.8611965143012,85.67990373044525,4.510808973834091,66.04229267364178,65.68010035496062,10509,Brewster,Putnam County,NY,540585.0,0.04241279924151656,-0.3182251003019445,-0.25025398010104105,,-0.3576966820252985,-0.05631514110606395,-0.12029534463420433,0.03401034248083183,2026-07-31
121,65.85066235051059,85.5595667870036,4.510808973834091,64.37900718741581,67.32231751360536,08872,Sayreville,Middlesex County,NJ,541628.0,-0.0707740051566251,-0.31629633521166944,-0.0733861519802037,0.06138466258604192,-0.17477902192351746,-0.13378307083743213,-0.02842306586035903,0.027456179148272405,2026-07-31
122,65.74513919874985,85.43922984356198,4.510808973834091,70.2701132524462,61.22016514505351,08902,North Brunswick,Middlesex County,NJ,552027.0,0.08550042944585315,-0.29727905624141115,-0.040695348796726094,0.05618740407798516,-0.3723993421970093,-0.04408000132337375,-0.0032011501405921905,0.001494606703248899,2026-07-31
123,65.74474892839811,85.31889290012033,4.510808973834091,71.41377000935334,60.07572784744287,07847,Kenvil,Morris County,NJ,519587.0,0.012275487510671118,-0.3578427155206505,-0.053129257143305963,,-0.08307678541333563,-0.18651582036216707,-0.5115342745517193,-0.1445018873059138,2026-07-31
124,65.63072733846604,85.1985559566787,4.510808973834091,61.71478715826647,69.54666751866561,11414,New York,Queens County,NY,636271.0,-0.13493218535124782,-0.15525199400861034,-0.14107028070257144,,0.011591280748176613,-0.17648823460237695,-0.0005211001382185998,0.03447136172754055,2026-07-31
125,65.46626948933866,85.07821901323706,4.510808973834091,64.3171204463037,66.61541853237362,10703,Yonkers,Westchester County,NY,627543.0,-0.014274732894152459,-0.16906383573314443,-0.3899747231199999,0.054921592637190264,0.054908766734300896,-0.22852675765818548,0.07157638147047507,0.01929815200588285,2026-07-31
126,65.42738208404852,84.95788206979543,4.510808973834091,62.84545512217905,68.00930904591799,11704,West Babylon,Suffolk County,NY,633125.0,0.002588075895982561,-0.16020887696032204,-0.07312139457743427,0.05831711049808395,-0.3002749034551482,-0.16688025381108168,0.0667055732151649,-0.04063685100348531,2026-07-31
127,65.41850034461208,84.83754512635379,4.510808973834091,67.93542315324605,62.90157753597813,07457,Riverdale,Morris County,NJ,492674.0,0.0372763361036931,-0.4110275816872484,-0.2448575887223079,0.06929931102081177,-0.324014150746627,-0.020468832500624534,-0.303441363387444,-0.015838569688531215,2026-07-31
128,65.39223861808378,84.71720818291215,4.510808973834091,67.15983460599233,63.62464263017523,07848,Lafayette Township,Sussex County,NJ,490308.0,-0.0014451301077272605,-0.41584212475710736,0.023115188989589086,,-0.5490890251352287,-0.07968011485221377,0.15167875814024434,-0.18027835582921864,2026-07-31
129,65.34227169677254,84.59687123947052,4.510808973834091,70.82473910126829,59.8598042922768,08869,Raritan,Somerset County,NJ,555712.0,0.010390249848145322,-0.29062549989320274,-0.14170400976184716,0.05397613223865596,-0.24845820441019772,-0.04602496092685865,0.07388369137072104,-0.021163401103523063,2026-07-31
130,65.32292576418592,84.47653429602889,4.510808973834091,67.90694286676316,62.7389086616087,07885,Wharton,Morris County,NJ,510086.0,0.04927590837768428,-0.3762968067481225,-0.08148187151571129,,-0.267344617222393,-0.11398983608377217,-0.009434222793354152,0.11750416737440465,2026-07-31
131,65.28564758053116,84.35619735258724,4.510808973834091,67.77161219618725,62.79968296487509,08809,Clinton,Hunterdon County,NJ,528884.0,0.029941316341345475,-0.3401063602225971,-0.13041374691881558,,-0.4959533972799097,0.04587938378429002,0.013521515941322448,0.019239859668491108,2026-07-31
132,65.24568748127294,84.23586040914562,4.510808973834091,63.732632322842996,66.75874263970287,10553,Mount Vernon,Westchester County,NY,588035.0,-0.24593364449340313,-0.23409046150800172,-0.239123711348336,0.06122089081673244,0.05067525747112955,-0.07132977614642427,-0.11140954887994248,-0.006326863228215365,2026-07-31
133,65.19826573721036,84.11552346570397,4.510808973834091,62.80687535269559,67.58965612172514,11364,New York,Queens County,NY,636588.0,-0.2522595043012267,-0.1547542543687772,-0.3653311708791218,0.053499309775766064,-0.022121440516222224,0.014098256177798918,-0.049622815120386576,-0.009674767661225395,2026-07-31
134,65.19721230464566,83.99518652226233,4.510808973834091,73.06397026196169,57.33045434732965,08863,Fords,Middlesex County,NJ,540869.0,0.12412561784272605,-0.31769828592816296,-0.07555685505520238,,-0.34883261825148115,-0.07084327062051243,0.007360924154941273,0.021870002612930414,2026-07-31
135,65.18306880693731,83.8748495788207,4.510808973834091,60.82742552120719,69.53871209266744,11360,New York,Queens County,NY,627116.0,-0.24445126818376436,-0.16974449974741646,-0.4130904781909077,0.06191038605784969,-0.04234406142081437,0.0010873439229668325,-0.056929143219837997,0.015381859475276635,2026-07-31
136,65.16609249341909,83.75451263537906,4.510808973834091,64.89402221710776,65.4381627697304,08879,South Amboy,Middlesex County,NJ,532176.0,0.03920760960614658,-0.3339012234126493,-0.11214826455123017,0.0613573878163921,-0.14294012534059175,-0.2020645743411424,0.022693465292787707,0.014615435019875542,2026-07-31
137,65.1645920479494,83.63417569193743,4.510808973834091,72.47594018882614,57.85324390707265,08734,Lanoka Harbor,Ocean County,NJ,576777.0,0.12016099229014046,-0.25341996235743736,-0.012767482458849955,,-0.2857532890493826,-0.16700136473309624,0.04656828946569824,-0.23477045192453055,2026-07-31
138,65.048952479769,83.51383874849579,4.510808973834091,65.22586348838871,64.87204147114929,07203,Roselle,Union County,NJ,520148.0,0.09470705552155892,-0.3567619265439763,-0.1656284686646181,0.060726893417982784,-0.1655421353021318,-0.21951900719298995,0.12881148995967706,0.027969907347188447,2026-07-31
139,65.00481749819652,83.39350180505414,4.510808973834091,63.63384120079474,66.3757937955983,11934,Center Moriches,Suffolk County,NY,697433.0,0.0444507555772006,-0.06346903566386253,-0.1536933609674307,,-0.4827113073877094,-0.07657222564708038,0.23749394391451695,0.024563357150271067,2026-07-31
140,64.8920678435473,83.27316486161251,2.043406748483556,64.35251694077304,65.43161874632153,11575,Roosevelt,Nassau County,NY,659034.0,0.0707039395524344,-0.12010106197169002,-0.2261293266129787,,-0.23628416385782924,-0.19892239511169602,0.10005343532625588,-0.06862905921819058,2026-07-31
141,64.88133928984819,83.15282791817089,2.043406748483556,67.79655288717632,61.966125692520045,10512,Carmel,Putnam County,NY,520032.0,0.07480676741531803,-0.3569856644999909,-0.20465751776173136,,-0.40387631049242967,-0.05707721447167652,-0.048934322125264273,-0.07515407900793543,2026-07-31
142,64.85882053629454,83.03249097472924,2.043406748483556,62.67711938546094,67.04052168712815,07306,Jersey City,Hudson County,NJ,545576.0,-0.1756671057681661,-0.3090340125191311,-0.3730015322409379,0.06278530534216115,0.09536160146327144,0.03146200324776405,-0.005230284331299018,0.10172076933107226,2026-07-31
143,64.85482572249833,82.91215403128761,2.043406748483556,63.678093926135524,66.03155751886113,10547,Lake Mohegan,Westchester County,NY,611423.0,-0.0748224626790229,-0.19508758008579719,-0.1526739399034529,0.05707780223874221,-0.5651546626198087,0.039064370509979685,0.15344940448126287,0.005130538188382425,2026-07-31
144,64.8003428950081,82.79181708784597,2.043406748483556,70.44208623463778,59.15859955537843,07857,Budd Lake,Morris County,NJ,495996.0,0.018986883122428827,-0.40430737664306626,-0.08249774651036823,,-0.13621105806072653,-0.12626829275405804,-0.012132172053906487,0.2230748666932006,2026-07-31
145,64.71416707040869,82.67148014440433,2.043406748483556,68.87595125824438,60.552382882573,07850,Landing,Morris County,NJ,530377.0,0.05948749874071027,-0.33728894927352115,0.025440941160576713,,-0.2870461895824523,-0.03190994286640236,-0.016819084109709337,-0.007754878774096155,2026-07-31
146,64.44259847423714,82.5511432009627,2.043406748483556,60.050195659245695,68.8350012892286,10550,Mount Vernon,Westchester County,NY,565200.0,-0.2548606103330734,-0.2736973711559383,-0.23685633943531847,0.05617839043693391,0.34159932086415234,-0.24203606299185298,-0.030184148600422844,0.049502845947316396,2026-07-31
147,64.44070027335422,82.43080625752106,2.043406748483556,62.949311882395065,65.93208866431338,11004,New York,Queens County,NY,622504.0,-0.41395771082351873,-0.17712639265509722,-0.3818814532738326,,-0.20392720177731616,-0.023454517901775884,-0.04158440551508846,-0.025567410064642096,2026-07-31
148,64.41143965872344,82.31046931407943,2.043406748483556,66.4792610938311,62.343618223615785,07514,Paterson,Passaic County,NJ,543461.0,0.06701908756102207,-0.31291831823507543,-0.13417281042528018,,0.15691901261273844,-0.36519646592061006,0.2411475982777933,-0.027890435343578893,2026-07-31
149,64.39832187487224,82.19013237063778,2.043406748483556,64.57401245500233,64.22263129474216,11772,Patchogue,Suffolk County,NY,607502.0,0.03222096780805331,-0.20152111523436567,-0.11264825133770984,0.055268975300464734,-0.13655521631575174,-0.15797745704468147,0.04034435766214095,-0.028981454362298556,2026-07-31
150,64.13197954079861,82.06979542719614,2.043406748483556,68.75908339542647,59.50487568617074,08755,Toms River,Ocean County,NJ,532266.0,0.07917552963170707,-0.3337322117643442,0.061197266395460304,0.07628887603711257,-0.08497091643347443,-0.1584740979750094,-0.01315375732003865,0.03621099877630156,2026-07-31
151,63.98832782716383,81.94945848375451,2.043406748483556,67.37001745169971,60.60663820262795,08882,South River,Middlesex County,NJ,546470.0,0.0692099957933138,-0.30739613524801257,-0.04671414297972909,,-0.15201754113356292,-0.21144603629823377,-0.021965486312097937,-0.09827296941303638,2026-07-31
152,63.925159735116225,81.82912154031288,2.043406748483556,65.38294169968073,62.46737777055172,11738,Farmingville,Suffolk County,NY,668812.0,0.08826560469450265,-0.10537251530294967,0.012277874320497872,,-0.3266219859322874,-0.17371785582867616,0.008732886063427259,-0.06716968417993359,2026-07-31
153,63.89886556425048,81.70878459687124,2.043406748483556,62.62448993661211,65.17324119188885,07522,Paterson,Passaic County,NJ,496042.0,0.08667216857421281,-0.4042158853539348,-0.15625689629963446,0.05525743382355633,0.4446323642664314,-0.3840613995467399,0.012676986431088721,0.0679811669563704,2026-07-31
154,63.84787295595835,81.58844765342961,2.043406748483556,65.62077169258339,62.07497421933332,11727,Coram,Suffolk County,NY,570489.0,0.11437007105775301,-0.264382763165262,-0.11828472285641212,0.06781546468899453,-0.18063741990959703,-0.15461333822584394,-0.008350010634949001,-0.04322340796629272,2026-07-31
155,63.68880074432217,81.46811070998797,2.043406748483556,62.75738883576656,64.62021265287778,07083,Union,Union County,NJ,585983.0,0.00829556945154089,-0.23758595023565654,-0.08927159987342037,0.05354404716829299,-0.31942347183068986,-0.0777188480513713,0.06136739831223892,0.01633998476370939,2026-07-31
156,63.561915296986946,81.34777376654633,2.043406748483556,60.58414345994346,66.53968713403043,11520,Freeport,Nassau County,NY,679500.0,0.01234657556327115,-0.0895194364428864,-0.20035035293968662,,-0.17021590675151654,-0.21585028686853264,0.1616118193721885,-0.026915462997736575,2026-07-31
157,63.48817542543523,81.2274368231047,2.043406748483556,67.50571097520645,59.470639875664,07849,Lake Hopatcong,Morris County,NJ,537592.0,0.021169163947462627,-0.32377623642120135,0.05238743590741812,,-0.36723707722247245,-0.010805084059703762,-0.0912158057344925,-0.12241147157474659,2026-07-31
158,63.457471356445,81.10709987966305,2.043406748483556,65.19164957834296,61.72329313454704,07065,Rahway,Union County,NJ,543145.0,0.0507862334112307,-0.3134991898677253,-0.07852508245056455,0.055019728859378766,-0.10815497736496771,-0.14923918852655793,-0.0840376358173689,0.034652565171081215,2026-07-31
159,63.44230937842369,80.98676293622142,2.043406748483556,64.5153197407715,62.36929901607587,11553,Uniondale,Nassau County,NY,685324.0,0.04676193179337887,-0.08098392584490455,-0.21907404379748918,,-0.1565666433730002,-0.2616818476467809,0.18522801534687972,0.06311461283266188,2026-07-31
160,63.430048613664276,80.86642599277978,2.043406748483556,67.34585390975226,59.51424331757629,07403,Bloomingdale,Passaic County,NJ,568080.0,0.06175273403874684,-0.2686133451809507,-0.06138421585843368,,-0.3994648666345484,-0.11944288507135764,0.07657475303698291,-0.06068049914240854,2026-07-31
161,63.3989278632436,80.74608904933814,2.043406748483556,59.01961128925438,67.77824443723281,11706,Bay Shore,Suffolk County,NY,647608.0,-0.04955683932970131,-0.13758987667618072,-0.09925894598632112,0.05455577984249548,-0.20051093707574386,-0.2237702910881969,0.039892955757652615,-0.022502298297371673,2026-07-31
162,63.28532284138312,80.62575210589651,2.043406748483556,64.25307848845266,62.317567194313575,07852,Ledgewood,Morris County,NJ,536575.0,0.041750019773555996,-0.3256705381538225,0.015457628444215388,0.061283180768502164,-0.38805635169981767,0.10642409284082155,0.09883035864590362,0.11532761205510615,2026-07-31
163,63.20152827363664,80.50541516245488,2.043406748483556,63.117216894069685,63.2858396532036,07753,Neptune Township,Monmouth County,NJ,603247.0,0.11387972057144183,-0.20854958952052272,-0.8043809867697345,0.059471500957220653,-0.04863640755364007,-0.1190223268703881,0.03227360259735512,-0.05085670852468534,2026-07-31
164,63.09320701438361,80.38507821901324,2.043406748483556,65.81658963107097,60.369824397696256,10974,Sloatsburg,Rockland County,NY,558252.0,0.09491178333797592,-0.2860657907978954,-0.23906955660952356,,-0.3320639476640832,-0.06593922398980057,-0.10776424327360346,0.015786596930181404,2026-07-31
165,62.925676128278894,80.26474127557161,2.043406748483556,65.17368333518104,60.67766892137676,07621,Bergenfield,Bergen County,NJ,650019.0,0.05173541169767085,-0.13387483318302706,-0.3737678452033517,,-0.2804985131729236,-0.007239567392096746,0.06886263078286525,-0.007475174780717089,2026-07-31
166,62.86603461952963,80.14440433212997,2.043406748483556,67.2030892798819,58.52897995917736,08533,New Egypt,Ocean County,NJ,574226.0,0.05967918820174703,-0.2578539628400609,0.18586263280721482,,-0.2691309456270059,-0.17274310160962508,-0.15182192746336476,0.10226049595062507,2026-07-31
167,62.84651283309513,80.02406738868832,2.043406748483556,65.1089116591326,60.584114007057664,07001,Avenel,Middlesex County,NJ,531269.0,0.060016912986192855,-0.3356083438617592,-0.06964538403120102,0.05816266257114349,-0.23608375373440826,-0.17216881172931597,0.14421029179012024,0.046787312102696085,2026-07-31
168,62.632729242316906,79.9037304452467,2.043406748483556,59.81224715901982,65.45321132561399,07047,North Bergen Township,Hudson County,NJ,594171.0,0.010604417763602575,-0.22370887543879547,-0.35228947597142124,0.05844392152740652,0.12922735385791628,-0.16067458523498335,-0.020310127336344408,0.03827325600243396,2026-07-31
169,62.29128320530115,79.78339350180505,2.043406748483556,63.01825057737872,61.564315833223574,18435,Lackawaxen,Pike County,PA,354631.0,0.01716451563965507,-0.739799254077834,0.0674508282326105,,-0.6253312648669624,-0.009681690707930568,-0.4211048185405364,0.1967629564719185,2026-07-31
170,62.24928977739941,79.66305655836342,2.043406748483556,60.63227254357123,63.86630701122758,11741,Holbrook,Suffolk County,NY,678810.0,0.0384369885532351,-0.09053531983605367,-0.03381905613633407,0.05030025092966445,-0.3414916507205892,-0.14375160700660444,0.0661441836108363,-0.05584748631972376,2026-07-31
171,62.24873155114233,79.5427196149218,2.043406748483556,61.481473597231584,63.01598950505307,11763,Medford,Suffolk County,NY,624741.0,0.06296759787234799,-0.17353950891578052,0.008532940388636945,0.05389275892571309,-0.24627819162207243,-0.2084326529249491,0.08050759230016169,-0.012239044658489198,2026-07-31
172,62.24574069552476,79.42238267148014,2.043406748483556,61.60860683136281,62.882874559686705,10523,Elmsford,Westchester County,NY,717407.0,-0.002732013796781979,-0.035233150635637145,-0.15502545896393372,,-0.08836590312493553,0.00981871934143308,-0.07009366958470942,0.08806990615085679,2026-07-31
173,62.241037614558586,79.30204572803851,2.043406748483556,63.67978915493543,60.802286074181744,10579,Putnam Valley,Putnam County,NY,636616.0,0.06508036269006326,-0.15470942366369833,-0.07627641653195028,,-0.3200352046755548,0.0062605192166090284,-0.0336552378312458,-0.017178736504152872,2026-07-31
174,62.19550386978287,79.18170878459688,2.043406748483556,61.10401018935405,63.28699755021168,11901,Riverhead,Suffolk County,NY,658684.0,0.0766591393171904,-0.12063195592598674,-0.5394997875307563,,0.15725626232480994,-0.2615707591095636,0.015913250930868372,0.10109861074252384,2026-07-31
175,62.14716053001788,79.06137184115524,2.043406748483556,65.83383534340813,58.46048571662763,07077,Sewaren,Middlesex County,NJ,542418.0,0.10532194678701182,-0.314839377857993,-0.10914180091728198,,-0.28445321762119424,-0.1670860500275974,0.11831059422662449,0.14001000578821216,2026-07-31
176,62.115699669525526,78.9410348977136,2.043406748483556,60.12787085248406,64.103528486567,08812,Dunellen,Middlesex County,NJ,597219.0,0.018991495307414757,-0.21859282897620957,-0.09802417957458687,0.0491595463546027,-0.2706949757667776,-0.08419983386805585,-0.05947117829527393,0.011225361875276271,2026-07-31
177,62.11135522028057,78.82069795427196,2.043406748483556,63.84491589490865,60.3777945456525,07643,Little Ferry,Bergen County,NJ,606421.0,0.06905184908304599,-0.20330241684118988,-0.1801053356951403,0.0516638136126591,0.06651836152718071,-0.1297094137055314,0.02911138354352083,0.043891993312885,2026-07-31
178,62.03546957435391,78.70036101083032,2.043406748483556,65.25423765851026,58.816701490197566,08859,Parlin,Middlesex County,NJ,563713.0,0.08911378031431419,-0.2763315376339186,-0.028003985743994875,0.06293383562674312,-0.15906416245942734,-0.11438505229057205,-0.03863651929103007,0.042369635329601515,2026-07-31
179,61.96629214587772,78.58002406738869,2.043406748483556,63.15604649853274,60.77653779322271,07080,South Plainfield,Middlesex County,NJ,598708.0,0.024295316864329314,-0.21610287896709934,-0.024957290962053236,0.05364800312793412,-0.3639561460475502,-0.05260439191147759,0.01722493060042396,0.004243796332698488,2026-07-31
180,61.92834994265166,78.45968712394705,2.043406748483556,66.19699550504127,57.65970438026204,08837,Edison,Middlesex County,NJ,542180.0,0.06829507198283871,-0.31527846951315297,-0.07413208353443146,0.054357734028343804,-0.2249082695914606,0.02933671420004491,-0.07465464965379809,0.13441250563735735,2026-07-31
181,61.92323210238794,78.33935018050542,2.043406748483556,61.70849056002615,62.13797364474974,10548,Montrose,Westchester County,NY,657941.0,0.041506543943456015,-0.12176123236882042,0.06109507738431752,,-0.3582521150613538,-0.06616405621597976,0.23151876267563942,-0.11988593533097776,2026-07-31
182,61.895416465877034,78.21901323706378,2.043406748483556,59.97836081608651,63.81247211566756,11796,West Sayville,Suffolk County,NY,711078.0,-0.10741056109038247,-0.04409398005951637,-0.04786466360344832,,-0.4788533187230233,-0.06495119957978573,0.18505898321856407,-0.006730155918030348,2026-07-31
183,61.875951142871145,78.09867629362213,2.043406748483556,64.95442162562058,58.797480660121714,07064,Port Reading,Middlesex County,NJ,550779.0,0.10933601705428977,-0.29954187944802335,-0.0666321781200665,,-0.47503466875217026,-0.1784150988539438,0.176679910233128,-0.2625661035476942,2026-07-31
184,61.85281992427904,77.9783393501805,2.043406748483556,59.749650761778796,63.95598908677928,07024,Fort Lee,Bergen County,NJ,603256.0,0.005552615565738966,-0.20853396495685494,-0.10928609770987485,0.07022102038535266,-0.1638000379757678,0.1673382070764282,0.01729758896348521,0.002293741146088643,2026-07-31
185,61.840849108281006,77.85800240673886,2.043406748483556,56.62393673034324,67.05776148621877,11362,New York,Queens County,NY,699482.0,-0.15731066287139725,-0.06053601133872455,-0.3118833106751939,0.054039982998654736,-0.1440376246050683,0.0420034259087132,0.037398521325844314,-0.00980120603028363,2026-07-31
186,61.80587969333529,77.73766546329723,2.043406748483556,62.7725018466721,60.839257539998485,10603,White Plains,Westchester County,NY,683703.0,0.022440083967376984,-0.08335300432452186,-0.2571316914086612,0.05726172994305597,-0.15810153845735297,-0.031645706403297336,0.002212091956145912,0.0004721505677045962,2026-07-31
187,61.74695139349182,77.6173285198556,2.043406748483556,65.1597446647557,58.33415812222793,08825,Frenchtown,Hunterdon County,NJ,585500.0,-0.02054621124576847,-0.23840931009404187,-0.15171589318411627,,-0.13990711442471704,-0.009254283843007971,-0.29231124220197024,0.10501731333948365,2026-07-31
188,61.7276231869304,77.49699157641395,2.043406748483556,63.26338623737509,60.19186013648572,11713,Bellport,Suffolk County,NY,631437.0,0.06505213822891989,-0.16287726588245377,-0.008993751925723714,,-0.1253521988478632,-0.14326015307118345,0.021276506588820965,0.012419154297197019,2026-07-31
189,61.665856662579465,77.37665463297232,2.043406748483556,58.01862067884214,65.31309264631679,10031,New York,New York County,NY,554814.0,-0.2687800487332265,-0.29224340635236956,-0.06492215783040756,0.0675440774220916,0.2502817925797849,-0.07926125877292806,-0.03512239280393992,-0.009859341718198869,2026-07-31
190,61.60587449847367,77.25631768953069,2.043406748483556,58.481755775315214,64.72999322163211,07631,Englewood,Bergen County,NJ,629809.0,-0.009616893173107849,-0.16545952936457908,-0.2076632157988012,0.05390602190462739,-0.0747579066613604,-0.02535543417125996,-0.05186878724044064,-0.059731659959995034,2026-07-31
191,61.55958084661086,77.13598074608905,2.043406748483556,62.61222359281389,60.506938100407815,07407,Elmwood Park,Bergen County,NJ,629564.0,-0.027103602944654165,-0.1658479394408534,0.02535583319535384,0.048872411072370774,-0.06701161442105286,-0.1400232182192156,0.04310062245519397,0.05565277353422386,2026-07-31
192,61.51486556499505,77.01564380264742,2.043406748483556,59.99586297741401,63.033868152576076,11550,Hempstead,Nassau County,NY,655023.0,0.06399750096451876,-0.12620570183883473,-0.26086814890844856,0.0637544951715081,0.06593083297855773,-0.2720444380319276,0.13663208596131682,0.04449073099726446,2026-07-31
193,61.492531631044145,76.89530685920577,2.043406748483556,55.85793386462154,67.12712939746675,07102,Newark,Essex County,NJ,404857.0,-0.2721710569662289,-0.6073412199627146,-0.2191149270301871,0.07218214165936895,0.4538472721918889,-0.11887429497426705,0.18328650940350677,0.10651371999200547,2026-07-31
194,61.409466175937965,76.77496991576413,2.043406748483556,64.23112504007233,58.587807311803594,08805,Bound Brook,Somerset County,NJ,545111.0,0.06600063473235665,-0.3098860880222425,-0.14708552110026574,0.04684272208050545,-0.12488867759256483,-0.17224883522293555,0.02442893406077573,0.08347378183811775,2026-07-31
195,61.408189513776236,76.6546329723225,2.043406748483556,61.36004881242535,61.45633021512713,07866,Rockaway,Morris County,NJ,575419.0,0.054811576048468785,-0.2557780760493067,-0.11027030417786854,0.05565801261593148,-0.4127901484750016,-0.0011638963005656255,-0.05365215530437695,-0.04121260613828577,2026-07-31
196,61.28786233540516,76.53429602888086,2.043406748483556,66.54639756155532,56.02932710925499,07718,Belford,Monmouth County,NJ,644357.0,0.101384000369546,-0.14262262354425914,-0.2163210667526556,,-0.3006083244098765,-0.03789661212017392,-0.18758249109605885,-0.0005819877735457474,2026-07-31
197,61.27000165043685,76.41395908543923,2.043406748483556,61.09078684593142,61.44921645494228,11776,Port Jefferson Station,Suffolk County,NY,640413.0,0.082936727031559,-0.1487629613547874,-0.05622399468425776,0.058451122830914005,-0.21976147557143588,-0.13682599462668493,-0.061872174130868984,0.018280800188140753,2026-07-31
198,61.23435894904152,76.2936221419976,2.043406748483556,61.7188872044856,60.74983069359745,08050,Manahawkin,Ocean County,NJ,605126.0,0.11658334220362612,-0.205438704730998,-0.15249036176574826,0.05155946924390858,-0.2349750199825842,-0.09297750783248698,0.10380712159647487,0.0329078698962955,2026-07-31
199,61.16195458533091,76.17328519855594,2.043406748483556,58.915067435395954,63.40884173526587,07106,Newark,Essex County,NJ,464331.0,0.0440163038835685,-0.470278813301114,-0.16827914048461778,0.051074180951667936,0.27241852188491644,-0.2908928093261165,0.02905642617210802,-0.05722073584368355,2026-07-31
200,61.15321229358926,76.05294825511432,2.043406748483556,58.77144906744991,63.53497551972861,07660,Ridgefield Park,Bergen County,NJ,607349.0,-0.01006706678239197,-0.20177282528992357,-0.1638081752414422,0.04297365373770382,-0.09284049338505374,-0.1459806007444654,-0.08388435006788342,0.029698156885624535,2026-07-31
201,61.12475138129661,75.93261131167269,2.043406748483556,64.27303509102738,57.97646767156584,07856,Mount Arlington,Morris County,NJ,508574.0,0.06960057285204826,-0.3792645861771824,0.00607858487598989,0.06302256612982973,-0.1848487311440572,-0.011016794102044036,-0.20969505461331295,0.14486978195228445,2026-07-31
202,61.09982031210728,75.81227436823104,2.043406748483556,59.46163358691782,62.73800703729674,11703,North Babylon,Suffolk County,NY,645294.0,-0.0010865907741607062,-0.1411695099217365,-0.031778879181308284,,-0.34104619148508,-0.12041962758900715,0.14731234250204928,-0.02078400214309513,2026-07-31
203,61.094801803342435,75.69193742478942,2.043406748483556,64.70631577679687,57.483287829888006,08817,Edison,Middlesex County,NJ,568885.0,0.09721631581461523,-0.2671974277573632,-0.033012655210127306,0.0568769960551783,-0.25373953721574094,0.015700324207872596,-0.062107745832708616,0.06905244365203193,2026-07-31
204,61.0898079250321,75.57160048134777,2.043406748483556,59.390979080734496,62.7886367693297,07201,Elizabeth,Union County,NJ,502404.0,0.08254522099664677,-0.39147073235271,-0.06971198446039395,0.05620173208300042,0.23410912460583044,-0.35897470710602014,0.0010279793543830351,0.03889541696471559,2026-07-31
205,61.0876482249211,75.45126353790613,2.043406748483556,59.79797625168285,62.37732019815934,10701,Yonkers,Westchester County,NY,633364.0,-0.024610521928106616,-0.1598311319586081,-0.29399268222634944,0.05303682180073924,0.3904905680719988,-0.1776707537209024,0.07849306272059131,0.049801275317827895,2026-07-31
206,61.02782694414388,75.3309265944645,2.043406748483556,63.0429286228721,59.012725265415675,07878,Mount Tabor,Morris County,NJ,564862.0,0.03592908968049749,-0.27429446921534506,-0.26085737631328954,,-0.31045666332667854,-0.008713827316200573,-0.08078563160868413,-0.12423120020655061,2026-07-31
207,60.97183222272157,75.21058965102286,2.043406748483556,56.95495198000155,64.98871246544158,07033,Kenilworth,Union County,NJ,639687.0,-0.012788407670960206,-0.1498975477554616,-0.013406475363865411,,-0.2044899143390133,-0.17583557956953394,0.009829462791604016,0.02045339814772555,2026-07-31
208,60.91964899972119,75.09025270758123,2.043406748483556,61.929330766995015,59.90996723244736,08701,Lakewood,Ocean County,NJ,588170.0,0.3285601651421505,-0.23385980105423343,-0.3610892656609348,0.04360869102608827,0.3136407617139241,-0.15282568480445935,-0.011515741442998717,0.23214001421152403,2026-07-31
209,60.82242073785059,74.9699157641396,2.043406748483556,61.89062761349914,59.75421386220204,07821,Byram Township,Sussex County,NJ,535173.0,0.07017174268538931,-0.32828657399179306,0.06253563729440792,,-0.5618703653513137,0.0011998320707673482,0.030775622647562173,-0.02768362060766423,2026-07-31
210,60.81568841712918,74.84957882069796,2.043406748483556,62.701945952214324,58.92943088204403,07202,Elizabeth,Union County,NJ,513974.0,0.12709429662257002,-0.3687033824981363,-0.03935050068007584,0.05389571526740114,0.08635866276752391,-0.3610694753550808,0.10377138150808207,0.08872839233110623,2026-07-31
211,60.81336917618688,74.72924187725631,2.043406748483556,57.780684412457894,63.84605393991587,11720,Centereach,Suffolk County,NY,666661.0,0.07974770109854426,-0.10859469825710732,-0.04098017762472317,0.0748706494753554,-0.2918567711496085,-0.12389132737321779,-0.023048342023281876,-0.024643868928229742,2026-07-31
212,60.80201050819656,74.60890493381469,2.043406748483556,60.028062104642345,61.57595891175078,07017,East Orange,Essex County,NJ,490332.0,0.061801461397506335,-0.4157941121672373,-0.15748528585108978,0.048288472010836365,0.23041994277985967,-0.2769430599979449,-0.04126786538085092,0.05650677774010075,2026-07-31
213,60.79677053256479,74.48856799037304,2.043406748483556,61.39660640083833,60.19693466429125,10596,Verplanck,Westchester County,NY,560110.0,-0.045680814163270606,-0.2827427535574305,-0.0877290620066109,,-0.1473815083864054,-0.0068420223176746675,-0.09283573826125213,-0.29307567504019677,2026-07-31
214,60.7650949259215,74.36823104693141,2.043406748483556,59.73173292080952,61.798456931033485,11779,Ronkonkoma,Suffolk County,NY,650441.0,0.03665038217327457,-0.13322574069774618,-0.04345946752921215,0.055477972531269036,-0.13207360036351656,-0.18490548490842462,-0.10063029429367276,0.04509489457238329,2026-07-31
215,60.73452235192349,74.24789410348977,2.043406748483556,54.83282923480165,66.63621546904533,11752,Islip Terrace,Suffolk County,NY,663805.0,-0.02339038712678629,-0.112888297489393,-0.08138272986823125,,-0.4149657521486365,-0.19974876991154694,0.12431302780665199,-0.05871459285255094,2026-07-31
216,60.646334023405245,74.12755716004813,2.043406748483556,60.548611599658145,60.74405644715234,07087,Union City,Hudson County,NJ,578487.0,0.08918922056253856,-0.25045951226531926,-0.47843851523527725,0.04994102277611574,0.30708221200232866,-0.20716711235869884,0.041423169685286254,-0.012505990498748523,2026-07-31
217,60.60590328903217,74.0072202166065,2.043406748483556,58.532874041592386,62.678932536471955,07921,Bedminster,Somerset County,NJ,524551.0,0.07916393633378363,-0.3483330983828843,-0.4630034457355343,0.06646443290885448,-0.44010576053834893,0.1405377585864679,-0.17389973118630841,-0.03854169642065104,2026-07-31
218,60.60008083118653,73.88688327316486,2.043406748483556,56.57449757597437,64.6256640863987,11106,New York,Queens County,NY,682812.0,-0.43849284051843684,-0.08465619154574178,-0.4773760438431385,0.05525778299496028,0.1955153476914233,0.040731763194371884,-0.017372493709205017,0.10240725165924429,2026-07-31
219,60.57789037666546,73.76654632972323,2.043406748483556,62.02734860116972,59.128432152161196,11784,Selden,Suffolk County,NY,608331.0,0.09047642861355279,-0.2001577318967822,-0.08201453220801369,,-0.126833563971114,-0.1985838069012743,-0.11639049988823658,0.04219070429342002,2026-07-31
220,60.57444469768303,73.6462093862816,2.043406748483556,58.399954014201285,62.74893538116477,11751,Islip,Suffolk County,NY,671396.0,-0.037816373007183296,-0.10151732567713978,-0.0807108497882627,,-0.1386580438403897,-0.13320390618400235,-0.17288710541053476,-0.040610336262147675,2026-07-31
221,60.509421271218734,73.52587244283995,2.043406748483556,63.12372506481999,57.895117477617475,07737,Leonardo,Monmouth County,NJ,677484.0,0.13824756152397058,-0.09249022331635359,-0.2243771503238321,,-0.30799244885598154,0.040620232255103916,0.0021967077608771035,-0.029768098926942613,2026-07-31
222,60.3512123829821,73.40553549939831,2.043406748483556,60.59469309282775,60.10773167313644,10541,Mahopac,Putnam County,NY,639735.0,0.04432786496396482,-0.14982199711614363,-0.070648803368897,,-0.36027986705865733,-0.03179495065305632,0.026018857001501416,-0.030649204146200495,2026-07-31
223,60.292746373605425,73.28519855595668,2.043406748483556,63.19726951762139,57.388223229589464,11948,Laurel,Suffolk County,NY,1035706.0,0.02354279593996403,0.33196205192108685,-0.23370679943067785,,0.05332106278199222,-0.04280232323311017,,0.0895620301460716,2026-07-31
224,60.26778970248789,73.16486161251504,2.043406748483556,61.14348520570625,59.39209419926953,11972,Speonk,Suffolk County,NY,769230.0,0.02685730617378504,0.034513628874405455,-0.37611373783269997,,,0.059898511952853895,,-0.9436598276353718,2026-07-31
225,60.26442697345492,73.04452466907341,2.043406748483556,59.392787986501496,61.13606596040834,10954,Nanuet,Rockland County,NY,648970.0,0.048520953273392925,-0.1354900831167658,-0.24709772168313648,0.06052875823831251,-0.17068139085292988,0.006304211996944975,-0.14828624296151816,0.09236637924344775,2026-07-31
226,60.22101204681755,72.92418772563177,2.043406748483556,62.498189206640944,57.94383488699415,11742,Holtsville,Suffolk County,NY,660320.0,0.050442676462444075,-0.11815128773097427,-0.018811849732538022,,-0.22650332153574415,-0.1296232175987616,-0.07492937710999925,0.0031640551955603308,2026-07-31
227,60.1838317931842,72.80385078219012,2.043406748483556,61.66190724109892,58.705756345269464,07524,Paterson,Passaic County,NJ,535481.0,0.030108106469910828,-0.32771041158829384,-0.08215660387893564,,0.4996263200958342,-0.401998473560734,0.0044683239454634816,-0.007832254079959092,2026-07-31
228,60.16680378916726,72.6835138387485,2.043406748483556,55.52925438066788,64.80435319766664,10526,Goldens Bridge,Westchester County,NY,740297.0,-0.18310416581931896,-0.003824740931792192,-0.28565971701729964,,-0.8040327943716179,0.17742484497474287,0.35098904753981053,-0.05427519055291326,2026-07-31
229,60.07738002550852,72.56317689530685,2.043406748483556,57.01611187692354,63.138648174093504,10455,New York,Bronx County,NY,481980.0,-0.18704125423085358,-0.4329740256749517,-0.10825233676337653,0.06808031063515073,0.7015745472366575,-0.3164673793672066,0.0026399734981481515,0.08281522299765269,2026-07-31
230,59.95423987049095,72.44283995186522,-1.8889212904937835e-05,65.16166839333223,54.74681134764966,07503,Paterson,Passaic County,NJ,564711.0,0.1314359319551265,-0.2745616084740483,0.005511666326569298,0.04723829874986825,0.34499448376501074,-0.3162686438628093,0.03063223123616865,0.06914871944268546,2026-07-31
231,59.78993433856686,72.3225030084236,-1.8889212904937835e-05,55.572798590674964,64.00707008645875,11422,New York,Queens County,NY,747119.0,-0.07877583180028722,0.005348556754185552,-0.16132927954666876,,-0.015688447437221642,-0.1411863069678984,0.03229465820552946,-0.018287431792390854,2026-07-31
232,59.739824162784615,72.20216606498195,-1.8889212904937835e-05,62.14534891749871,57.33429940807052,11749,Islandia,Suffolk County,NY,644226.0,0.19824981075108142,-0.1428260124255516,-0.0892793689509066,,-0.1778539811684674,-0.16522996425768416,-0.013450878777588215,0.08749377708201349,2026-07-31
233,59.67610247001164,72.08182912154031,-1.8889212904937835e-05,58.05121157112681,61.300993368896485,07204,Roselle Park,Union County,NJ,553311.0,0.010372387608255457,-0.2949564013885553,-0.05011920853607421,0.05366828254352511,-0.2712574547540989,-0.10587065907184451,0.14888359095492554,0.04178907341647102,2026-07-31
234,59.553086225129164,71.96149217809868,-1.8889212904937835e-05,60.46672118861173,58.63945126164659,07513,Paterson,Passaic County,NJ,587806.0,0.03002708613087393,-0.23448001499793136,0.03486125541186702,,0.25804709249594526,-0.361770325841829,0.20622032344145325,-0.06818595811536428,2026-07-31
235,59.49186581341805,71.84115523465704,-1.8889212904937835e-05,58.142144821136284,60.84158680569982,07026,Garfield,Bergen County,NJ,592131.0,0.0004547212177467286,-0.2271480887473647,-0.07906295525931029,0.04954039983286335,0.11583918987088526,-0.23264101991914304,0.00606198876331554,-0.0718406777041662,2026-07-31
236,59.38066887331243,71.72081829121541,-1.8889212904937835e-05,61.90367347761714,56.857664269007714,08741,Pine Beach,Ocean County,NJ,584712.0,0.15053409426915856,-0.2397565520555851,0.012944981896742647,,-0.4820014446033636,-0.0002361871254337733,0.1847532843057671,-0.005022819106523094,2026-07-31
237,59.36263154101274,71.60048134777377,-1.8889212904937835e-05,62.17848503862402,56.54677804340146,11798,Wheatly Heights,Suffolk County,NY,572094.0,0.0002566969879897185,-0.26157342374390247,-0.21899326798973284,,,,,,2026-07-31
238,59.339425155610506,71.48014440433214,-1.8889212904937835e-05,60.60684395929351,58.0720063519275,10920,Congers,Rockland County,NY,679298.0,-0.025761446655538117,-0.08981621792424832,-0.024482324558915636,,-0.34919581523214593,0.0747046795680103,-0.041186543492528926,-0.12436666353973687,2026-07-31
239,59.324957245356984,71.3598074608905,-1.8889212904937835e-05,57.86259450834793,60.78731998236603,11715,Blue Point,Suffolk County,NY,716818.0,-0.005799297273771126,-0.03605465624744575,0.03800309223524323,,-0.4093145699099836,0.10050624571335798,0.054085484204424716,-0.05174446585217103,2026-07-31
240,59.29038048298549,71.23947051744885,-1.8889212904937835e-05,61.9598689587771,56.62089200719388,10588,Shrub Oak,Westchester County,NY,631373.0,-0.04304529058894033,-0.1629789217198212,-0.09726440811851056,,-0.6289793632702889,0.09025847197067727,0.23880512395033193,-0.07782772355058194,2026-07-31
241,59.28899412727298,71.11913357400722,-1.8889212904937835e-05,60.80995654632571,57.76803170822025,11980,Yaphank,Suffolk County,NY,564068.0,0.06922988039552039,-0.2757005640025145,-0.03921938726533902,0.071321129824035,-0.18528163232476413,-0.10369010572332676,-0.19245349021071334,0.2004713858001364,2026-07-31
242,59.20338405623832,70.99879663056558,-1.8889212904937835e-05,55.7392408910092,62.667527221467445,07010,Cliffside Park,Bergen County,NJ,637080.0,-0.05653929310809111,-0.15398026043450663,-0.2013424459138271,0.05238741871691347,0.029828668488202537,-0.07093921834977623,0.020842358192178168,-0.0443123619374874,2026-07-31
243,59.12786561977093,70.87845968712395,-1.8889212904937835e-05,55.249309993471776,63.006421246070076,10989,Valley Cottage,Rockland County,NY,660837.0,0.023767634902535667,-0.11736868273448664,-0.1565702634205035,0.05084459552869526,-0.29594217311493165,0.09087380354150465,-0.059937654397154816,-0.07896438651717981,2026-07-31
244,59.12282978736725,70.7581227436823,-1.8889212904937835e-05,66.8651371064046,51.3805224683299,08804,Bloomsbury,Hunterdon County,NJ,506771.0,0.011114346243090628,-0.38281737769649027,0.011632554182307686,,-0.33749666456348426,-0.11318542835583872,-0.18617571019511558,0.22456131590761547,2026-07-31
245,59.07928904765161,70.63778580024066,-1.8889212904937835e-05,58.90400824943204,59.254569845871195,11692,New York,Queens County,NY,623783.0,-0.026905112999430963,-0.1750732691775525,-0.4688609212168853,0.06433645193670315,0.6397763285943572,-0.23085970566482938,-0.1710680500870403,0.03284689275957069,2026-07-31
246,59.02269794811478,70.51744885679904,-1.8889212904937835e-05,59.271162857047365,58.7742330391822,07036,Linden,Union County,NJ,544370.0,0.1048965465344999,-0.31124757069836306,-0.028184248501210263,0.05468031620968468,-0.11049585139078677,-0.25839641695992477,0.0066707411245126025,-0.012941094933177147,2026-07-31
247,59.01249632884543,70.3971119133574,-1.8889212904937835e-05,57.10538363887553,60.91960901881532,11224,New York,Kings County,NY,563168.0,-0.3538948155073577,-0.2772983744487476,-0.5225109930719878,0.07148223379834875,0.6678010277446755,-0.13913263052769803,0.062224602715826194,0.037799248210351785,2026-07-31
248,58.93194016147186,70.27677496991576,-1.8889212904937835e-05,61.02805499654044,56.83582532640327,07504,Paterson,Passaic County,NJ,593508.0,0.08262545988717598,-0.22482627271431888,0.02429608232976399,,0.15706357644534807,-0.3479455497667763,0.00999363202647352,-0.07319088394321378,2026-07-31
249,58.79132898371411,70.15643802647413,-1.8889212904937835e-05,55.9569838440513,61.62567412337692,07104,Newark,Essex County,NJ,497351.0,-0.02049075763927241,-0.4015797307607336,-0.03644944729177446,0.046905235102568534,0.3311005775097644,-0.24379494323497855,0.13507813301337102,-0.005216376181216467,2026-07-31
250,58.76298103760165,70.03610108303249,-1.8889212904937835e-05,61.1556429011927,56.37031917401059,08758,Waretown,Ocean County,NJ,557761.0,0.10012051980112205,-0.2869449019623911,-0.13244940107551706,0.051993557489327255,-0.13936755644469234,-0.16738260924019766,0.094655422428783,-0.10185141673452032,2026-07-31
251,58.75011692606739,69.91576413959085,-1.8889212904937835e-05,52.333761006246306,65.16647284588848,10456,New York,Bronx County,NY,461976.0,-0.22424963523567917,-0.47536330782970637,-0.10479523447513728,0.06485979426666519,0.6918606452405445,-0.34462127653100605,-0.006389124208848074,0.003115295330431686,2026-07-31
252,58.70359563728118,69.79542719614922,-1.8889212904937835e-05,58.894613117956126,58.512578156606246,11730,East Islip,Suffolk County,NY,736563.0,-0.0005384632143773105,-0.008881371028765628,0.02704659147216404,,-0.2688447214737437,-0.061034359160494156,-0.06073471811586906,0.03511187638352302,2026-07-31
253,58.66669124637029,69.67509025270758,-1.8889212904937835e-05,61.75985588869107,55.573526604049505,07822,Augusta,Sussex County,NJ,557476.0,-0.0037050902105391914,-0.28745691730317446,0.23080742703205992,,-0.3071678117740657,-0.15793272522129326,0.18399462924557675,0.13681491499661763,2026-07-31
254,58.57485182055596,69.55475330926595,-1.8889212904937835e-05,56.87424237228274,60.27546126882919,07603,Bogota,Bergen County,NJ,621695.0,0.04025335805432953,-0.17842612366558797,-0.1066340951419491,0.05804773029800945,-0.0947969547877936,-0.16730647828821804,-0.10696423048236348,0.15085487784771195,2026-07-31
255,58.437534196043,69.4344163658243,-1.8889212904937835e-05,61.450140954305034,55.42492743778098,07438,Oak Ridge,Morris County,NJ,541623.0,0.04396655845473099,-0.3163051077679402,0.05154054057122792,,-0.40943342715791364,-0.060546506451460924,-0.12785259545687389,-0.08984942723972873,2026-07-31
256,58.434258771003535,69.31407942238266,-1.8889212904937835e-05,52.40756736673022,64.46095017527685,07112,Newark,Essex County,NJ,495799.0,0.0001190179240605771,-0.40470519436841634,0.03412176947175283,0.048988035309499404,0.2526663153086115,-0.27332158585700017,0.2423701110640053,-0.025260185342300637,2026-07-31
257,58.42760727468139,69.19374247894103,-1.8889212904937835e-05,59.80780267920095,57.047411870161845,11958,Peconic,Suffolk County,NY,1264482.0,0.07037644596629136,0.531541657524162,-0.26602010848743163,,,-0.025363601257368362,,0.12068087487332084,2026-07-31
258,58.315502835562526,69.0734055354994,-1.8889212904937835e-05,56.99977585825271,59.631229812872334,11729,Deer Park,Suffolk County,NY,658163.0,0.00495018510867809,-0.12142329196335844,-0.05873558302141468,0.040795353798556755,-0.3197019987469585,-0.11499915411957173,0.1409460061053931,-0.05131288731004498,2026-07-31
259,58.31168201700525,68.95306859205776,-1.8889212904937835e-05,54.40919727083905,62.21416676317146,11235,New York,Kings County,NY,609546.0,-0.35221360281359326,-0.19816204083267586,-0.3819386412592358,0.05153473117673207,0.43441628298627033,-0.0219325752967226,-0.1433836915903992,0.019335963216168303,2026-07-31
260,58.288935991725495,68.83273164861613,-1.8889212904937835e-05,62.894126674603946,53.683745308847044,07460,Stockholm,Sussex County,NJ,449120.0,0.023383077530550272,-0.5035853443518814,-0.028016694518296248,,-0.7596206870772371,-0.12646301996034498,0.05251292751305847,-0.18003974929026761,2026-07-31
261,58.1257496585869,68.71239470517449,-1.8889212904937835e-05,57.36215463839979,58.889344678774,08826,Glen Gardner,Hunterdon County,NJ,576119.0,-0.020809920491929285,-0.2545622919370949,0.023518454038574887,,-0.35156882897147423,-0.023488464064031822,-0.09198451798627083,-0.08926883410431304,2026-07-31
262,58.06649278261936,68.59205776173285,-1.8889212904937835e-05,50.347402184333276,65.78558338090545,11207,New York,Kings County,NY,642404.0,-0.09012984135301458,-0.14565834937486777,-0.2580505516158471,0.06384555366571108,0.5409508800755798,-0.2885102128622825,0.13015256255226504,-0.005843248878510912,2026-07-31
263,58.01178081159468,68.47172081829122,-1.8889212904937835e-05,60.397106970490434,55.62645465269893,08846,Middlesex,Middlesex County,NJ,557290.0,0.06790429435142933,-0.2877907296416726,-0.09219749384332943,0.05810620908189526,-0.22049421538477643,-0.12188792615406796,0.09917142233263121,0.07988583407396303,2026-07-31
264,58.007753642482406,68.35138387484957,-1.8889212904937835e-05,60.43237984456371,55.5831274404011,07628,Dumont,Bergen County,NJ,683641.0,0.07154716308855705,-0.08344343501484452,-0.3988617731294113,0.050465091689050265,-0.19903181091335687,0.012178699800651227,-0.0016987644092996135,-0.0012219492489557587,2026-07-31
265,57.971947060347944,68.23104693140795,-1.8889212904937835e-05,56.77480081812114,59.16909330257474,10598,Yorktown Heights,Westchester County,NY,742477.0,0.03502499940493778,-0.0008839912384992488,-0.07610183482519517,,-0.4362253870003745,0.08420888366680901,0.06913300930356314,-0.06904350058731064,2026-07-31
266,57.96821851872839,68.1107099879663,-1.8889212904937835e-05,57.58979886325337,58.346638174203406,11436,New York,Queens County,NY,699970.0,0.04638478729808285,-0.059839331292526055,-0.06207143921035829,,0.18354677031038302,-0.25980889663611034,-0.07375919183916047,0.121454214297595,2026-07-31
267,57.91834187932069,67.99037304452466,-1.8889212904937835e-05,59.343188628797336,56.49349512984405,11955,Moriches,Suffolk County,NY,639851.0,0.03819221127689368,-0.14964102337122753,-0.1559613975762808,0.0459486514590135,0.19154111009455543,-0.18812047313778596,-0.03657563792967622,-0.24825634008732117,2026-07-31
268,57.8828377940801,67.87003610108303,-1.8889212904937835e-05,56.34799493588051,59.4176806522797,07055,Passaic,Passaic County,NJ,560973.0,0.04861346247575363,-0.2812037873044382,-0.14888474883940894,0.04443923182670927,0.4259970861167186,-0.32386539199551634,0.0706644982871012,-0.009114709233015453,2026-07-31
269,57.674153840722425,67.7496991576414,-1.8889212904937835e-05,59.163459044325165,56.18484863711968,07731,Howell,Monmouth County,NJ,678682.0,0.1576283823947641,-0.09072345786896463,-0.1496157844687449,,-0.2677242165529681,-0.05061014730775981,-0.027518916433724172,0.021438769506282804,2026-07-31
270,57.63944960838693,67.62936221419976,-1.8889212904937835e-05,51.19336344414086,64.08553577263301,11355,New York,Queens County,NY,617860.0,-0.27563034286152865,-0.18461355380527777,-0.25892699812122366,0.052415286911830616,0.5234003498240838,-0.24995983144898298,0.03238797924613124,0.02084228188297592,2026-07-31
271,57.50703759766674,67.50902527075813,-1.8889212904937835e-05,61.487050372650074,53.5270248226834,08830,Iselin,Middlesex County,NJ,568366.0,0.11763936358815244,-0.2681106155132209,-0.05859595889766389,0.05758764087279931,-0.2427783003553572,0.046175757039524146,-0.09365465846133425,-0.023169023212087317,2026-07-31
272,57.366853006251304,67.38868832731649,-1.8889212904937835e-05,54.08781859238645,60.64588742011615,07463,Waldwick,Bergen County,NJ,767325.0,0.0651059547576324,0.032034107898025965,-0.3831267580517448,,-0.42827907204280113,0.10447727077583246,0.1236473369585731,-0.0595949366721535,2026-07-31
273,57.31439463155216,67.26835138387484,-1.8889212904937835e-05,56.657683066753194,57.97110619635113,11716,Bohemia,Suffolk County,NY,721265.0,0.010856996911766364,-0.029870029467774728,0.04040100913548095,,-0.16756473388613924,-0.08562564827824115,0.09176305635720361,-0.07119864376040726,2026-07-31
274,57.20436397636675,67.14801444043322,-1.8889212904937835e-05,58.01339304684946,56.395334905884035,08527,Jackson,Ocean County,NJ,638049.0,0.09044193757322319,-0.15246162024381782,0.006159552795596213,0.06414244175368099,-0.18036272534400344,-0.1040089476893063,-0.035473463270296435,-0.0354475803157432,2026-07-31
275,57.133215151120076,67.02767749699157,-1.8889212904937835e-05,43.69488434166881,70.57154596057134,10280,New York,New York County,NY,822198.0,-0.15973241366251897,0.10110449075959949,-0.6630062414630249,0.07705071407380329,-0.5069652175816952,0.3817849947864266,-0.11003345722808433,-0.10946797585861896,2026-07-31
276,57.07111192453442,66.90734055354994,-1.8889212904937835e-05,50.07668651059656,64.06553733847228,10589,Somers,Westchester County,NY,691835.0,0.003148742819853473,-0.07152928223263899,-0.262987402560114,,-0.21174236242942013,0.18326717406224646,0.02198843358688407,-0.07485091729345479,2026-07-31
277,56.976006140933976,66.78700361010831,-1.8889212904937835e-05,59.60874670864358,54.343265573224365,08873,Somerset,Somerset County,NJ,581824.0,0.05537029282276898,-0.24470791751836352,0.0826553337559357,0.0561466824024354,-0.3515407653144973,0.05565663569170343,0.09949671320787168,-0.0254634509998259,2026-07-31
278,56.94164581429223,66.66666666666666,-1.8889212904937835e-05,57.363505373936974,56.51978625464748,08810,Dayton,Middlesex County,NJ,649071.0,0.06679891199160118,-0.1353335234498516,0.03825682445344114,0.06193463802750338,-0.43731223510742656,0.21443489470806143,-0.06768551919377863,-0.21189608984982716,2026-07-31
279,56.93470852639773,66.54632972322503,-1.8889212904937835e-05,58.69025490036335,55.179162152432106,07644,Lodi,Bergen County,NJ,635606.0,0.041780414669867844,-0.15629805710492306,-0.028675356476906444,0.04464224387388676,0.07290132995305032,-0.1949825688719084,0.06224176441472373,0.05536998325855995,2026-07-31
280,56.87448679602775,66.4259927797834,-1.8889212904937835e-05,58.4849009988346,55.26407259322092,08854,Piscataway,Middlesex County,NJ,604961.0,0.06358004543210996,-0.20571288731742143,0.10844475795482289,0.05206367185349966,-0.3349695121012044,-0.002212432512483209,0.013817147708286015,0.030897007916151062,2026-07-31
281,56.76326513855347,66.30565583634176,-1.8889212904937835e-05,63.88618128125479,49.64034899585215,07758,Port Monmouth,Monmouth County,NJ,638455.0,0.09734616103796015,-0.15182556398266556,-0.17402177139954667,,-0.17808878063904143,-0.09114504767194409,-0.04266671735917349,-0.03703612462904689,2026-07-31
282,56.697269853390566,66.18531889290013,-1.8889212904937835e-05,53.29879774942506,60.09574195735606,10302,New York,Richmond County,NY,645919.0,-0.0670806536579299,-0.14020170933136278,0.0006237422773018864,,0.2209802052762473,-0.20643791161297914,-0.062219494136327214,-0.07628799043352048,2026-07-31
283,56.68478713990952,66.06498194945848,-1.8889212904937835e-05,56.63657344975378,56.73300083006526,07081,Springfield,Union County,NJ,718316.0,0.0662983143598769,-0.03396695048641263,-0.28663014014431454,0.045564654889018084,-0.36196334760425697,0.16697787052719315,0.10047036951607957,-0.006864498293266144,2026-07-31
284,56.58170908178934,65.94464500601684,-1.8889212904937835e-05,56.30326836866223,56.860149794916445,07728,Freehold,Monmouth County,NJ,658949.0,0.07061546726711079,-0.12023075339711298,-0.22849173859822258,0.05244378818702929,-0.13580371696251103,-0.03100418006008926,-0.014567632069811154,-0.02888988412194289,2026-07-31
285,56.48726063346868,65.82430806257521,-1.8889212904937835e-05,54.291928904633316,58.68259236230404,10913,Blauvelt,Rockland County,NY,816271.0,0.007615332201523023,0.09387004325518866,0.07873756217948547,,-0.3516969882794705,0.045382182342431965,-0.08348813140888112,-0.027136679502653485,2026-07-31
286,56.484575299487744,65.70397111913357,-1.8889212904937835e-05,56.270132765054356,56.69901783392114,07662,Rochelle Park,Bergen County,NJ,649216.0,0.03627548890180812,-0.13511145997023988,-0.07333343974839934,,-0.11778355356717474,-0.0036986675504206423,0.03959533054103126,0.11312613365913764,2026-07-31
287,56.46431181543291,65.58363417569194,-1.8889212904937835e-05,56.861130221377685,56.06749340948814,07732,Highlands,Monmouth County,NJ,602419.0,0.06771158280432701,-0.20992375545554331,-0.4539230578101172,,-0.009095848574124377,0.02388412799314832,0.1712467616908917,-0.20314079068273355,2026-07-31
288,56.35304008686241,65.46329723225031,-1.8889212904937835e-05,56.40881332573103,56.297266847993775,08831,Monroe Township,Middlesex County,NJ,613342.0,0.0564801446511666,-0.19195269311181384,-0.05681729285809034,0.050884891977746406,-0.1624289578103444,0.027600820062937736,-0.03180165627442122,0.0710925804302625,2026-07-31
289,56.300036739014,65.34296028880865,-1.8889212904937835e-05,61.36047848917303,51.23959498885496,07828,Budd Lake,Morris County,NJ,568820.0,0.06309498410380457,-0.2673124385924748,0.027634319611298253,0.0448293084551758,-0.18388654240569413,-0.05172539364754991,0.08214130650869578,-0.04707937172174832,2026-07-31
290,56.282819125904396,65.22262334536703,-1.8889212904937835e-05,54.336824566400146,58.22881368540864,10562,Ossining,Westchester County,NY,684593.0,0.05352083504376495,-0.08205117623747249,-0.3337036206156867,0.05903128964655795,-0.11176901655946492,-0.05643616288015202,0.11365478143056862,-0.04540698346372958,2026-07-31
291,56.234308486252026,65.1022864019254,-1.8889212904937835e-05,56.92370488380137,55.54491208870268,08801,Annandale,Hunterdon County,NJ,632361.0,0.0044863892792438576,-0.16141546484912794,-0.013062514035047101,,-0.44971998476289987,0.1598459559955937,-0.0668350139225673,0.01651058212655014,2026-07-31
292,56.158690316653534,64.98194945848375,-1.8889212904937835e-05,52.51080463381243,59.80657599949465,11003,Elmont,Nassau County,NY,743134.0,0.014919615982668694,0.0,-0.060496413634465895,0.04621912914411601,-0.09995169075783328,-0.16385827597677238,-0.0577187084600812,-0.058698728289383786,2026-07-31
293,56.118909361718195,64.86161251504213,-1.8889212904937835e-05,55.52230123830103,56.71551748513535,11790,Stony Brook,Suffolk County,NY,797463.0,0.03930900575602295,0.07055951751854828,0.05738027644825294,,-0.35062465003507737,0.20818008248455466,0.039062004498465086,-0.029626960580580522,2026-07-31
294,56.06781257395785,64.74127557160048,-1.8889212904937835e-05,55.55169876395589,56.58392638395981,11933,Calverton,Suffolk County,NY,654959.0,0.06028027691534668,-0.12630387564622936,-0.13813101128059735,,0.2882562263101007,-0.19863112205726507,-0.2690867668455663,-0.14777786022996303,2026-07-31
295,56.059808955974304,64.62093862815884,-1.8889212904937835e-05,53.95419709907876,58.16542081286985,11719,Brookhaven,Suffolk County,NY,722677.0,0.006631048431753689,-0.027914216756832033,0.15582904792254837,,-0.14492142049788126,-0.09637997348385591,0.378552111178621,-0.26427540889146756,2026-07-31
296,56.040455105239985,64.50060168471721,-1.8889212904937835e-05,49.0611743357479,63.01973587473206,11558,Island Park,Nassau County,NY,762408.0,-0.0030612025850015046,0.02560536468556407,-0.29489584999660146,0.05938204517251976,0.03704378104644479,-0.12889491718227142,-0.08954196153655403,0.09522217573191964,2026-07-31
297,55.985925795165116,64.38026474127557,-1.8889212904937835e-05,51.600260548420174,60.371591041910065,11232,New York,Kings County,NY,841661.0,-0.25373000414315927,0.12450132623663457,-0.3980945094241797,0.047296665392702796,0.3360972042704151,-0.13662203444300258,0.16432758357363042,0.038782711928304445,2026-07-31
298,55.9483478562218,64.25992779783394,-1.8889212904937835e-05,54.81374739193276,57.08294832051084,07435,Newfoundland,Morris County,NJ,641201.0,0.03705593565806567,-0.14753313460702344,0.1477486946048998,,-0.40536585612307197,-0.11634386656220558,-0.07196681803765337,0.07781595796432343,2026-07-31
299,55.78853297697992,64.13959085439231,-1.8889212904937835e-05,56.597493992582,54.979571961377836,07834,Denville,Morris County,NJ,680530.0,0.02881043402196362,-0.08800436711310766,-0.019295415646935155,,-0.42236890932902615,0.12162123042927309,-0.0006172316583192838,-0.06392946836048781,2026-07-31
300,55.691431646206695,64.01925391095065,-1.8889212904937835e-05,50.07912408419585,61.30373920821754,11518,East Rockaway,Nassau County,NY,741300.0,-0.04190020224140198,-0.002470988500071769,-0.16274664486827817,,-0.043832404591675145,-0.008256772760076525,0.026999764401587356,-0.065286772989898,2026-07-31
301,55.63987066955083,63.898916967509024,-1.8889212904937835e-05,53.55380582126119,57.725935517840476,10983,Tappan,Rockland County,NY,761537.0,0.04012293756869881,0.02446207220861396,-0.10993822394558173,,-0.33051681455717064,0.11623484119867444,0.0683828417482637,0.03426539632812302,2026-07-31
302,55.54574097257686,63.77858002406739,-1.8889212904937835e-05,54.21017487626011,56.881307068893605,08559,Stockton,Hunterdon County,NJ,695570.0,-0.0193706766366116,-0.06614391979271694,-0.12410089825029047,,-0.5356192112463962,0.145289513597484,0.21303245652588387,-0.08546805106654505,2026-07-31
303,55.53783587346135,63.65824308062575,-1.8889212904937835e-05,50.297977469394425,60.77769427752826,07114,Newark,Essex County,NJ,464867.0,-0.1628002194241965,-0.4691249720905173,-0.08087790669214989,0.054852254688468355,0.6680853153157222,-0.3736050631237549,-0.03768043775417418,0.08098817792932449,2026-07-31
304,55.38207436143313,63.537906137184116,-1.8889212904937835e-05,48.84639906266789,61.917749660198375,11756,Levittown,Nassau County,NY,739765.0,0.024076159054505913,-0.004544156572729108,-0.11318051381709893,0.05344042269929164,-0.2670240423858641,-0.10619314964863169,-0.0796436616255658,-0.011592260927961909,2026-07-31
305,55.34365673681543,63.41756919374247,-1.8889212904937835e-05,54.015095084689825,56.67221838894104,07029,Harrison,Hudson County,NJ,583959.0,-0.07875839929823378,-0.24104625244721056,0.1547130344462868,0.053754485122316266,-0.0009031517588777849,-0.008735574956581615,0.010199196928203591,0.3249007245245202,2026-07-31
306,55.22620695569138,63.29723225030084,-1.8889212904937835e-05,56.73099175620126,53.7214221551815,07456,Ringwood,Passaic County,NJ,618351.0,0.06986333345892284,-0.18381935419505524,0.05269707665482848,,-0.4891629923310472,0.034621238428602874,-0.011757524287189014,-0.03388418402638545,2026-07-31
307,55.22619266854584,63.1768953068592,-1.8889212904937835e-05,51.49736556476625,58.955019772325436,11413,New York,Queens County,NY,737753.0,-0.06842166456343754,-0.00726666543559773,-0.009691451006295537,,-0.060416304254567565,-0.1779656604047043,0.005986390968397259,0.0909619269040756,2026-07-31
308,55.1854094731377,63.05655836341757,-1.8889212904937835e-05,54.13947514204166,56.231343804233745,07676,Township of Washington,Bergen County,NJ,843377.0,0.019270094233947793,0.12653765171802966,-0.18236340801639983,,-0.34590095080264693,0.0928328813426873,0.01901141053760469,-0.06471730289662121,2026-07-31
309,55.15123919069795,62.936221419975936,-1.8889212904937835e-05,48.79770088781509,61.50477749358082,11691,New York,Queens County,NY,682588.0,-0.08116177168101543,-0.08498518020979517,-0.4180946328066302,0.05492744756757432,0.6085121802938811,-0.24370156931227926,-0.12077550756147915,0.06080630342134645,2026-07-31
310,55.130528325821125,62.8158844765343,-1.8889212904937835e-05,55.32025876444053,54.94079788720172,07011,Clifton,Passaic County,NJ,580197.0,0.06524690667727598,-0.24750835098190116,-0.03147992113193254,0.051333131834723746,0.1670652290624275,-0.24644373671114145,-0.010798518227064235,0.008022769557222184,2026-07-31
311,55.073664655259684,62.69554753309266,-1.8889212904937835e-05,51.414952250863365,58.732377059656,11429,New York,Queens County,NY,754509.0,-0.029643448032339842,0.015191072063968747,-0.07166523532028535,,0.10288467598908002,-0.2034591141192491,-0.07836306040933394,0.07648479668810308,2026-07-31
312,55.04315652229982,62.57521058965102,-1.8889212904937835e-05,52.956689168952074,57.12962387564756,10511,Buchanan,Westchester County,NY,628755.0,-0.21757801407503904,-0.16713436039179896,0.06052338154861481,,-0.29960943622422787,-0.00922842110517852,-0.07223661771965695,-0.15773450665613503,2026-07-31
313,54.952920428738025,62.454873646209386,-1.778567776733031,51.40916489619354,58.496675961282506,11552,West Hempstead,Nassau County,NY,804051.0,0.028682123871688253,0.07878635257510958,-0.03137530761450513,0.05660255418506426,-0.24437495507429507,-0.0036611246391030083,0.006207232890735881,0.001966507907555745,2026-07-31
314,54.926038755829055,62.33453670276775,-1.778567776733031,53.05266773939598,56.79940977226213,11510,Baldwin,Nassau County,NY,737186.0,0.01880060651003604,-0.008035851047106135,-0.051834398412553995,,-0.27937929024190145,-0.04221116493759475,0.009359560497182784,-0.008858488791643374,2026-07-31
315,54.90794973235194,62.214199759326114,-1.778567776733031,52.869901287385844,56.94599817731804,10567,Cortlandt Manor,Westchester County,NY,710809.0,0.004415280440359132,-0.044472501328169045,0.12353385833535668,,-0.2943752520223637,0.028120256239400843,-0.1632177258437313,-0.03874916928770285,2026-07-31
316,54.857611528274,62.093862815884485,-1.778567776733031,44.73977604008404,64.97544701646396,11236,New York,Kings County,NY,704588.0,-0.09186925809570709,-0.05326314725230752,-0.13505971795759386,0.04995733668074454,0.26783251229274785,-0.2110759842126535,-0.09078513417457401,-0.0027124548380805386,2026-07-31
317,54.786821227467826,61.973525872442835,-1.778567776733031,54.28987125413231,55.283771200803336,11769,Oakdale,Suffolk County,NY,727396.0,0.03166858975259182,-0.021405673408439796,-0.010104831093375566,,-0.11685949044528532,-0.04213280947159259,-0.057557882895414636,-0.04979212253284411,2026-07-31
318,54.69116895464204,61.8531889290012,-1.778567776733031,47.380897588626944,62.00144032065713,07105,Newark,Essex County,NJ,558471.0,-0.061837683598580634,-0.28567284908478996,0.11011915881321777,0.05085309972122831,0.343792709895246,-0.3398888424311265,0.058731830218496484,0.0930891597928503,2026-07-31
319,54.67804546672769,61.73285198555957,-1.778567776733031,52.88920300856487,56.46688792489051,10578,Purdys,Westchester County,NY,684380.0,0.0025528385591403746,-0.0823622573381364,-0.28706134086198354,,-0.8825703107779621,0.20275420743719552,0.5800640528581198,0.6107879285298525,2026-07-31
320,54.648623492342935,61.612515042117934,-1.778567776733031,52.37701218109348,56.920234803592386,11940,East Moriches,Suffolk County,NY,786722.0,0.03277791478204897,0.056998915789428395,-0.1040552160172421,,-0.15361765225192703,-0.08970077313531477,0.05070620464523934,0.0022854885823904575,2026-07-31
321,54.614142214478,61.4921780986763,-1.778567776733031,50.13657123108126,59.09171319787474,07072,Carlstadt,Bergen County,NJ,675578.0,-0.05243767655662132,-0.09530768013291713,-0.025669811095411887,0.04795893804752406,-0.1228363796184635,-0.18255395668317176,0.030908692774126223,0.012117023455912965,2026-07-31
322,54.52336687735573,61.371841155234655,-1.778567776733031,44.834009754245166,64.2127240004663,11203,New York,Kings County,NY,738204.0,-0.09944786729410246,-0.006656343245927232,-0.2764088227760837,0.0478271730309176,0.49660867020142585,-0.21323390272657783,-0.010605761748095688,0.0428326847751264,2026-07-31
323,54.503284538393245,61.25150421179302,-1.778567776733031,52.273092932253704,56.73347614453278,11783,Seaford,Nassau County,NY,815537.0,0.012549575680207786,0.09297115848210957,0.03275769659053829,,-0.36188216087265634,-0.014863180868160797,0.045376673908089415,-0.018514934321998758,2026-07-31
324,54.46633541329567,61.13116726835138,-1.778567776733031,55.75975070173167,53.17292012485966,11952,Mattituck,Suffolk County,NY,1020621.0,0.03066234156394501,0.31729069167420576,-0.25560268735753233,,0.2498981503236919,-0.022667483071728445,0.03521819786237934,-0.1578977070389837,2026-07-31
325,54.380247065481704,61.01083032490975,-1.778567776733031,50.33931789525183,58.42117623571158,11433,New York,Queens County,NY,724396.0,0.012303585575598325,-0.025538417308988315,-0.008961532588500631,0.051353149224382416,0.3451953795029261,-0.3022761371409821,0.12567856388300136,0.03248889716660512,2026-07-31
326,54.32576649125505,60.89049338146811,-1.778567776733031,52.92656765977951,55.724965322730604,11580,Valley Stream,Nassau County,NY,762062.0,0.009928871174313875,0.025151756209581322,-0.0477079858732985,,-0.17650231509906722,-0.09900390988861069,-0.013969301320049254,-0.05164281533130195,2026-07-31
327,54.27197225795702,60.770156438026476,-1.778567776733031,53.66801389694893,54.8759306189651,10980,Stony Point,Rockland County,NY,666297.0,0.08331502314326969,-0.10914074518723993,0.13181518157517935,,-0.2264172196023797,-0.1261317991087627,-0.09879897778726132,-0.11805976102070632,2026-07-31
328,54.23994093151667,60.64981949458483,-1.778567776733031,56.25442724437366,52.22545461865968,07013,Clifton,Passaic County,NJ,638113.0,0.06878997757062102,-0.15236038845716315,-0.026836396598948653,0.049285920702039986,-0.18704439840295106,-0.07709600543420692,-0.00041948282088632993,0.1193438619516967,2026-07-31
329,54.15961920426227,60.5294825511432,-1.778567776733031,56.64202929175131,51.677209116773234,11939,East Marion,Suffolk County,NY,1204830.0,0.04420119589531915,0.4832172446320069,-0.16687124204965187,,0.574611310467964,0.019779487800713258,0.024077466444650142,-0.03715558063691633,2026-07-31
330,54.150456351067916,60.40914560770156,-1.778567776733031,52.95222695236357,55.34868574977227,10704,Yonkers,Westchester County,NY,682585.0,-0.00427778669817655,-0.0849894145367589,0.0751282270991549,0.04593798611980957,-0.034559381913571885,-0.13116180822061552,0.11972877790042347,-0.041288043452059234,2026-07-31
331,54.14451507653898,60.28880866425993,-1.778567776733031,49.73766119983492,58.55136895324304,11795,West Islip,Suffolk County,NY,753976.0,-0.06824756898987303,0.014484931412665603,0.15029424035094685,,-0.44192655707026884,0.00859981624567363,0.11265562562110532,-0.025998274836192173,2026-07-31
332,54.132491742780914,60.168471720818296,-1.778567776733031,59.41319202240789,48.85179146315393,10923,Garnerville,Rockland County,NY,628625.0,0.10497892835176117,-0.1673417798228911,-0.00665403048848745,,-0.05593413761329313,-0.0936530302810954,0.030930244243975835,-0.10604595950053293,2026-07-31
333,54.058770904725705,60.048134777376646,-1.778567776733031,49.82404137438754,58.29350043506387,11421,New York,Queens County,NY,743671.0,-0.12346263890980289,0.0007222119104444147,0.10674749216629564,,0.2145871132554784,-0.21855884786962582,-0.015718371624378946,-0.0017647498670212008,2026-07-31
334,54.00490203998032,59.92779783393502,-1.778567776733031,48.786088420241406,59.22371565971923,11801,Hicksville,Nassau County,NY,796677.0,0.03306892541314746,0.0695733394144451,-0.2830637284739286,0.048980107692667106,-0.19132330783174045,-0.05597257606713696,0.047745239910536696,-0.07585969340198746,2026-07-31
335,53.967719060678874,59.80746089049338,-1.778567776733031,52.158796398683926,55.77664172267382,07876,Succasunna,Morris County,NJ,673722.0,0.049454395716690774,-0.09805897273103881,0.1331874846919181,,-0.4600928916523934,0.0024500570981797476,-0.02435150258126839,-0.1321562628411656,2026-07-31
336,53.89195596088821,59.687123947051745,-1.778567776733031,44.854137800191694,62.929774121584735,11102,New York,Queens County,NY,727248.0,-0.23756270824002143,-0.021608778006598328,-0.36338943753235853,0.05483232633373284,0.12889337723576477,0.09571317875148588,0.07152275916088513,0.12190296531053262,2026-07-31
337,53.884031335435665,59.56678700361011,-1.778567776733031,57.787626935924294,49.98043573494704,08827,Hampton,Hunterdon County,NJ,629708.0,0.06103075260347737,-0.1656205863369422,0.10291681417097998,,-0.3542574462172461,0.005365833988264623,0.0244519663274243,-0.12028988808290438,2026-07-31
338,53.80507764632121,59.44645006016847,-1.778567776733031,50.95933307590125,56.65082221674116,11563,Lynbrook,Nassau County,NY,769344.0,-0.011517822083921908,0.034661912879128565,-0.1389884965993371,0.04628185843662552,-0.1632369906671951,-0.06090819867920455,0.08332950918356907,-0.030588630664506858,2026-07-31
339,53.74703731879711,59.32611311672683,-1.778567776733031,49.900910569787264,57.59316406780697,11412,New York,Queens County,NY,748446.0,-0.09885425619238539,0.007123025441380548,-0.023213974586699493,,0.14362671986197806,-0.2305883423610411,-0.04836033967512421,0.05705451049749426,2026-07-31
340,53.72005601569043,59.205776173285194,-1.778567776733031,54.14561443763141,53.29449759374945,07506,Hawthorne,Passaic County,NJ,650262.0,0.048560771530733154,-0.13350039744352848,-0.11633260075952734,0.0492724255039866,-0.11487612657148216,-0.02043868246181374,-0.11037329212619618,0.06227003494134058,2026-07-31
341,53.70463719680156,59.08543922984356,-1.778567776733031,52.578597525012725,54.8306768685904,07432,Midland Park,Bergen County,NJ,765589.0,0.041117403366581234,0.02976963450346659,-0.28336747080156677,,-0.23832386982103704,0.0845960604517576,-0.03896433767065233,0.05010128559293596,2026-07-31
342,53.667459901482545,58.96510228640193,-1.778567776733031,55.752887993352786,51.5820318096123,07508,North Haledon,Passaic County,NJ,649150.0,0.07796739064915528,-0.13521166256517425,-0.036965368835545576,0.04618590233460847,0.023719888353471275,-0.16496279133327274,-0.04391327072949913,0.05090821298256136,2026-07-31
343,53.663951456153896,58.844765342960294,-1.778567776733031,55.41227548265268,51.91562742965512,07630,Emerson,Bergen County,NJ,811972.0,0.023664295751855496,0.08858996171585787,-0.15928769583488034,,-0.2370303899484345,0.07896662644727881,-0.03706555981087867,-0.02153663071927321,2026-07-31
344,53.532849435853656,58.724428399518644,-1.778567776733031,52.26530024998986,54.80039862171745,07003,Bloomfield,Essex County,NJ,613939.0,0.025845924109056645,-0.19098083369409302,-0.12809479794418266,0.046841267957855114,-0.11086922239035357,-0.00021776076381369025,0.05281441067215198,0.07466196869269685,2026-07-31
345,53.402182578642126,58.604091456077015,-1.778567776733031,53.64712086580005,53.157244291484204,10607,White Plains,Westchester County,NY,852476.0,0.057917589097242234,0.13726867611112326,-0.0463092152362794,,-0.2690212984782143,0.011769546863467761,-0.018130807828324436,-0.0947564003976848,2026-07-31
346,53.36708381069071,58.48375451263538,-1.778567776733031,53.82349289164726,52.910674729734154,07071,Lyndhurst,Bergen County,NJ,659683.0,0.0558598508006071,-0.11911603007480132,0.05674337092516524,0.04824131621203241,-0.11377434495313854,-0.07114867460629487,0.10288984891047015,0.017822109093302438,2026-07-31
347,53.33536674068447,58.36341756919374,-1.778567776733031,46.558527346316595,60.11220613505235,07107,Newark,Essex County,NJ,506994.0,-0.05825492709561039,-0.38237638718316624,0.05701824057324956,0.047642723708214804,0.4023209689582046,-0.36127203306411654,0.24458712191050758,0.012378685105759055,2026-07-31
348,53.31793310154319,58.24308062575211,-1.778567776733031,47.52620985595697,59.1096563471294,11411,New York,Queens County,NY,720992.0,-0.12862916019536427,-0.03024780289553952,-0.05694992810124688,,-0.0665216314642525,-0.1377564599499681,-0.06073301622121896,0.024291256626473065,2026-07-31
349,53.30725809394151,58.12274368231047,-1.778567776733031,61.13901048326843,45.475505704614605,08884,Spotswood,Middlesex County,NJ,577031.0,0.1044679196679347,-0.25298013200854186,-0.0003682043901545029,,-0.1828414874849209,-0.12163873799633751,0.036980799477055015,-0.012744375913875408,2026-07-31
350,53.22771801690894,58.00240673886883,-1.778567776733031,51.91163654761405,54.543799486203824,08876,Somerville,Somerset County,NJ,613196.0,0.022463082758234526,-0.19219147777026535,-0.10433251256960574,0.0511552835775162,-0.2821754343087328,0.07990608067959581,-0.022662572162865047,0.07121594096030241,2026-07-31
351,53.18402305241095,57.88206979542719,-1.778567776733031,47.6485462969359,58.719499807886,10606,White Plains,Westchester County,NY,773736.0,-0.032137116351593414,0.04035483395550088,-0.20734101935151728,0.045842668239899076,0.04070501389923353,-0.016725302592705937,0.10156267057783808,0.14273933411992018,2026-07-31
352,53.179100150734264,57.761732851985556,-1.778567776733031,49.45189134984336,56.90630895162517,11572,Oceanside,Nassau County,NY,802115.0,0.013074715386441588,0.07637612605653565,-0.0636241125444883,0.051987540664648106,-0.20490292536865096,-0.007228097636558517,-0.003394467408664781,-0.0035952962971525643,2026-07-31
353,53.15258694601469,57.64139590854393,-1.778567776733031,55.04822845015636,51.256945441873015,07418,Glenwood,Sussex County,NJ,463646.0,0.04120493059725874,-0.47175531824618666,0.04556978962156499,,-0.8031646114715987,-0.024740841616641362,-0.07026670312615124,0.04713478966493172,2026-07-31
354,53.09248804350431,57.52105896510229,-1.778567776733031,48.341373204923514,57.84360288208511,07927,Cedar Knolls,Morris County,NJ,759176.0,0.03768399858382701,0.021356996616963997,-0.10665073360191712,0.0551809047953012,-0.3955347533638307,0.05844520619158311,0.07395569303803207,-0.01609478808117233,2026-07-31
355,52.98454500485448,57.400722021660656,-1.778567776733031,48.689448731332185,57.27964127837677,07002,Bayonne,Hudson County,NJ,600003.0,0.0037417755560834876,-0.21394188930303315,0.026406700876043132,0.047709092331219116,0.07784432000837493,-0.09431038687333604,0.04022982653954443,0.08844825796463977,2026-07-31
356,52.957937103080894,57.28038507821901,-1.778567776733031,56.69834773582203,49.21752647033975,07067,Colonia,Middlesex County,NJ,649678.0,0.0904442796505304,-0.13439888854261106,0.08848694077000907,,-0.22299031970306094,-0.0037503333620251267,-0.14992855257574256,-0.04244947977784337,2026-07-31
357,52.90481788356128,57.16004813477738,-1.778567776733031,49.1158988140165,56.69373695310607,11762,Massapequa Park,Nassau County,NY,823092.0,0.022396106875302385,0.10219138632513314,0.125631538128939,,-0.3101359720406969,0.029576235158128683,0.016374010645229475,-0.0441891743692044,2026-07-31
358,52.869133162490485,57.03971119133574,-1.778567776733031,57.07937769867763,48.658888626303344,11944,Greenport,Suffolk County,NY,983663.0,-0.0026334667573784942,0.2804068413192695,-0.5445596984498149,,0.5555126981697842,-0.06068599586808532,0.13846178351607463,0.007457324353793468,2026-07-31
359,52.77661867036595,56.919374247894105,-1.778567776733031,44.61186387555961,60.94137346517229,11212,New York,Kings County,NY,679042.0,-0.12362635079986503,-0.09019337682989104,-0.28857571422904016,0.04889438174351461,0.9088701544406586,-0.3342252593258276,0.21307024785773798,-0.04228187982430827,2026-07-31
360,52.77581682905577,56.79903730445247,-1.778567776733031,49.08886516593968,56.46276849217187,08530,Lambertville,Hunterdon County,NJ,655065.0,-0.0434542839195565,-0.12614213307394806,-0.2148588490393024,,-0.19626112516287475,0.10381235542026035,0.0027297047159375865,0.08852080072963835,2026-07-31
361,52.71397619047701,56.678700361010826,-1.778567776733031,50.57444848330097,54.853503897653056,11721,Centerport,Suffolk County,NY,922785.0,0.009569524828778958,0.21652044417777105,-0.09399288598307187,,-0.3463346370335778,0.2231511471897356,0.09726770310477661,-0.04187687374675848,2026-07-31
362,52.60359028715016,56.55836341756919,-1.778567776733031,50.058743574279276,55.14843700002105,11590,Westbury,Nassau County,NY,817429.0,0.03793793749604504,0.09528846376232103,-0.2336521117192909,0.051809448430542485,-0.2136311211263504,-0.09175872922146777,0.12654465255383407,0.007539796616733249,2026-07-31
363,52.590600869095226,56.438026474127554,-1.778567776733031,53.54208585968505,51.63911587850541,07724,Eatontown,Monmouth County,NJ,709962.0,0.10456888365928166,-0.0456648399426971,-0.34452460414062713,0.03907171250014278,0.04323477863966718,-0.049200573447522045,-0.015051693758417528,0.05153620977159461,2026-07-31
364,52.57206109015347,56.317689530685925,-1.778567776733031,52.2260697628125,52.91805241749443,07052,West Orange,Essex County,NJ,701211.0,0.12442297564605057,-0.058067098935085326,-0.1625371101883033,0.049237980309523685,-0.20029804683062058,0.035172220244131136,-0.027205245619839502,-0.016764717334689386,2026-07-31
365,52.56155665892361,56.19735258724429,-1.778567776733031,52.12534885531221,52.997764462535,07424,Woodland Park,Passaic County,NJ,644217.0,0.021343895329215462,-0.1428405060413276,0.002201911505549603,0.047611283281008304,-0.07602006891791757,-0.028740168808601863,-0.0440936550784059,0.08687184768371585,2026-07-31
366,52.519808456491674,56.07701564380265,-1.778567776733031,51.60779132621847,53.43182558676487,11735,Farmingdale,Nassau County,NY,748365.0,0.020172024822988993,0.007015014967024058,0.011553897452877493,0.04727637779043698,-0.2093840362288344,-0.023156342839049326,0.0072810795609559165,-0.1092694554525246,2026-07-31
367,52.497687247375076,55.95667870036101,-1.778567776733031,52.84948266676023,52.14589182798992,07950,Morris Plains,Morris County,NJ,734524.0,0.03714163948408036,-0.011653090188659121,0.006282743446863748,0.05776073791681432,-0.3258021781957059,0.17061911193988033,-0.04174529340165911,0.1130751701971227,2026-07-31
368,52.4904557683738,55.836341756919374,-1.778567776733031,54.278518641424576,50.70239289532302,07647,Northvale,Bergen County,NJ,786564.0,0.04045649701033441,0.05679795566198642,-0.2629463984001621,,-0.07820087910464335,0.012376629611094314,-0.07399169151029739,-0.0038496151780662152,2026-07-31
369,52.48854906994782,55.71600481347774,-1.778567776733031,49.70694964965826,55.27014849023738,07022,Fairview,Bergen County,NJ,669401.0,0.050228844626041186,-0.10449356628427431,-0.06644724106252298,0.040327124798948684,0.46405549261112955,-0.25798626951824366,-0.13370091863796318,-0.020772413029422857,2026-07-31
370,52.48544848751668,55.5956678700361,-1.778567776733031,52.71167801702279,52.25921895801056,07871,Sparta Township,Sussex County,NJ,621719.0,0.032806240299859374,-0.17838720115230977,0.2691836575447848,,-0.5790326685960399,0.13377948218577973,-0.03448473633514837,0.02879558529896746,2026-07-31
371,52.37990302961676,55.47533092659447,-1.778567776733031,47.74104960975104,57.01875644948249,10532,Hawthorne,Westchester County,NY,818257.0,-0.03748559145564165,0.09630036318521817,-0.03691483748988489,,-0.13231551850213852,0.1167651382392505,0.014422425317357934,0.009509783840280492,2026-07-31
372,52.36437179059158,55.35499398315282,-1.778567776733031,52.22978039947081,52.498963181712355,11717,Brentwood,Suffolk County,NY,628519.0,0.021022531523952642,-0.1675093949808364,-0.09830730742408278,,,,,,2026-07-31
373,52.2975156238675,55.23465703971119,-1.778567776733031,48.67971344676499,55.91531780097,10465,New York,Bronx County,NY,693785.0,-0.01144033384446494,-0.0687140425410071,0.11615800199476212,0.04939282156392296,0.17537647646968746,-0.17833416617565068,-0.07970099351640059,0.008295116238036734,2026-07-31
374,52.27739279362666,55.11432009626955,-1.778567776733031,50.47087609912859,54.08390948812474,11782,Sayville,Suffolk County,NY,777743.0,-0.017696002705319097,0.045519781339711685,0.06846700305958464,,-0.22821695235216777,0.07158958332917986,0.0025483983719620795,-0.03002063536412765,2026-07-31
375,52.169774517853,54.993983152827916,-1.778567776733031,58.06640795359004,46.27314108211596,07730,Hazlet Township,Monmouth County,NJ,635307.0,0.07002902704499761,-0.15676722596076687,0.0030027154196030637,0.05661196497717688,-0.26652444961751454,-0.1745045828613005,-0.02366344948184107,0.10327828218020789,2026-07-31
376,52.164622905255506,54.87364620938629,-1.778567776733031,43.57322089616988,60.75602491434113,10460,New York,Bronx County,NY,521421.0,-0.21636828867620714,-0.3543176570213955,0.09334208967009161,0.06365932344003535,0.7748735629684471,-0.3387293044309798,0.045058400211170024,0.08524972631989085,2026-07-31
377,52.14808079993301,54.75330926594465,-1.778567776733031,47.776026632719926,56.520134967146106,07032,Kearny,Hudson County,NJ,585154.0,-0.0030417512143166847,-0.23900073591013893,0.07678025847825332,0.04445243983319961,0.11086080649906083,-0.18457436496619395,-0.11764222825689252,0.03998818022857291,2026-07-31
378,52.14659624029982,54.632972322503,-1.778567776733031,47.37986258248108,56.91332989811856,11561,Long Beach,Nassau County,NY,826851.0,-0.030087138224817872,0.10674848055765196,-0.2475983019655441,0.05350620528250795,-0.12520561757831428,0.07757903612719252,0.12448359043805723,0.0232408324050815,2026-07-31
379,52.104871745743296,54.51263537906137,-1.778567776733031,51.8143190968497,52.39542439463689,07663,Saddle Brook,Bergen County,NJ,676309.0,0.010503920026672026,-0.09422680406338202,0.09531047787481128,0.05546433002509752,-0.2333480754273023,-0.12430023492130943,-0.041541259682238874,-0.017818359676242415,2026-07-31
380,52.0703476239413,54.392298435619736,-1.778567776733031,55.61359562459357,48.52709962328904,08824,Kendall Park,Middlesex County,NJ,735489.0,0.048716413078715354,-0.010340807077120928,0.08406838958915941,,-0.4525890966864925,0.17363320202594446,-0.058854867869529315,0.06611106881940491,2026-07-31
381,52.06019193395049,54.2719614921781,-1.778567776733031,47.814311341631246,56.306072526269745,10976,Sparkill,Rockland County,NY,771802.0,0.05864262656255051,0.037851641993212226,-0.2533088302008313,,0.3060061708426953,-0.004949000085669397,0.12984079949815097,-0.16055694073006038,2026-07-31
382,51.98470064813584,54.151624548736464,-1.778567776733031,45.42343088820871,58.54597040806296,07020,Edgewater,Bergen County,NJ,719770.0,-0.030083057291876963,-0.031944208152797415,0.010206728698737066,0.06609948132453533,-0.1313720538761871,0.23639696350752415,-0.2564272347699923,0.21060435839748443,2026-07-31
383,51.88677739231921,54.03128760529483,-1.778567776733031,48.74127093767577,55.03228384696265,07094,Secaucus,Hudson County,NJ,691677.0,-0.015816909249254246,-0.07175685837327173,0.08546899043758316,0.0496513397772375,-0.29086302706975364,0.140500182745102,-0.03419757416348901,0.11388387476351296,2026-07-31
384,51.87489883602164,53.910950661853185,-1.778567776733031,41.91989003304549,61.829907638997796,10037,New York,New York County,NY,585332.0,-0.24284222712532397,-0.2386969263469183,-0.11149236270710894,0.05899158866732462,0.5876220556971699,-0.07137726674149969,-0.17059083646202566,-0.016868245199381085,2026-07-31
385,51.87302488601091,53.79061371841155,-1.778567776733031,48.23991944984593,55.50613032217589,10501,Amawalk,Westchester County,NY,873154.0,0.034471926751667686,0.1612353516560816,0.0964577755010172,,-0.5131741595471528,0.20171339581439462,-0.2085503503609658,0.07385198221695459,2026-07-31
386,51.80228328456778,53.67027677496991,-1.778567776733031,50.01342990683063,53.591136662304926,07430,Mahwah Township,Bergen County,NJ,726026.0,0.040781651785982836,-0.023290578383024396,-0.21604013011107703,0.05288379216833385,-0.17972411008539102,0.11270578004996834,-0.027081374592590635,0.008166384612178043,2026-07-31
387,51.78552067480661,53.549939831528285,-1.778567776733031,47.557682237280005,56.01335911233322,11702,Babylon,Suffolk County,NY,734832.0,-0.06397358537303752,-0.011234875436379355,0.021797177060113526,0.05239295843319282,-0.21470677210909028,0.019436287457512913,-0.17658085611545538,0.00914483770015044,2026-07-31
388,51.72687710303573,53.42960288808665,-1.778567776733031,50.0803155183999,53.37343868767157,11766,Mount Sinai,Suffolk County,NY,774401.0,0.04913033313204487,0.04121394152153002,0.18833140130531412,,-0.2695018848076629,0.0127440842151888,-0.08993851996881297,-0.06229242518737595,2026-07-31
389,51.718766284816155,53.309265944645,-1.778567776733031,50.68086923093084,52.75666333870148,10965,Pearl River,Rockland County,NY,727299.0,0.04898140983698199,-0.02153826320479091,-0.16740187259612327,0.04509835913883736,-0.18807086288778163,0.012466456233428791,-0.05517667023766748,0.01377386043270716,2026-07-31
390,51.691658143561384,53.18892900120337,-1.778567776733031,48.872690321454485,54.51062596566828,07946,Millington,Morris County,NJ,917473.0,0.02367622589327603,0.2107467570495647,-0.14323947452121466,,-0.40835259893059583,0.18774047006858952,-0.016066971214163672,-0.18695728194758549,2026-07-31
391,51.516132998122984,53.068592057761734,-1.778567776733031,51.067112358675935,51.965153637570026,11096,Inwood,Nassau County,NY,839157.0,0.0636368730333551,0.12152149638434295,-0.19093728855307823,,0.305662201436127,-0.2104953949290212,0.2003981944612434,0.038026784013271794,2026-07-31
392,51.48938045673141,52.9482551143201,-1.778567776733031,43.94913746386336,59.02962344959947,11420,New York,Queens County,NY,762365.0,-0.0744969714639648,0.025549648619476173,0.1303191130105379,0.053517650603401766,0.14157632884573235,-0.26031196381516697,0.0011463794277712935,-0.004673383525778355,2026-07-31
393,51.44498237851981,52.82791817087846,-1.778567776733031,54.189306601571595,48.70065815546803,11949,Manorville,Suffolk County,NY,726825.0,0.12970891552356037,-0.02218990307133417,0.09135607248016697,0.0371973788892558,-0.2344280755588024,-0.1436050268499599,0.1327140031389895,-0.016551374581417824,2026-07-31
394,51.413043672899576,52.707581227436826,-1.778567776733031,51.21479283253703,51.611294513262116,11714,Bethpage,Nassau County,NY,795556.0,0.030357756914713013,0.06816547971342324,-0.09772857933335644,,0.000498294254172249,-0.0920050719758645,-0.17929359811344447,-0.0588098697034007,2026-07-31
395,51.39496594554474,52.58724428399518,-1.778567776733031,54.07286288205329,48.71706900903619,07747,Matawan,Monmouth County,NJ,664536.0,0.10740962312649174,-0.1117877534337115,0.0013664479080635061,0.04706501993136145,-0.2138964040375424,0.001017557318587714,-0.10279502451861511,0.052908668295883296,2026-07-31
396,51.27402613975472,52.46690734055355,-1.778567776733031,48.623405790690384,53.92464648881905,07009,Cedar Grove,Essex County,NJ,778140.0,-0.015590459068966916,0.04602979849441624,-0.13024262425780897,,-0.25412370435537857,0.11602477714651971,-0.028184691441280663,0.0834084365721444,2026-07-31
397,51.21831621930227,52.34657039711191,-1.778567776733031,46.97619591465509,55.460436523949454,10310,New York,Richmond County,NY,705652.0,-0.05889709008841812,-0.05175331794669802,0.09791697280043365,0.04986590575630007,0.003708738663194877,-0.170349423550609,0.10288889873276474,0.01042776050771925,2026-07-31
398,51.144880754618704,52.226233453670275,-1.778567776733031,52.01703386805373,50.27272764118368,18451,Paupack,Pike County,PA,421438.0,-0.026705842439042365,-0.5672037557980261,0.2423885702780364,,-0.8909063145238154,0.01368454028700139,0.7281499007747634,-0.3253857874246468,2026-07-31
399,51.11105985272363,52.105896510228646,-1.778567776733031,51.12975115322755,51.09236855221971,11514,Carle Place,Nassau County,NY,864616.0,0.02583988969432341,0.15140983886167803,-0.19874295544642173,,-0.15097694741339507,0.007146933178147075,0.38155184317650637,-0.00533746912652662,2026-07-31
400,51.0954016308236,51.985559566786996,-1.778567776733031,47.32286233597657,54.86794092567063,11428,New York,Queens County,NY,788495.0,-0.038381904433808595,0.05924949416583303,0.007433251963254506,0.03404461678197578,0.2663993835491627,-0.16588503947161426,-0.07849491902739558,-0.009334851693217863,2026-07-31
401,51.06326945246039,51.86522262334536,-1.778567776733031,42.892728330045706,59.233810574875065,11354,New York,Queens County,NY,683624.0,-0.2474144666853629,-0.08346790348366184,-0.13613530698722265,0.046942718544355666,0.44798271523007815,-0.12729333933512216,0.2502811471417967,0.023959208955840958,2026-07-31
402,51.05967654431718,51.74488567990373,-1.778567776733031,50.26945376794869,51.849899320685665,11941,Eastport,Suffolk County,NY,825759.0,0.016557902909858063,0.10542678716707776,-0.215280394613103,,0.008420250132698426,-0.06868636658269467,-0.22612291133218143,0.32196599501768947,2026-07-31
403,50.995648479166114,51.624548736462096,-1.778567776733031,51.31342038816323,50.677876570169,10470,New York,Bronx County,NY,669136.0,-0.0911893603849677,-0.10488839302510478,0.28495194038920246,,0.11604782052073292,-0.08699720105150249,0.1539093977783974,0.05092900905907198,2026-07-31
404,50.93547087075429,51.50421179302046,-1.778567776733031,39.736050306362145,62.134891435146436,07030,Hoboken,Hudson County,NJ,898287.0,-0.19884866752271932,0.18961333375917278,-0.30907458194893245,0.05290273744575454,-0.2852981569785904,0.33555705780517175,-0.029659262478451964,0.0681846898509451,2026-07-31
405,50.93349264229012,51.383874849578824,-1.778567776733031,45.749529681422466,56.117455603157765,07981,Whippany,Morris County,NJ,764723.0,0.00976836243608084,0.028636914268235003,-0.07424194575867205,,-0.2600279275369879,0.06329138927133415,0.00047792083928932527,0.009403551854676714,2026-07-31
406,50.908392041777,51.26353790613718,-1.778567776733031,54.75086073548607,47.065923348067926,08904,Highland Park,Middlesex County,NJ,601053.0,0.04933889362827984,-0.21219292375004706,0.039786188610518636,0.04777471943970998,-0.14197786897977527,0.2077596598792849,0.020455753624194273,0.05978605797476026,2026-07-31
407,50.900292340143665,51.143200962695545,-1.778567776733031,51.75535412109641,50.04523055919093,08816,East Brunswick,Middlesex County,NJ,639776.0,0.11147864344422978,-0.14975874069700268,0.13783810673468722,0.04917271170686255,-0.39543603510774017,0.09289923980130887,-0.009436324949367858,-0.03618999354227777,2026-07-31
408,50.892784088484746,51.02286401925391,-1.778567776733031,51.74612426403045,50.03944391293905,07642,Hillsdale,Bergen County,NJ,877598.0,0.0844881847790461,0.166312817980522,-0.17919833256963535,,-0.3418690918503142,0.142580225758689,0.013906486683241681,-0.00860572096279251,2026-07-31
409,50.8458154839529,50.90252707581227,-1.778567776733031,53.16279934316287,48.52883162474293,07701,Red Bank,Monmouth County,NJ,732744.0,0.09965025250364548,-0.01407979525246894,-0.29056064433459916,0.053703651285164196,-0.012597773449683602,0.02551173339074564,-0.0287007108880033,0.012271837728759658,2026-07-31
410,50.83082601770826,50.782190132370644,-1.778567776733031,45.35644400213759,56.30520803327893,11416,New York,Queens County,NY,763717.0,-0.1222615304950608,0.02732070592168334,0.10327719792995893,0.040852845387734496,0.3518101173407231,-0.2504348664397511,-0.12993389301925085,0.008453828387058146,2026-07-31
411,50.807233460469405,50.661853188928994,-1.778567776733031,51.71184891498849,49.90261800595033,11754,Kings Park,Suffolk County,NY,764968.0,0.050979023154442166,0.028958037429321237,-0.09523924113835847,,-0.06515948192455778,0.015081181776573582,-0.03793745615793398,-0.06693031244736299,2026-07-31
412,50.7768319709663,50.54151624548736,-1.778567776733031,49.72054198810392,51.83312195382869,07045,Montville,Morris County,NJ,833261.0,0.01896603768112684,0.11447096983762606,0.08662676931365532,,-0.38504952359047917,0.2102603515097886,-0.14086954261080642,-0.04638326904170116,2026-07-31
413,50.733397769217106,50.42117930204573,-1.778567776733031,48.606431074587206,52.860364463847006,11746,South Huntington,Suffolk County,NY,798482.0,0.07764828179127684,0.07183616021479189,-0.107097456729079,0.04992807536751549,-0.31035843270504526,-0.009530632113314452,0.1138590821585801,-0.05935582733595064,2026-07-31
414,50.73056397527308,50.30084235860409,-1.778567776733031,50.54618686311869,50.914941087427465,07110,Nutley,Essex County,NJ,662012.0,0.044043054630235196,-0.11559317949477865,-0.08710227943729798,0.0417930266220102,-0.1788736980359691,0.03458689952250593,-0.046876823781889954,0.04057419201918071,2026-07-31
415,50.64983789198961,50.18050541516246,-1.778567776733031,47.932880341540795,53.36679544243843,11426,New York,Queens County,NY,800767.0,-0.07159491992061504,0.07469365472867118,-0.023326518245109895,,0.15606011667681297,-0.040418254490398875,-0.18628433920340193,-0.002445236204106485,2026-07-31
416,50.64309580638771,50.06016847172082,-1.778567776733031,40.94286373561129,60.343327877164135,10459,New York,Bronx County,NY,524818.0,-0.016341469592745378,-0.3478239253185862,0.11853442692463112,0.06962154474908958,0.7356888970966675,-0.3473800993727565,0.02951653692604239,0.002350554740024699,2026-07-31
417,50.6135839126992,49.939831528279186,-1.778567776733031,42.41727883366415,58.80988899173424,10457,New York,Bronx County,NY,509431.0,-0.2666291952204404,-0.3775812170634385,0.17229780058021227,,0.589874932853484,-0.36129321974550044,0.12921410384883814,0.06135153862894631,2026-07-31
418,50.583598863590794,49.81949458483754,-1.778567776733031,49.92538790978399,51.2418098173976,07031,North Arlington,Bergen County,NJ,636180.0,0.02239635229529427,-0.15539400321495656,0.03141145770242204,0.045411646464951265,0.020432063962240177,-0.10779871093407967,-0.12282642600409055,0.0053875732009205785,2026-07-31
419,50.56300641074468,49.69915764139591,-1.778567776733031,49.48327242751397,51.64274039397539,11542,Glen Cove,Nassau County,NY,836459.0,0.02033052708302599,0.11830176937103865,-0.45865791183889115,0.05337846065461473,0.30436036982649983,-0.06516370020275464,-0.08557344370646369,0.06263549896203484,2026-07-31
420,50.55898094426869,49.57882069795427,-1.778567776733031,51.23990242645691,49.87805946208047,07444,Pompton Plains,Morris County,NJ,718665.0,0.04748364197932489,-0.03348018195825553,0.11214369183888628,,-0.08256042400499486,0.05242691398725374,-0.048679829438956546,-0.02015675854218886,2026-07-31
421,50.53811534810481,49.458483754512635,-1.778567776733031,43.29911867121268,57.777112024996946,10464,New York,Bronx County,NY,678572.0,-0.1416746644107519,-0.0908859548737535,0.039653191349563244,,-0.005570935114177944,-0.02343790417768632,-0.16339781094269945,0.013738549596685787,2026-07-31
422,50.5344645525243,49.338146811071,-1.778567776733031,50.01457513411126,51.05435397093734,08844,Hillsborough Township,Somerset County,NJ,687970.0,0.045719406058136874,-0.07713160757728232,0.05705074341253891,0.05086707645311059,-0.38994006450607555,0.1327051485275561,-0.06355473695706415,0.08573384173652547,2026-07-31
423,50.52949825997234,49.21780986762936,-1.778567776733031,43.22555144583181,57.83344507411287,10305,New York,Richmond County,NY,734164.0,-0.04401196806543836,-0.012143746668046518,-0.07702064337324366,0.044866269173065985,0.2853089452292046,-0.1827726205085678,-0.18617846392515602,0.030189398560290834,2026-07-31
424,50.51806628067672,49.09747292418773,-1.778567776733031,42.30372814109356,58.73240442025989,11214,New York,Kings County,NY,774299.0,-0.21861090321364215,0.04108164870540598,-0.17548974693816533,0.039676266822556115,0.5742759470239729,-0.16313846499596496,-0.084612291257816,-0.05051663453338913,2026-07-31
425,50.50521652649003,48.97713598074609,-1.778567776733031,47.86039870791184,53.15003434506823,11793,Wantagh,Nassau County,NY,825548.0,0.0028052085531683757,0.10517095319950442,-0.00137424563929045,,-0.291973097554002,0.014780226604114155,-0.05115809561248241,-0.00249124662239604,2026-07-31
426,50.49101291802546,48.856799037304455,-1.778567776733031,55.512086174935796,45.46993966111512,11975,Wainscott,Suffolk County,NY,3194485.0,-0.13764056861679527,1.4583050472011916,0.15168166449107012,,1.3040440291120603,0.15725847459124298,-0.31829615432742386,-0.031065957642542677,2026-07-31
427,50.44551123850931,48.73646209386281,-1.778567776733031,52.13843238696536,48.75259009005327,07646,New Milford,Bergen County,NJ,747054.0,0.07439949049282682,0.005261852870846795,-0.1458579330584655,,-0.01744772756440871,-0.016419070295817295,-0.03416744522672133,0.010403203584943108,2026-07-31
428,50.391975377441206,48.61612515042118,-1.778567776733031,44.02038640933748,56.76356434554493,10002,New York,New York County,NY,1000055.0,-0.41780109458954195,0.29693390118264595,-0.5749633337028026,0.058848926147548476,1.1389802499154704,-0.09564507603684907,0.037592994608072416,0.0937417671877852,2026-07-31
429,50.38944711482258,48.49578820697955,-1.778567776733031,43.67988550909925,57.09900872054591,11419,New York,Queens County,NY,775236.0,-0.139607351154838,0.04229102504219284,0.1112849072424762,,0.2266672509172476,-0.3009459591805914,-0.022865502252722436,0.050828602412068144,2026-07-31
430,50.22533169095749,48.375451263537904,-1.778567776733031,49.66372507180351,50.78693831011146,11705,Bayport,Suffolk County,NY,785856.0,0.03341684417085347,0.0558969143687591,0.08191559371237034,,-0.3245402462600435,0.060126007267992776,0.15028720920394711,0.0044611447685299205,2026-07-31
431,50.12480483086267,48.25511432009627,-1.778567776733031,50.69341402024743,49.55619564147792,11964,Shelter Island,Suffolk County,NY,1794059.0,0.11329527112623197,0.8813599120569222,-0.15972494197869302,,0.7001607818887752,0.11795094640978276,0.2552282680326794,0.02130603260836876,2026-07-31
432,50.07154130911859,48.13477737665463,-1.778567776733031,47.233123828451276,52.9099587897859,07933,Gillette,Morris County,NJ,789885.0,0.0117182761399576,0.061011520022780985,-0.37084901519347113,,,0.19306154641481,,0.04897675003099371,2026-07-31
433,50.06739150849113,48.014440433213,-1.778567776733031,50.34658667842316,49.788196338559096,11731,East Northport,Suffolk County,NY,779556.0,0.10417616988634074,0.04784881179697642,-0.06031660645406767,0.036174420414238864,-0.31311822863491234,0.040991622670557226,0.0584008740681945,-0.0033598201797510746,2026-07-31
434,49.955234093236506,47.89410348977136,-3.2913106307854822,50.245060558477164,49.66540762799585,07512,Totowa,Passaic County,NJ,668716.0,0.027450760838622662,-0.10551603828793255,0.11395246970671913,,-0.11661692288207104,-0.08316426223531509,-0.1588371529718966,0.05411976845206139,2026-07-31
435,49.92624165140998,47.773766546329725,-3.2913106307854822,49.4480417499705,50.40444155284946,08836,Bridgewater Township,Somerset County,NJ,894957.0,0.015258638123665597,0.185899879077283,0.3581990380385758,,-0.5297305509165693,0.24725121679692863,0.07235859863474658,-0.029577862129840773,2026-07-31
436,49.92426513586396,47.65342960288809,-3.2913106307854822,48.5155716592006,51.332958612527314,10530,Hartsdale,Westchester County,NY,752522.0,0.10007670408542638,0.012554619223573482,-0.19029444602552026,,-0.06792827240925381,0.16265101520816339,-0.12368007997033104,0.07816200741762484,2026-07-31
437,49.92038100188293,47.53309265944645,-3.2913106307854822,53.53362802924278,46.30713397452308,11971,Southold,Suffolk County,NY,1130454.0,-0.016765814419522934,0.41949825674398866,-0.326645182401597,,0.2770201874256297,0.06183129120655251,0.2985313049565299,-0.1285393951427129,2026-07-31
438,49.90061412656834,47.41275571600481,-3.2913106307854822,48.562013330636425,51.23921492250027,08867,Pittstown,Hunterdon County,NJ,756814.0,-0.0036360341011004438,0.018241950039596944,0.257712649329358,,-0.5814749466573741,0.15002694520477633,0.25864581307731527,-0.08310683576758633,2026-07-31
439,49.73271672040282,47.292418772563174,-3.2913106307854822,48.97001843402272,50.49541500678293,10710,Yonkers,Westchester County,NY,773851.0,0.005051160174529917,0.04050294770309648,-0.17339720069089992,0.04093812186043995,0.071834960264616,-0.030572806885702075,-0.021185734386168775,-0.003658965976325937,2026-07-31
440,49.717004787018006,47.172081829121545,-3.2913106307854822,47.07954213445566,52.354467439580354,11709,Bayville,Nassau County,NY,869440.0,0.026320325119187166,0.15697261795936335,-0.4233906093200339,,-0.1269978818606312,0.06710332934687646,0.08314291107492267,0.004747123297137265,2026-07-31
441,49.695822935012345,47.0517448856799,-3.2913106307854822,46.359974936461406,53.03167093356329,11710,North Bellmore,Nassau County,NY,832608.0,0.009699647721234689,0.11368657113830416,0.08281601199903221,,-0.31866024896822087,0.04995032170424352,0.00769854063250186,-0.03893368571947571,2026-07-31
442,49.678902532982704,46.931407942238266,-3.2913106307854822,49.86574845343716,49.49205661252825,07074,Moonachie,Bergen County,NJ,665210.0,0.005158782236213716,-0.1107740268979942,-0.021583385192334603,,0.10778844311757108,-0.19664998203055378,0.06717383484653716,0.06406630204744372,2026-07-31
443,49.638675336226214,46.81107099879663,-3.2913106307854822,50.56732605826969,48.710024614182736,10507,Bedford Hills,Westchester County,NY,838462.0,0.07422969869501586,0.12069266561973357,-0.21376169734091377,,0.16660050942481486,-0.02160187212672221,0.1977840892430116,-0.251189879083032,2026-07-31
444,49.55394422649577,46.690734055354994,-3.2913106307854822,54.693173684256315,44.41471476873522,07440,Pequannock,Morris County,NJ,695211.0,0.08304138069448577,-0.06666055971298768,0.010225645420302243,,-0.33711437653113596,0.0405959734593041,-0.14301547320087238,-0.043042148689258666,2026-07-31
445,49.526802746663535,46.57039711191336,-3.2913106307854822,47.76832918246843,51.28527631085864,07712,Ocean,Monmouth County,NJ,766167.0,0.06093883877306752,0.030523429746777353,-0.4855735294246646,0.04760061396577344,0.17990839357461996,-0.0005459085738352965,0.0946219704399045,-0.005694729427998715,2026-07-31
446,49.52460325474463,46.450060168471715,-3.2913106307854822,46.12839909326517,52.92080741622409,11010,Franklin Square,Nassau County,NY,829265.0,0.0064298172687959065,0.10966359354514132,-0.03375639508788275,0.05354138789909945,-0.1271646117926697,-0.08824551801811648,0.016153177926772955,0.020688314948902595,2026-07-31
447,49.49731485933261,46.32972322503009,-3.2913106307854822,36.14875633344879,62.845873385216436,10016,New York,New York County,NY,946198.0,-0.3003081711370751,0.2415754683842053,-0.27426918651260124,0.06631797831388482,0.0184721779998529,0.3074181809801224,-0.1280797127821014,0.02470734333092066,2026-07-31
448,49.48386473081851,46.20938628158845,-3.2913106307854822,49.54970036885287,49.41802909278416,07027,Garwood,Union County,NJ,707231.0,0.060338473601659365,-0.049519065437378273,-0.08880048640249605,,-0.03481500129965309,-0.03844626569530074,-0.01205556273125552,0.1637818589705929,2026-07-31
449,49.419682667780094,46.08904933814681,-3.2913106307854822,42.10000702873831,56.73935830682188,10301,New York,Richmond County,NY,720880.0,-0.09437637776407434,-0.030404036459922068,0.005465550371784644,0.04504829820361132,0.24106241014672736,-0.1168728616839797,0.0906314613169581,-0.024428631640675838,2026-07-31
450,49.39824952366635,45.96871239470517,-3.2913106307854822,49.75178903141174,49.04471001592097,08822,Flemington,Hunterdon County,NJ,652525.0,0.03826240086428215,-0.1300273631717559,0.009420953781400954,0.04794148797010073,-0.3344867708163808,0.11337538229886335,-0.05889632581704518,0.03678023808957702,2026-07-31
451,49.343124464102374,45.84837545126354,-3.2913106307854822,44.71050861493852,53.97574031326623,10308,New York,Richmond County,NY,739738.0,-0.04685604363841697,-0.004580545492883559,0.09371439306023532,0.0421771128684786,-0.11841440265978886,-0.09646579991910248,-0.031086581507750566,-0.03789131764995597,2026-07-31
452,49.33275041952412,45.7280385078219,-3.2913106307854822,43.7609874347039,54.90451340434434,10314,New York,Richmond County,NY,716231.0,-0.028515297915781085,-0.036873882933589286,0.07645620623988236,0.04486385042653647,0.03411515458970693,-0.11420984155453173,-0.09731200199484924,-0.006673406733767442,2026-07-31
453,49.313325496817654,45.607701564380264,-3.2913106307854822,47.699265352763156,50.927385640872146,11427,New York,Queens County,NY,792989.0,-0.039052841409263545,0.06493283440781994,0.016713747073756835,,0.2977780734443438,-0.11954195046933236,-0.1170840214403075,0.02035060330910836,2026-07-31
454,49.282454870644415,45.48736462093863,-3.2913106307854822,47.77969721432852,50.78521252696031,10594,Thornwood,Westchester County,NY,932689.0,0.035016827819909585,0.22719578293363973,-0.07976002643377633,,-0.14861719073498603,-0.01854327447813231,-0.24114610956823235,0.060338077762943684,2026-07-31
455,49.12955745026034,45.36702767749699,-3.2913106307854822,50.40539706262933,47.85371783789135,07405,Kinnelon,Morris County,NJ,699282.0,0.04752199295086648,-0.06082252431941093,0.11158692031823314,,-0.24609150728206974,0.061299581008321224,-0.08584235590333478,0.007739616779252764,2026-07-31
456,49.07007645924615,45.246690734055356,-3.2913106307854822,58.764986049082246,39.37516686941006,11954,Montauk,Suffolk County,NY,1944962.0,0.0562429830125403,0.9621213134645359,-0.2673612165207384,,0.7208063120886219,0.04076711830524049,0.16299356527972364,-0.04814930098230415,2026-07-31
457,49.06897379159661,45.12635379061371,-3.2913106307854822,54.18090542389841,43.957042159294815,08732,Island Heights,Ocean County,NJ,661314.0,0.11460265824789176,-0.1166480936813592,0.14836428610839114,,-0.09587159505935472,0.04786198346267956,-0.106024888514888,0.029478846158923752,2026-07-31
458,49.05553279103614,45.006016847172084,-3.2913106307854822,57.28884376573823,40.822221816334064,11935,Cutchogue,Suffolk County,NY,1254063.0,0.015973140580460315,0.5232678520618776,-0.2751212944959427,,0.2764490367988379,0.04090668007035203,0.10519420146128589,-0.1886949018461263,2026-07-31
459,49.00176775464445,44.88567990373045,-3.2913106307854822,52.81897016168984,45.184565347599055,08850,Milltown,Middlesex County,NJ,625186.0,0.11845071006951749,-0.17282665982569156,0.1359967196288867,,-0.4045830387928462,-0.04111299961843423,0.029241382101805158,0.06515899581910771,2026-07-31
460,48.92350121336478,44.765342960288805,-3.2913106307854822,48.603511200755,49.24349122597456,11946,Hampton Bays,Suffolk County,NY,962500.0,0.12041735301770409,0.2586574252955156,-0.42772925084282676,0.12169674696675149,0.08268661736941563,-0.018247975637174618,0.24358090514913044,-0.026871653471759863,2026-07-31
461,48.856041475209096,44.64500601684717,-3.2913106307854822,49.011976456581515,48.70010649383668,08802,Asbury,Hunterdon County,NJ,620265.0,0.018043243186959407,-0.18072970852398562,0.19804193690090344,,-0.369838346500422,-0.04936158263693807,-0.20574915870469113,0.04973167053058285,2026-07-31
462,48.79706832404873,44.52466907340554,-3.2913106307854822,49.76054636024564,47.83359028785182,10962,Orangeburg,Rockland County,NY,768492.0,0.02466995940888808,0.033553526809074086,-0.06219969140901149,,-0.24577456701926015,0.10613806100139167,0.043117733216876175,-0.09205059189965921,2026-07-31
463,48.7532122345711,44.4043321299639,-3.2913106307854822,48.661339147621305,48.8450853215209,07075,Wood Ridge,Bergen County,NJ,712668.0,0.0273336262191414,-0.041860036174686144,0.0655860843655578,0.04706031946412461,-0.23405185999878886,0.045720910022846506,-0.023883628378298383,0.1357823680550932,2026-07-31
464,48.73318936888378,44.28399518652226,-3.2913106307854822,49.13298732329928,48.333391414468274,07606,South Hackensack,Bergen County,NJ,722177.0,0.037699143747890324,-0.02860550216604274,0.11748452008472476,,0.25558035229579157,-0.2111394762761456,-0.07770176519677108,0.10607337635817897,2026-07-31
465,48.727850638985174,44.163658243080626,-3.2913106307854822,41.42703839160704,56.028662886363314,10033,New York,New York County,NY,613347.0,-0.3208925822052834,-0.19194456748108024,0.235256431811532,0.06175162751896284,0.21129099223537007,-0.08089016189070553,-0.057774736960409356,-0.005566568082231618,2026-07-31
466,48.63205127606372,44.04332129963899,-3.2913106307854822,49.641495780540225,47.62260677158721,11786,Shoreham,Suffolk County,NY,770681.0,0.040177726374610506,0.03639842247716807,0.2057695039584786,,-0.3389497307505611,-0.012221004854197137,-0.02576456226086421,-0.004370844367453677,2026-07-31
467,48.62529831900615,43.922984356197354,-3.2913106307854822,41.9700559786851,55.2805406593272,10304,New York,Richmond County,NY,711139.0,-0.06122038506735236,-0.044007679233864394,-0.03121301451763081,0.043711259242432236,0.406698952350365,-0.171261421318944,0.04670156145057014,0.020809239583656144,2026-07-31
468,48.56194091527783,43.80264741275572,-3.2913106307854822,49.05688175474207,48.067000075813596,08857,Old Bridge,Middlesex County,NJ,645250.0,0.08188310331755524,-0.14123858246828647,0.10410262114374014,0.05323415903462967,-0.11418789677991659,-0.10308593076901307,-0.10059879339253364,0.011224304407058391,2026-07-31
469,48.542695795850776,43.682310469314075,-3.2913106307854822,43.94102201689283,53.144369574808714,10964,Palisades,Rockland County,NY,969144.0,0.06980473592759964,0.2655369901871474,-0.0656968708608634,,-0.24643017025777003,0.1146536876151778,-0.16408441203065394,-0.05011415261323711,2026-07-31
470,48.52872826877575,43.561973525872446,-3.2913106307854822,41.11513938012881,55.94231715742269,07108,Newark,Essex County,NJ,503885.0,-0.0748105745606967,-0.38852906646089735,0.06760989692660324,0.04945842155501057,0.7436686791217972,-0.3068090603683856,0.06203603953866832,0.1171194433690828,2026-07-31
471,48.47489921861401,43.4416365824308,-3.2913106307854822,45.88363738256132,51.066161054666715,08807,Bridgewater Township,Somerset County,NJ,745235.0,0.012117713047186035,0.0028239577897384294,0.10567281596292943,0.048697811386446604,-0.40401745633755515,0.11769057595921029,0.014451109880237567,0.03909839933849417,2026-07-31
472,48.44107053675485,43.32129963898917,-3.2913106307854822,49.657724776085196,47.2244162974245,11764,Miller Place,Suffolk County,NY,744768.0,0.04626151383481805,0.0021966360868734824,0.18259786642883746,,-0.2657061676165935,-0.03769805062613096,-0.11975501346486617,-0.009390232163502168,2026-07-31
473,48.43094696354542,43.20096269554753,-3.2913106307854822,48.23563310994514,48.6262608171457,07044,Verona,Essex County,NJ,780536.0,0.10495295486109271,0.04910480818156948,-0.149808391745875,0.049401088425647964,-0.31626505691819173,0.20982739133449047,0.027126778923152628,0.035292804180519874,2026-07-31
474,48.42760993204878,43.080625752105895,-3.2913106307854822,50.824471536164005,46.030748327933566,11755,Lake Grove,Suffolk County,NY,742918.0,0.08226474044308354,-0.0002900079648942011,0.03951333609622054,0.03747383394467188,-0.06121079150875208,-0.03841678444959912,-0.20936889072046228,-0.08519654263963945,2026-07-31
475,48.42422567896741,42.96028880866426,-3.2913106307854822,41.20343162812789,55.64501972980693,11747,Melville,Suffolk County,NY,901605.0,-0.051419799495169366,0.19330016370185987,0.11141022619478314,0.05323839953383079,-0.1577376463667044,0.13027122253707657,2.0660753657253395e-05,-0.05456969311356526,2026-07-31
476,48.39149485869381,42.83995186522262,-3.2913106307854822,50.42042760050695,46.362562116880675,07436,Oakland,Bergen County,NJ,780373.0,0.02366107674120635,0.04889607599393386,0.09296092643319298,,-0.3172643664537287,0.07746970074307324,0.01742064006008981,0.0002205394131052224,2026-07-31
477,48.38441501771388,42.71961492178099,-3.2913106307854822,43.93082662027784,52.838003415149906,10590,South Salem,Westchester County,NY,944392.0,0.06528534012421475,0.23966565737379675,-0.2598965532861559,0.06067392601681627,-0.39440824808625163,0.223312237295189,0.08998155578085942,-0.11096709644966714,2026-07-31
478,48.376349538913644,42.59927797833935,-3.2913106307854822,50.29575419921413,46.45694487861316,07012,Clifton,Passaic County,NJ,666388.0,0.083963844495511,-0.1090039605313411,-0.033918771500800915,0.053324281530811486,-0.010138148149329895,-0.024732335106424697,-0.007691203973203997,0.12518205697612955,2026-07-31
479,48.342686175880715,42.478941034897716,-3.2913106307854822,46.763551335851474,49.92182101590996,08551,Ringoes,Hunterdon County,NJ,729962.0,-0.017874677803060374,-0.017883787915526028,0.0691639917449276,,-0.38802466619524734,0.13169696264724984,-0.07863412875880371,0.1025993306774338,2026-07-31
480,48.313762592146524,42.35860409145607,-3.2913106307854822,47.81475496009227,48.812770224200776,07980,Stirling,Morris County,NJ,770320.0,0.03152978402135567,0.03592995871656868,-0.3647401424907972,,-0.33628726594080516,0.15290107063568847,0.052904186584921575,-0.2642386244259513,2026-07-31
481,48.29844296933351,42.238267148014444,-3.2913106307854822,48.04805405979522,48.54883187887179,07410,Fair Lawn,Bergen County,NJ,739458.0,0.06365716162584825,-0.004958751072859258,0.07899262612672153,0.05493663607701511,-0.25749337385362314,0.14251418587113462,-0.07087092959755559,0.029873713796812404,2026-07-31
482,48.27903229421325,42.11793020457281,-3.2913106307854822,50.35095507640832,46.20710951201819,11767,Nesconset,Suffolk County,NY,789984.0,0.0665858741297182,0.06113612358492837,0.08727283875123248,,-0.24794688937124332,0.023980665195450723,0.04041296653158,-0.11288865586221215,2026-07-31
483,48.16306231450264,41.997593261131165,-3.2913106307854822,42.563279873449275,53.762844755555996,07073,East Rutherford,Bergen County,NJ,656825.0,-0.025261312769316285,-0.12345872146373615,-0.03487837368442115,0.055533681195690396,0.01290209540268239,-0.02351749524554031,-0.039454544825064275,0.01840921882213413,2026-07-31
484,48.11967841118425,41.87725631768953,-3.2913106307854822,45.85653854107186,50.382818281296636,07656,Park Ridge,Bergen County,NJ,872587.0,0.034989583852869904,0.1605863716304068,-0.12354765480531427,0.0431739096878942,-0.2599898967222398,0.08379210065185028,-0.015758579984101573,-0.047614455478157416,2026-07-31
485,47.98043644298449,41.75691937424789,-3.2913106307854822,50.58269598500531,45.37817690096367,07727,Farmingdale,Monmouth County,NJ,833604.0,0.09449049619756736,0.11488223493297234,-0.15590268732057488,,-0.03086444096957064,0.022674727538058215,0.2515806363282813,0.03831643347997753,2026-07-31
486,47.96161026445854,41.63658243080626,-3.2913106307854822,46.34182583933338,49.58139468958371,08720,Allenwood,Monmouth County,NJ,1033186.0,0.12584500815909508,0.3295258562962271,0.048764169660801215,,-0.3638543891813708,-0.005930461372474216,0.49439922663449565,-0.0633268198607639,2026-07-31
487,47.94462075275561,41.51624548736462,-3.2913106307854822,45.82278825573341,50.06645324977781,07068,Roseland,Essex County,NJ,830914.0,0.07232577077348204,0.11165032679210718,-0.09339868396288509,,-0.2697480272504802,0.22761450347762713,0.011610090260331773,-0.033053634703243254,2026-07-31
488,47.868143147271255,41.395908543922985,-3.2913106307854822,51.62438896072792,44.111897333814596,11740,Greenlawn,Suffolk County,NY,845101.0,0.06818694716096588,0.12857940944070378,-0.15038393617557944,,-0.17658050166064965,0.051441239911128034,-0.029291997635246148,-0.03551782921336662,2026-07-31
489,47.86433116370916,41.27557160048135,-3.2913106307854822,35.41748684981975,60.31117547759857,07302,Jersey City,Hudson County,NJ,902619.0,-0.17422294906414101,0.1944242554678297,-0.2991810609746519,0.05160821281324623,-0.2495447572696492,0.3309687155809028,0.01640455300222321,0.18906881446163865,2026-07-31
490,47.85736090659056,41.15523465703971,-3.2913106307854822,51.93506973994448,43.77965207323663,08536,Plainsboro,Middlesex County,NJ,670734.0,0.11298313466400814,-0.10250406088138142,-0.06899776862344353,0.03812938298877387,-0.3056489927652877,0.31824652454252,-0.01863624556370347,-0.07394535244873497,2026-07-31
491,47.83637720478453,41.03489771359807,-3.2913106307854822,47.1897065366729,48.483047872896165,10560,North Salem,Westchester County,NY,857682.0,0.0398474622022075,0.14335679603540896,0.020285853704708146,,-0.402759845105485,0.17609807783640852,0.15109254566580432,-0.055718867474228786,2026-07-31
492,47.797632592032784,40.91456077015644,-3.2913106307854822,38.254745208908794,57.34051997515677,10032,New York,New York County,NY,566913.0,-0.2446585235716082,-0.27067046147823604,0.07672829108370038,0.06387019668745773,0.41053964412193333,-0.07840201676560582,-0.1712882889502243,-0.008355965343696162,2026-07-31
493,47.78235535786578,40.794223826714806,-3.2913106307854822,46.90823972765579,48.656470988075775,11581,Valley Stream,Nassau County,NY,834523.0,-0.0051965940661876375,0.11598435102042082,-0.058444847932610955,0.04245538043784464,-0.12022534252134887,0.013131035801510316,-0.03760153247545084,-0.014495910599412645,2026-07-31
494,47.753880229219334,40.67388688327316,-3.2913106307854822,53.518070620615056,41.989689837823605,11962,Sagaponack,Suffolk County,NY,6802491.0,0.12262321931864797,2.214167889614261,0.983130791145447,,,0.21602364429123033,,0.018124286548229215,2026-07-31
495,47.73013798919554,40.55354993983153,-3.2913106307854822,39.81817686939281,55.642099108998266,10466,New York,Bronx County,NY,679970.0,-0.05176122117751944,-0.08882762225278462,0.1271995305115965,0.056785844686397156,0.44324430744708176,-0.22698621128027785,-0.10919729821051227,-0.0010159462745240183,2026-07-31
496,47.663022673343114,40.43321299638989,-3.2913106307854822,46.05414576347388,49.271899583212345,07836,Flanders,Morris County,NJ,675015.0,0.01667366380491267,-0.09614058694091732,0.14558496661477704,0.03770481493448465,-0.39820487642993574,0.028736857023182294,-0.01427668701984608,-0.06966277558997698,2026-07-31
497,47.62218814395047,40.312876052948255,-3.2913106307854822,48.797388809999745,46.44698747790119,07607,Maywood,Bergen County,NJ,709943.0,0.06976397945804927,-0.0456915036424963,0.0719272567092002,0.05006035667308238,-0.09437322276253401,-0.02490619644736014,-0.007909078861768393,0.050258330121314906,2026-07-31
498,47.5785374990855,40.19253910950662,-3.2913106307854822,47.95965605701473,47.197418941156265,11792,Wading River,Suffolk County,NY,756510.0,0.07913990883505875,0.01783900814525019,0.19006456395871751,,-0.2457018203635617,-0.02274541605340391,-0.22547122594864533,0.06008382594489374,2026-07-31
499,47.53643291672704,40.07220216606498,-3.2913106307854822,45.51530387988299,49.557561953571074,11788,Hauppauge,Suffolk County,NY,806774.0,0.07654811236182049,0.08216756972548822,0.13655702049052465,0.046958205977400344,-0.20538252289965198,0.014291230119473086,0.020004186587605943,-0.0570633704563865,2026-07-31
500,47.52565182850195,39.95186522262335,-3.2913106307854822,45.784548319058175,49.266755337945725,10502,Ardsley,Westchester County,NY,1088740.0,0.0005787114368466517,0.38190060252000535,0.12734213804877825,,-0.41830745091982036,0.2804834466291448,0.17111790866827903,-0.007477640387405685,2026-07-31
501,47.48016584324685,39.83152827918171,-3.2913106307854822,49.75008420640217,45.21024748009153,08852,Monmouth Junction,Middlesex County,NJ,704460.0,0.03050651246013772,-0.053444168705635064,0.05636203552238861,0.042225514441864086,-0.22410662768248568,0.18368712553831967,-0.012665655375768026,-0.061119277078636805,2026-07-31
502,47.47095199727352,39.71119133574007,-3.2913106307854822,31.27093947240855,63.67096452213848,10017,New York,New York County,NY,782098.0,-0.34197948229884256,0.051103702927862926,-0.4785715368164407,0.06944610516725482,-0.14546475216348864,0.3709861058178908,-0.18890166944794018,-0.014683768792279131,2026-07-31
503,47.43141835280209,39.59085439229844,-3.2913106307854822,44.716120073769794,50.14671663183439,07666,Teaneck,Bergen County,NJ,706116.0,0.023416993597111718,-0.051096332415459855,0.03935678627106043,0.05020561526253298,-0.3001734653237691,0.08087725859223527,0.02224840553147267,-0.005346858224086495,2026-07-31
504,47.41548722373835,39.4705174488568,-3.2913106307854822,44.78232243293404,50.04865201454267,10994,West Nyack,Rockland County,NY,814463.0,0.016662035127608027,0.0916522656927139,0.07773568445186285,,-0.32469356065099864,0.07807494395522385,-0.19627522380116247,-0.17606975142930253,2026-07-31
505,47.41527154622436,39.35018050541516,-3.2913106307854822,42.8756285046788,51.95491458776993,11434,New York,Queens County,NY,721946.0,,-0.028925354285492588,-0.014166041315514022,,0.34078985646776583,-0.2585908453150712,-0.039886094873519795,0.010463982946060477,2026-07-31
506,47.41163670607075,39.229843561973524,-3.2913106307854822,50.91815596286008,43.90511744928143,07066,Clark,Union County,NJ,733349.0,0.08163794938177774,-0.013254589969193376,0.08575554521171824,,-0.18612916549302594,-0.019271694261974226,-0.03684399126430371,-0.033375427491204326,2026-07-31
507,47.41148930231287,39.10950661853189,-3.2913106307854822,45.95394601091125,48.869032593714486,07004,Fairfield,Essex County,NJ,828234.0,0.0006371759848921299,0.10842005070744953,0.02725878029831108,,0.0762591526735743,0.018489836526819903,-0.2823057557311017,0.0832960953227098,2026-07-31
508,47.40372406249894,38.98916967509025,-3.2913106307854822,52.79233145795534,42.01511666704253,10984,Thiells,Rockland County,NY,770018.0,0.1865900237755639,0.035538261059594234,0.2165140144822466,,-0.04105940434357902,-0.15851498717120954,-0.28022376953462924,-0.06278108933576805,2026-07-31
509,47.36891624174847,38.86883273164862,-3.2913106307854822,47.63035204662112,47.107480436875825,07604,Hasbrouck Heights,Bergen County,NJ,729748.0,0.00851788425879399,-0.018176519766370802,0.13795158863757173,,-0.11505375551240715,-0.06940298639180842,0.03516792914317968,0.00684171755269096,2026-07-31
510,47.29914713485517,38.748495788206974,-3.2913106307854822,38.023591215776534,56.5747030539338,10473,New York,Bronx County,NY,558158.0,-0.06907878958746458,-0.2862332492234696,0.021944826049889343,0.06256048704634966,0.4749345171937651,-0.2369573860074855,0.0030167049654252764,0.028433913833625632,2026-07-31
511,47.27491852357084,38.628158844765345,-3.2913106307854822,36.466128629390504,58.083708417751176,10029,New York,New York County,NY,769085.0,-0.39596141857238687,0.03432586653695502,-0.33290247295773945,0.05589732988813671,1.0998723382289526,-0.14418962332981267,-0.09356695369996082,0.04072590031594485,2026-07-31
512,47.23923953832623,38.50782190132371,-3.2913106307854822,48.73816751064266,45.740311566009794,08840,Metuchen,Middlesex County,NJ,695321.0,0.09905054322612408,-0.06650247525105613,0.17530889962028873,0.047239567136695096,-0.33319211667820103,0.13125078922409106,-0.08483288144063472,0.0027675003676573134,2026-07-31
513,47.232096097952535,38.387484957882066,-3.2913106307854822,39.00906168633888,55.455130509566196,10469,New York,Bronx County,NY,705694.0,-0.030232125536037907,-0.051694506207862645,0.3616818846537271,0.055732183848895535,0.3385658946454544,-0.20275933893573234,-0.08069671755399987,0.042687369644888215,2026-07-31
514,47.09171174175745,38.26714801444043,-3.2913106307854822,41.23189512330755,52.951528360207355,07307,Jersey City,Hudson County,NJ,774466.0,-0.03646992364290255,0.04129756648079663,-0.12408277785314858,0.04094172859689674,0.3401418967767167,-0.019452796156577634,0.04364119471394723,0.09445723627641227,2026-07-31
515,47.056532628095326,38.1468110709988,-3.2913106307854822,46.127622046124145,47.985443210066514,08739,Lavallette,Ocean County,NJ,1784797.0,0.12838582369435017,0.8761835728543215,,,,,,,2026-07-31
516,47.03268255011925,38.02647412755716,-3.2913106307854822,45.103463939111215,48.96190116112729,11596,Williston Park,Nassau County,NY,1041179.0,-0.08955675358205326,0.3372328902431967,-0.23363836547073014,,-0.04035786167142885,0.06172835398122034,-0.0559625140663087,-0.017913396416380414,2026-07-31
517,46.88255578087123,37.90613718411552,-3.2913106307854822,49.87788360098669,43.88722796075577,11930,Amagansett,Suffolk County,NY,3310226.0,-0.0936482556851633,1.4938954272866933,0.1734963507462517,0.18578794172253263,1.40088068525925,0.338940845008995,-0.04813258431645018,-0.2258324106007767,2026-07-31
518,46.80312033568718,37.785800240673886,-3.2913106307854822,40.76706688671135,52.83917378466302,11417,New York,Queens County,NY,763063.0,-0.07032580387013318,0.02646418115571514,0.1281148597432491,0.036170022791606,0.28174396377632216,-0.23374233473501016,-0.10729879656509667,-0.0009478116294354272,2026-07-31
519,46.792587925328924,37.66546329723225,-3.2913106307854822,45.30453556682749,48.28064028383036,11554,East Meadow,Nassau County,NY,821945.0,0.045474323242489595,0.10079668216190285,0.0643895995681234,0.03941871979450957,-0.07556981204240576,-0.0048058120917657265,-0.0008530144664753436,-0.07938915939396347,2026-07-31
520,46.77254549071161,37.545126353790614,-3.2913106307854822,50.16276951716243,43.382321464260784,07764,West Long Branch,Monmouth County,NJ,1010883.0,0.15362441121311257,0.30770378514830377,-0.19423364485487404,,0.290387829239102,-0.04036507506436865,-0.18463077579933795,0.07082052912870145,2026-07-31
521,46.73243628082233,37.42478941034898,-3.2913106307854822,48.81470472415785,44.650167837486805,08501,Allentown,Monmouth County,NJ,737356.0,0.027212720187146294,-0.007805766282197979,0.15739255568521848,,-0.27140132258864047,0.08651504860381287,-0.014897525464393269,0.012591768978503823,2026-07-31
522,46.70260874072341,37.30445246690734,-3.2913106307854822,38.29330483117617,55.111912650270654,11239,New York,Kings County,NY,679990.0,-0.05506626347642793,-0.08879747389823756,-0.05718301938385295,,0.994478571835782,-0.2372888482062207,0.033585260269685335,0.270093551532755,2026-07-31
523,46.67844311114055,37.18411552346571,-3.2913106307854822,45.883069431135596,47.47381679114551,07719,Wall,Monmouth County,NJ,838165.0,0.07745897014784334,0.12033911009273801,-0.36425012268282053,0.04442446571126978,0.05553859326329191,0.03756632287519812,-0.05420139385019418,0.004438483439021021,2026-07-31
524,46.66724998144694,37.063778580024064,-3.2913106307854822,49.44035031440826,43.89414964848562,08514,Cream Ridge,Monmouth County,NJ,734331.0,0.09474466639987114,-0.011915925886567535,0.15530979586561955,,-0.18878240331081142,-0.0489157129844211,0.053987282743021225,-0.05051309257806365,2026-07-31
525,46.65291659708991,36.94344163658243,-3.2913106307854822,34.33515632870674,58.97067686547308,11208,New York,Kings County,NY,747512.0,-0.08659059342657435,0.005874549672309826,-0.0037050097761266443,0.05231417106304755,0.5987558641217123,-0.3101760522557996,0.14997022222439327,-0.05439024070728289,2026-07-31
526,46.64075721068289,36.8231046931408,-3.2913106307854822,45.56583526128096,47.715679160084825,07702,Shrewsbury,Monmouth County,NJ,1005838.0,0.12244936322680858,0.3027004666876838,-0.058145140089980174,,-0.16319381033560565,0.16786514229369043,0.13186806939472007,0.0378807127309531,2026-07-31
527,46.49323025884029,36.702767749699156,-3.2913106307854822,44.99928412035307,47.98717639732752,07057,Wallington,Bergen County,NJ,695631.0,0.033995097067450436,-0.06605677159967449,0.07514513576364834,0.04068248520041021,0.20245873655564028,-0.10508514824110793,-0.010302457925957853,-0.053467528765542574,2026-07-31
528,46.44839758474967,36.58243080625752,-3.2913106307854822,41.73446124796722,51.162333921532124,11418,New York,Queens County,NY,761379.0,-0.10601536188831914,0.024255699183424184,0.22755826544731228,0.04452444658210027,0.24397106042281957,-0.1619288627541548,0.03740887822656802,-0.011296649241511594,2026-07-31
529,46.42762220976938,36.462093862815884,-3.2913106307854822,45.240771802979,47.61447261655977,07005,Boonton,Morris County,NJ,738042.0,0.01945945996877932,-0.006874843613056569,0.04533694919329179,0.047693733244344325,-0.1731737359041745,0.08038909828732033,-0.061647068752900935,0.000829665226542084,2026-07-31
530,46.351060457402596,36.34175691937425,-3.2913106307854822,48.202264149853676,44.49985676495151,10597,Waccabuc,Westchester County,NY,1659063.0,-0.21605736930470484,0.8031321727302121,0.5407755776779286,,0.02373100667193806,0.19200894802050417,-0.20139871708578028,-0.47719240479628117,2026-07-31
531,46.28094472118006,36.22141997593261,-3.2913106307854822,40.49506235881026,52.06682708354986,10306,New York,Richmond County,NY,759750.0,-0.05084862535711884,0.022113449304704602,0.10572495008583438,0.04094248636070094,0.1700417335871911,-0.1473160622317799,-0.05025530225489305,-0.04803752330126772,2026-07-31
532,46.27489134111275,36.101083032490976,-3.2913106307854822,46.4442395910566,46.10554309116889,11718,Brightwaters,Suffolk County,NY,852003.0,0.026102548608133352,0.13671441163906195,0.193469590176921,,-0.5265237867356067,0.1357976772668985,0.3018177934271691,-0.07469236526391461,2026-07-31
533,46.268990772920034,35.98074608904934,-3.2913106307854822,47.94133919833128,44.596642347508784,07748,Middletown,Monmouth County,NJ,801122.0,0.07718173890714511,0.07513761963738297,0.019540910820744273,0.04868169618162648,-0.23391924662274843,0.032083626211431016,-0.0007044374808273801,0.01701693208449155,2026-07-31
534,46.251498356699194,35.860409145607704,-3.2913106307854822,47.198297966086656,45.30469874731173,11565,Malverne,Nassau County,NY,824506.0,0.013705436646692354,0.10390836466929265,0.02009856861337056,,-0.1723780709662368,0.06719100709202064,-0.08802197906226361,0.014642539989481215,2026-07-31
535,46.16038247437756,35.74007220216607,-3.2913106307854822,47.42993310562209,44.890831843133036,07023,Fanwood,Union County,NJ,818392.0,0.07139278077915137,0.09646545563642661,0.007829211534172487,,-0.457986385969549,0.23951597866132746,0.047952316960245156,0.09177643887401414,2026-07-31
536,46.12600674813309,35.619735258724425,-3.2913106307854822,47.03227899408212,45.21973450218406,07853,Long Valley,Morris County,NJ,751263.0,0.03269096100641136,0.010880203854563675,0.12793121403484164,,-0.4371644096895413,0.13522925780299466,-0.1787161958309227,-0.04796133670424725,2026-07-31
537,46.122954764626435,35.49939831528279,-3.2913106307854822,43.061715733571546,49.184193795681324,11725,Commack,Suffolk County,NY,818651.0,0.028011453600289477,0.0967821440168457,0.11846414885510725,,-0.30759619275022243,0.1009000390668211,-0.002591985618565218,-0.10240767630337518,2026-07-31
538,46.085040071143226,35.37906137184115,-3.2913106307854822,34.19667220812728,57.97340793415917,11226,New York,Kings County,NY,801494.0,-0.3840903132302117,0.07560121123045427,-0.31637529913708917,0.04576041885718853,0.40223609640128966,-0.11126865740717407,0.09857150905526346,0.029649133515974577,2026-07-31
539,46.04551290573339,35.25872442839952,-3.2913106307854822,37.483301308226544,54.60772450324023,10453,New York,Bronx County,NY,571897.0,-0.004282739908498451,-0.26191781740933706,0.2488887356400067,0.0489878680909145,0.957210946764486,-0.35799093442033963,-0.1010326360333842,-0.03752175798541453,2026-07-31
540,46.01968183957152,35.13838748495788,-3.2913106307854822,47.98323222671678,44.05613145242625,08553,Rocky Hill,Somerset County,NJ,744469.0,0.046019276257331404,0.0017949441592364224,-0.028033649366381752,,-0.27453877200179133,0.22032962200146333,0.05069509760037327,0.0536752708125479,2026-07-31
541,45.914996382797895,35.018050541516246,-3.2913106307854822,42.35261876063369,49.47737400496211,11803,Plainview,Nassau County,NY,991049.0,0.07030816492183903,0.287887663685229,0.06649129515110275,0.0614500466737247,-0.22470898119006688,0.17700366666265321,0.009049311801341275,0.013509399835484978,2026-07-31
542,45.899285853846905,34.89771359807461,-3.2913106307854822,45.08176432239585,46.716807385297955,10573,Port Chester,Westchester County,NY,907577.0,0.05151314841309898,0.19990192804474027,-0.5462786256143666,0.04431397549416752,0.2606863586864143,-0.026711256794237637,-0.047789196196397654,0.08275110981440852,2026-07-31
543,45.793456165652714,34.777376654632974,-3.2913106307854822,55.63748802815406,35.94942430315137,11932,Bridgehampton,Suffolk County,NY,4746937.0,0.10183761455317822,1.8543786443294188,0.5761582812541022,,1.418467045957384,0.1596003345866881,0.2907097196931918,-0.314560168753849,2026-07-31
544,45.77253197814978,34.65703971119133,-3.2913106307854822,38.302927064148406,53.24213689215115,11356,New York,Queens County,NY,832691.0,-0.13845630758131086,0.11378649893553927,0.1297732964029059,0.03925825758066705,0.3722435186535946,-0.22274358385923332,0.10675602981645582,0.05294441506533713,2026-07-31
545,45.765164496335785,34.5367027677497,-3.2913106307854822,38.52692619009473,53.00340280257684,11378,New York,Queens County,NY,877805.0,-0.09987448120752837,0.16654839973060298,0.056627303382290606,0.03698884840556176,0.4354366684148949,-0.20116202439882958,-0.1318015667797514,0.01143365545620538,2026-07-31
546,45.72716737411481,34.416365824308066,-3.2913106307854822,42.51758100566595,48.93675374256367,11501,Mineola,Nassau County,NY,845599.0,0.05263840220119356,0.129168650264063,-0.33609797187557255,0.049207037504578596,-0.0743976830036257,0.08816909677074525,0.07516565216616122,0.11564547876266422,2026-07-31
547,45.63414907723333,34.29602888086642,-3.2913106307854822,45.85386090427865,45.41443725018801,08833,Lebanon Borough,Hunterdon County,NJ,752298.0,0.011158231670363256,0.012256165431244526,0.27793019224973037,,-0.4166175043972047,0.114906851266245,0.046085608034172054,0.10882975504918262,2026-07-31
548,45.62744109008577,34.17569193742479,-3.2913106307854822,45.20573577565883,46.049146404512705,07930,Chester,Morris County,NJ,940521.0,0.033206302163249296,0.2355575424947034,0.09201840921185322,,-0.5277916369939792,0.2219009530800733,0.2530638548150552,-0.1386754146513282,2026-07-31
549,45.59078086605574,34.05535499398315,-3.2913106307854822,34.610116353450046,56.57144537866144,11234,New York,Kings County,NY,793022.0,-0.11811615968492503,0.06497459058010335,0.010508701004864562,0.038978088529887704,0.20659448480470455,-0.09577558093720473,-0.10364983134653016,-0.008932784710546662,2026-07-31
550,45.52525639693458,33.935018050541515,-3.2913106307854822,43.50935264055707,47.54116015331209,10968,Piermont,Rockland County,NY,839908.0,0.022469551806075932,0.12241640954836797,-0.04732665051651708,,-0.13306046845778607,0.17324142678419818,-0.07134119050098775,-0.09640801437979692,2026-07-31
551,45.523082951244646,33.81468110709988,-3.2913106307854822,46.658908127654534,44.38725777483476,11957,Orient,Suffolk County,NY,1557823.0,-0.004211337087280137,0.7401681757404006,0.8319897709132782,,0.915357509761553,0.07430846561247428,0.06638607505518124,0.2464292695022448,2026-07-31
552,45.47926846726989,33.69434416365824,-3.2913106307854822,48.327396670974196,42.63114026356559,07645,Montvale,Bergen County,NJ,947320.0,0.03948432619337652,0.24276092006124728,0.0007570539784023111,,-0.21927586100358742,0.05931264874199904,-0.0363367845322049,0.06220981880021119,2026-07-31
553,45.4500428116947,33.57400722021661,-3.2913106307854822,43.03602601831721,47.8640596050722,07740,Long Branch,Monmouth County,NJ,835841.0,0.09193780316096536,0.117561856636895,-0.4033897662174244,0.039376826439545605,0.45841840812201684,-0.12979057823829643,0.05283826850939022,0.0023194369469321935,2026-07-31
554,45.31138645011733,33.45367027677497,-3.2913106307854822,45.06689165768301,45.555881242551656,11733,Setauket,Suffolk County,NY,874260.0,0.04695532187696508,0.16250216068607237,0.19553739516659618,,-0.27115552914199914,0.13128793371224,-0.12262795971690466,0.05192951426542462,2026-07-31
555,45.3012064481068,33.33333333333333,-3.2913106307854822,42.61915378000066,47.983259116212935,07208,Elizabeth,Union County,NJ,591099.0,0.12016587982083352,-0.22889282182890547,0.1106310614322581,0.044298169605772306,0.31014597511317343,-0.26531051063532674,0.05284411621193996,0.048585406543825635,2026-07-31
556,45.282912811780335,33.2129963898917,-3.2913106307854822,42.87919037918721,47.68663524437346,11566,Merrick,Nassau County,NY,905655.0,0.013176911784063355,0.19778197927578134,0.17052724779692774,,-0.25755711699267114,0.11515800465394277,-0.08068542456415351,-0.021304770454775926,2026-07-31
557,45.25931801333416,33.092659446450064,-3.2913106307854822,44.41747019534519,46.10116583132313,10986,Tomkins Cove,Rockland County,NY,710365.0,0.07651968500729148,-0.04509682949079341,0.23025573917813702,,,-0.004806380641885211,,0.16851447994352614,2026-07-31
558,45.147546431384924,32.97232250300842,-3.2913106307854822,41.84070015927016,48.454392703499686,11743,Huntington,Suffolk County,NY,936342.0,0.030044379018466932,0.23110463459699027,-0.14838316305620936,0.043664955662072666,-0.2581459900121008,0.14399556994202967,0.125831140446115,-0.055622808268683335,2026-07-31
559,45.08615875318942,32.851985559566785,-3.2913106307854822,45.4213940833618,44.750923423017056,10956,New City,Rockland County,NY,826346.0,0.05603164364107585,0.10613739293445512,0.22357899478168264,,-0.354119593656278,0.08559162871042247,-0.011901418501267358,-0.10727047836728128,2026-07-31
560,44.884871542957235,32.731648616125156,-4.601951247819369,41.395646467034304,48.374096618880166,11758,Massapequa,Nassau County,NY,833843.0,0.009780882916395589,0.11516925015273749,0.11512246561196804,0.049469728999597,-0.2012405185801296,0.02311503630659728,0.017747780640387845,-0.05684005096517426,2026-07-31
561,44.827800506836766,32.61131167268351,-4.601951247819369,42.579499097337646,47.076101916335894,10960,Nyack,Rockland County,NY,788289.0,0.0026229925656128528,0.05898796789911387,0.021066885828519233,0.04435241565037573,-0.05436106774811589,0.1558253916165574,0.132020922213961,-0.02857127588796944,2026-07-31
562,44.707960018493694,32.49097472924188,-4.601951247819369,39.776878596529706,49.639041440457675,11732,East Norwich,Nassau County,NY,1035962.0,0.018698650985110282,0.3322098512859526,-0.32160195711832884,,0.04975533667694054,0.16790395341244535,-0.006833593817153982,-0.1678472718795631,2026-07-31
563,44.69006606469266,32.37063778580024,-4.601951247819369,42.3357370715248,47.04439505786052,08510,Millstone Township,Monmouth County,NJ,972849.0,0.08641588867039687,0.2693531103526734,0.3803089635476997,,-0.4297745707097118,0.08384002545832303,0.15749324013939692,-0.032626426099637576,2026-07-31
564,44.54264265128395,32.250300842358605,-4.601951247819369,40.53923226156727,48.546053041000626,11777,Port Jefferson,Suffolk County,NY,800022.0,-0.011371997265607087,0.07376264768242535,0.13662664518045986,0.0516207669776622,-0.21897679413158966,0.18924873766045547,0.03627924321276055,0.07196817995615871,2026-07-31
565,44.53933571665791,32.12996389891697,-4.601951247819369,42.148672098376075,46.929999334939744,07746,Marlboro,Monmouth County,NJ,906110.0,0.03092141256450312,0.19828413077777896,0.12410868791392105,,-0.4165007732859405,0.19917164035121782,0.06336779761039146,-0.015439381104439057,2026-07-31
566,44.48985654751915,32.009626955475326,-4.601951247819369,35.118304871198234,53.86140822384008,11220,New York,Kings County,NY,975526.0,-0.46571798278717547,0.2721002911079964,-0.12348375098237874,0.033700543897990216,0.7465347404396503,-0.2208548205186741,0.0998004740379752,0.012495307005476783,2026-07-31
567,44.48177821864057,31.889290012033694,-4.601951247819369,41.09801494190043,47.865541495380704,10801,New Rochelle,Westchester County,NY,808126.0,0.037249529425020717,0.08384174027977309,-0.07046669516330972,0.04439281952734817,0.3557287918627725,-0.04816529635976491,0.058628866789980805,0.07279400945646967,2026-07-31
568,44.42153094495899,31.768953068592058,-4.601951247819369,45.02745933975579,43.81560255016218,11787,Smithtown,Suffolk County,NY,826083.0,0.06202339209938082,0.1058193491753947,0.11570333198410587,,-0.13647446106837013,0.0383620416387922,-0.12161702268142172,-0.06636183453163165,2026-07-31
569,44.34256984735457,31.64861612515042,-4.601951247819369,36.27536216073917,52.40977753396997,11369,New York,Queens County,NY,847115.0,-0.06958850769983335,0.1309600938923623,0.23737163988219478,0.03588651503060833,0.4664846979523378,-0.26772119748165946,0.16216038515311304,0.032291534710603906,2026-07-31
570,44.33774151195904,31.528279181708786,-4.601951247819369,44.31044956987086,44.36503345404722,07757,Oceanport,Monmouth County,NJ,967809.0,0.08569344198481979,0.26415898883321987,-0.10399921761755415,,0.14838819269348558,0.05223986579884865,0.11423197350050174,0.17177890492211773,2026-07-31
571,44.257554863844874,31.40794223826715,-4.601951247819369,41.20430553017728,47.31080419751247,10307,New York,Richmond County,NY,843450.0,-0.061814612814572095,0.1266239529803208,0.38510264835231567,,-0.14380268734006063,-0.08340211476759762,0.31663500384415677,-0.01694807609675815,2026-07-31
572,44.256306840758995,31.28760529482551,-4.601951247819369,41.66348248791389,46.8491311936041,07936,East Hanover Township,Morris County,NJ,880920.0,0.05512516280009941,0.17009030078028964,0.002783425197545597,0.045856619163780574,-0.11650425752492954,0.09577369102886935,-0.13610731644409135,0.014546205002169452,2026-07-31
573,44.243979375073806,31.167268351383875,-4.601951247819369,42.99307886867329,45.494879881474326,07648,Norwood,Bergen County,NJ,927081.0,0.01468383622165384,0.22116464588988904,-0.1940829306460774,,-0.24110770643634116,0.11534465858931997,0.14668395671442624,-0.13267130553804546,2026-07-31
574,44.21279426993326,31.046931407942242,-4.601951247819369,44.40816655419418,44.01742198567234,07470,Wayne,Passaic County,NJ,762952.0,0.07170327788410127,0.026319102708464825,0.2447155011740918,0.03988110966220931,-0.28322790037500245,0.07808158704664048,-0.014223863895669098,-0.026143098800334122,2026-07-31
575,44.147215797693875,30.9265944645006,-4.601951247819369,60.625597683023734,27.668833912364015,11959,Quogue,Suffolk County,NY,2855534.0,-0.005497814690597375,1.3461379490447545,0.9961442660149782,,1.5839177977498078,-0.04576532661628163,0.015766932152500246,-0.15319367790293698,2026-07-31
576,44.139755951502494,30.806257521058967,-4.601951247819369,45.304824374855315,42.97468752814968,11960,Remsenburg,Suffolk County,NY,1849910.0,0.08604196150084356,0.9120163194593456,0.6719680909083934,,0.15133094355177934,0.09424237457740336,0.31748425505773703,-0.08513317891281842,2026-07-31
577,44.02488979163519,30.685920577617328,-4.601951247819369,44.431473975774345,43.61830560749604,11780,Saint James,Suffolk County,NY,859233.0,0.053402737544557516,0.14516358752617364,0.11243781370363415,,-0.10739178565835883,0.03075541525946457,-0.0905558443889376,-0.07907517682890282,2026-07-31
578,43.99545117549536,30.56558363417569,-4.601951247819369,41.2462466577785,46.74465569321223,10546,Millwood,Westchester County,NY,1013227.0,0.10218854194023344,0.3100193110009428,0.07652302699217195,,-0.3002341584884374,0.3483813663288091,-0.3707189090534726,0.24729331627411383,2026-07-31
579,43.97830025049325,30.445246690734056,-4.601951247819369,33.010851202244076,54.94574929874243,11229,New York,Kings County,NY,780921.0,-0.22485498015370772,0.04959762360052267,-0.08731840758709808,0.042080966563206666,0.513781851500698,-0.07231266746002851,-0.142807748620287,-0.035383028743549,2026-07-31
580,43.92975264827239,30.324909747292416,-4.601951247819369,44.472900852001985,43.3866044445428,07076,Scotch Plains,Union County,NJ,856113.0,0.07857238205909348,0.1415260791560744,0.058416790125271234,,-0.35027605402563045,0.1569265318566616,0.10187782787008004,-0.056751345120035615,2026-07-31
581,43.91854547861672,30.20457280385078,-4.601951247819369,43.47761971293379,44.359471244299655,07657,Ridgefield,Bergen County,NJ,793090.0,0.008580558243711428,0.06506018004354175,0.1320185496726829,0.038482404501623976,0.015132544950646531,-0.026137255815301574,0.2675214857116668,-0.007969107822425506,2026-07-31
582,43.8961954558316,30.084235860409148,-4.601951247819369,40.28647160559194,47.505919306071256,11548,Greenvale,Nassau County,NY,1158180.0,0.04725160215495486,0.443728511763279,-0.24411639906427318,,0.3589172478227176,0.15204057686098915,-0.33324065640946365,-0.3622980076001993,2026-07-31
583,43.89577692743738,29.96389891696751,-4.601951247819369,37.062213364122314,50.72934049075244,11370,New York,Queens County,NY,828017.0,-0.05395067767362924,0.10815723238715158,0.20600447010630596,0.04540487662343636,0.49856234247382747,-0.2485935445176154,-0.0546132086261224,0.04968104304598801,2026-07-31
584,43.810360847613,29.843561973525873,-4.601951247819369,46.250489718589954,41.37023197663605,08742,Point Pleasant,Ocean County,NJ,885209.0,0.14452747078117625,0.1749476403712027,-0.26499091426198973,0.04417977111153211,0.08278513999366122,0.04103384745530225,-0.016073534463455275,-0.0007774296720374912,2026-07-31
585,43.722925712345,29.723225030084237,-4.601951247819369,28.560652117097078,58.88519930759293,07310,Jersey City,Hudson County,NJ,1016694.0,0.0024022195441325833,0.3134352968987617,-0.49755623103690105,0.05407616100517519,-0.1773263016484894,0.41338156802463444,-0.013104394800262043,0.2152865048828992,2026-07-31
586,43.691079350500985,29.602888086642597,-4.601951247819369,41.27450020478674,46.10765849621522,07016,Cranford,Union County,NJ,786111.0,-0.00020276722544351755,0.056221940885816224,0.1064222880426069,0.04453508372896954,-0.2721976986600627,0.1712063760697068,-0.04735812383927751,0.01500561975720087,2026-07-31
587,43.61146124882006,29.482551143200965,-4.601951247819369,38.19153302055482,49.03138947708531,11205,New York,Kings County,NY,1077317.0,-0.08109112043537578,0.3713527331922766,-0.1629685609021969,0.045050599617759673,0.5505176661313136,0.03579506768751706,0.235540122562357,0.05561389099837681,2026-07-31
588,43.59623178966274,29.362214199759322,-4.601951247819369,33.81836483418583,53.374098745139655,10472,New York,Bronx County,NY,702826.0,-0.10312889966634273,-0.05576671991460991,0.34113126942361127,0.05259622639846625,0.9509673104058975,-0.35429622106079733,-0.028149114751094828,0.016628449431801237,2026-07-31
589,43.571027827855595,29.24187725631769,-4.601951247819369,45.42606876722316,41.71598688848803,07446,Ramsey,Bergen County,NJ,898748.0,0.06435837916051704,0.19012694239286,-0.1433530910030001,0.028038992666489307,-0.1699957131480503,0.1791874604687016,-0.1444819678509237,-0.09463012707672087,2026-07-31
590,43.5657549389542,29.121540312876053,-4.601951247819369,41.45116921567561,45.68034066223279,07830,Califon,Hunterdon County,NJ,783340.0,0.02799444704077772,0.05269018018595517,0.1554829154012598,,-0.4237319726251638,0.1731298176483208,0.06585840505488427,0.09673505088412009,2026-07-31
591,43.39091876912679,29.001203369434414,-4.601951247819369,45.59379950519631,41.188038033057275,10977,Spring Valley,Rockland County,NY,895376.0,0.20636735156774258,0.18636805628235287,0.007537578221084473,,0.5974837298235165,-0.2644959976926592,0.07601323883577216,-0.014746570011917107,2026-07-31
592,43.37995291378088,28.880866425992778,-4.601951247819369,37.07940357113573,49.68050225642603,11218,New York,Kings County,NY,971922.0,-0.232350756926008,0.26839984153260055,-0.10421268011679707,0.03955591294895493,0.41117963221509046,0.017920272512597757,0.05041370081101526,0.02096607511767727,2026-07-31
593,43.33106924323418,28.760529482551146,-4.601951247819369,31.5660239181123,55.09611456835607,10035,New York,New York County,NY,709389.0,-0.49859076183249196,-0.04647151800339877,-0.1136909733178193,0.05508071373647952,0.8654375763462478,-0.16853578778456146,0.18368672087471616,0.07391968969954758,2026-07-31
594,43.293668003875155,28.640192539109506,-4.601951247819369,40.229002601035525,46.35833340671479,10527,Granite Springs,Westchester County,NY,939650.0,0.06481987817464976,0.23463165260123553,0.25723286743229856,,-0.5655764008385902,0.17397086054150834,0.07629992645450834,-0.894558503949727,2026-07-31
595,43.26865304170768,28.51985559566787,-4.601951247819369,47.13561484476038,39.40169123865497,11937,East Hampton,Suffolk County,NY,1982230.0,-0.020056008776254325,0.9811016427313568,-0.2967102719392525,0.21454383030921212,0.8357244619333588,0.032620498817327315,0.05087839164356289,0.022647864879591403,2026-07-31
596,43.19902862005243,28.399518652226234,-4.601951247819369,44.81817510025475,41.57988213985011,10970,Pomona,Rockland County,NY,749612.0,0.1729957782660886,0.008679055421094262,0.11770767926100056,,-0.0591046229363823,-0.01759214351538596,0.08171140923131404,0.0624601003682808,2026-07-31
597,43.1256663233858,28.279181708784595,-4.601951247819369,45.497311686042146,40.75402096072946,10520,Croton-on-Hudson,Westchester County,NY,883853.0,-0.04308594884340486,0.17341459397816195,0.34539003718809447,,-0.06671056431664657,0.14328489162648317,0.02886126308962922,0.005615213205683298,2026-07-31
598,43.07997213375029,28.158844765342963,-4.601951247819369,42.081697427799526,44.078246839701045,10524,Garrison,Putnam County,NY,782078.0,0.0716381023298446,0.05107807870756531,0.3227522252192454,,-0.21298254298998143,0.1045889397193327,-0.0661986787079556,0.053017159567998726,2026-07-31
599,43.040093125975325,28.038507821901327,-4.601951247819369,35.251628427318494,50.828557824632156,11209,New York,Kings County,NY,844162.0,-0.40895812318136715,0.12746833435052274,-0.11860969251570808,0.040454710818126315,0.30698481543663436,0.039239593736592804,-0.04508998752682203,-0.0316701872681759,2026-07-31
600,43.03855755417545,27.918170878459687,-4.601951247819369,39.72550754028434,46.351607568066555,11694,New York,Queens County,NY,896139.0,-0.04710257034074736,0.18721981666554122,0.21515050637190924,0.03371662834677179,0.19884738557851978,-0.013957740742289115,0.04186907840010079,-0.06602812020468259,2026-07-31
601,43.03757580024474,27.79783393501805,-4.601951247819369,41.55038379436841,44.52476780612106,11040,New Hyde Park,Nassau County,NY,985701.0,0.0011325915497501227,0.2824765995592262,0.04824547098761656,,-0.03772843677464377,0.067868690462353,-0.05219983432159481,0.06692853016799942,2026-07-31
602,42.92368280496861,27.67749699157641,-4.601951247819369,37.989951682401525,47.85741392753569,10312,New York,Richmond County,NY,769211.0,-0.044510992233795926,0.034489513438568764,0.17668765578092405,0.03557756700306297,0.048750917816323236,-0.08891469613416497,-0.1030888299012922,-0.01009597524266477,2026-07-31
603,42.77184816197578,27.557160048134776,-4.601951247819369,40.915099195388954,44.62859712856261,08889,Whitehouse Station,Hunterdon County,NJ,724420.0,0.02577294091806373,-0.025504618604168527,0.1715433749972135,0.04787276943778347,-0.3654557497755093,0.11390569059787403,-0.025229849939705673,-0.01109054888265755,2026-07-31
604,42.76470135069536,27.436823104693143,-4.601951247819369,43.393946655380574,42.13545604601014,10516,Cold Spring,Putnam County,NY,745555.0,0.02732227958073566,0.003252674313344528,0.2688257240679892,,-0.21873873666663646,0.13898495540607503,0.03763637245481277,0.027202950481433327,2026-07-31
605,42.75723480462928,27.3164861612515,-4.601951247819369,34.678720980511706,50.835748628746856,11423,New York,Queens County,NY,843106.0,-0.06583747487209343,0.12621653273538413,0.039361233514885186,0.03809129439655798,0.4647719901859595,-0.15534086039090794,-0.11389335152900415,-0.050001319721404605,2026-07-31
606,42.51779121581731,27.196149217809868,-4.601951247819369,33.93465712169944,51.10092530993518,10461,New York,Bronx County,NY,733664.0,-0.049607630045098355,-0.012825264178530915,0.3319323589722565,0.0437318393367552,0.503321157697411,-0.214585475844215,-0.09176362372254587,-0.005982587018965993,2026-07-31
607,42.48659768514643,27.075812274368232,-4.601951247819369,45.65857147526964,39.31462389502322,11965,Shelter Island,Suffolk County,NY,2079927.0,0.13842349753800712,1.0292118305956937,0.1360232476407095,,,0.3469435518068825,,-0.21456053509886058,2026-07-31
608,42.37383838731372,26.955475330926593,-4.601951247819369,29.78561967192838,54.962057102699056,10044,New York,New York County,NY,945596.0,-0.0073893434992765294,0.24093967965930574,-0.16934639384610506,0.05577479210004427,0.32410428594345464,0.22735353580252382,-0.24522406000982677,0.06932569581933583,2026-07-31
609,42.36907672867627,26.835138387484957,-4.601951247819369,42.350196009555496,42.38795744779704,11770,Mastic Beach,Suffolk County,NY,1422535.0,0.14247479171958624,0.6493199026642138,0.6312293215727589,,0.5537608774161746,-0.34780614294281226,,0.00041260911632816366,2026-07-31
610,42.359685326284456,26.714801444043324,-4.601951247819369,47.859834893375485,36.85953575919343,08006,Barnegat Light,Ocean County,NJ,1721061.0,0.1528647676013403,0.8398200300694221,0.9908389671135396,,0.7294327092850892,0.24200998152677755,0.28994076545454917,0.047598661418369034,2026-07-31
611,42.268670381617426,26.594464500601685,-4.601951247819369,45.50354846658664,39.0337922966482,08512,Cranbury Township,Middlesex County,NJ,767981.0,0.03998652541021955,0.032888851811913256,0.09839907956493477,,-0.021501152187789474,0.054555279250403155,0.040338076546976964,0.130758760525364,2026-07-31
612,42.14148866101055,26.47412755716005,-4.601951247819369,31.06381363534166,53.21916368667944,07086,Weehawken,Hudson County,NJ,878427.0,-0.04036438676160578,0.1672565335778824,-0.1528497115636256,0.05254643403164405,0.03833641283336742,0.19387092343898538,-0.000565437280586778,0.23063973464829274,2026-07-31
613,42.09341452921629,26.353790613718413,-4.601951247819369,42.66972674048747,41.51710231794512,07054,Parsippany,Morris County,NJ,746635.0,0.059071828676577814,0.004700433810169713,-0.032130995343957025,0.045150130987215764,0.07951082092465955,0.12354651190468469,-0.18239173107209083,0.05528943345249031,2026-07-31
614,42.07997047714777,26.233453670276774,-4.601951247819369,39.04770908706148,45.112231867234065,10309,New York,Richmond County,NY,802808.0,-0.0558048005821373,0.07723981271818481,0.29579230171448145,0.030102660152080487,0.04406201510599206,-0.08890554482261859,-0.17228332933023793,0.04463282034834774,2026-07-31
615,42.07370030891484,26.113116726835138,-4.601951247819369,37.96663980882163,46.18076080900804,08535,Millstone Township,Monmouth County,NJ,966233.0,0.07857218778986699,0.2625286489057448,0.3542670087505062,,-0.36204501189655613,0.007102576577167341,-0.0639374890170874,-0.07181233493715729,2026-07-31
616,41.97909013195266,25.992779783393498,-4.601951247819369,37.643817613109746,46.314362650795566,07605,Leonia,Bergen County,NJ,847264.0,-0.03914482931363636,0.13113599319316904,0.10760539463574226,,-0.009115781752352392,0.12189908578795217,0.0029016311483012203,0.005240267125924,2026-07-31
617,41.976371169511836,25.872442839951866,-4.601951247819369,37.73737593046267,46.215366408561,11001,Floral Park,Nassau County,NY,873336.0,-0.02742280377906922,0.16144462584122188,0.12761492168309196,0.03921741951164455,-0.12793380384061348,0.04113215611221832,0.04940991277356588,-0.07443113462921298,2026-07-31
618,41.91593964666552,25.75210589651023,-4.601951247819369,49.66345679569148,34.16842249763956,11942,East Quogue,Suffolk County,NY,1189760.0,0.1389688449422252,0.4706309232994066,-0.07215796213318626,,0.6516828805780939,0.004720582032892329,-0.21548358907363152,0.057460389935452036,2026-07-31
619,41.891677268754464,25.63176895306859,-4.601951247819369,40.49717570009434,43.28617883741459,07920,Basking Ridge,Somerset County,NJ,945658.0,0.08971043279922633,0.24100474176379905,-0.12401360337983292,0.04658837408536385,-0.2996873754579277,0.25391454129577773,0.011068629762815974,0.03436606379608191,2026-07-31
620,41.847921309438775,25.511432009626954,-4.601951247819369,41.41338090390679,42.28246171497075,07935,Green Village,Morris County,NJ,1111663.0,0.01078887154151112,0.40273583728436435,0.00872576101114042,,0.45136014818096615,0.14080223144142423,-0.7687226395422417,0.3979296478758159,2026-07-31
621,41.83683210995396,25.391095066185322,-4.601951247819369,40.74002923164614,42.93363498826177,11804,Old Bethpage,Nassau County,NY,1035707.0,0.09385012895225878,0.3319631249638313,0.15454108347535467,,-0.19626946228780473,0.17087043763706367,0.29139340999035745,-0.13084470536774412,2026-07-31
622,41.6315458386818,25.27075812274368,-4.601951247819369,42.19273616612035,41.070355511243264,11739,Great River,Suffolk County,NY,1074948.0,0.1938938439540351,0.36915122790647636,0.33162047372290004,,-0.01120071911000875,0.1284856503702576,-0.16625723980187956,0.3562947969996338,2026-07-31
623,41.583706000614654,25.150421179302047,-4.601951247819369,40.63002819647203,42.537383804757276,07082,Towaco,Morris County,NJ,878455.0,0.007680490250378119,0.1672882447641335,0.2428805444061286,,-0.4345770587884037,0.23894836468548175,0.21746408539484463,0.14683767590606261,2026-07-31
624,41.5715483275862,25.03008423586041,-4.601951247819369,37.07791269367862,46.06518396149378,10022,New York,New York County,NY,1180192.0,-0.32075350951370896,0.46255601670441315,-0.0007906317189600998,0.052323300422836,0.036167252938626104,0.35621657591136724,-0.09895112620946556,0.026932327954656096,2026-07-31
625,41.508047088313006,24.90974729241877,-4.601951247819369,39.063868280337424,43.952225896288596,07070,Rutherford,Bergen County,NJ,767735.0,0.004058334741478126,0.03256794978103095,0.16743732355077867,0.039168568606262125,-0.21008917416714934,0.11480272681392012,0.11293502183114335,-0.04471899780789608,2026-07-31
626,41.37560680720404,24.789410348977135,-4.601951247819369,39.78717965501695,42.96403395939114,07755,Oakhurst,Monmouth County,NJ,1092807.0,0.19184866228417655,0.3856289610387158,-0.03027337129728025,0.03980573755512614,0.20652681332386957,-0.0005614758452039958,0.02987175413630183,-0.07204003185284842,2026-07-31
627,41.31371901189212,24.6690734055355,-4.601951247819369,40.335316836783484,42.292121187000745,07726,Manalapan Township,Monmouth County,NJ,797655.0,0.042577335675265365,0.07079974769937714,0.14182005590067348,0.037663439935352316,-0.213210968215104,0.07131493849614368,0.0018132511962836162,0.025861937201791016,2026-07-31
628,41.25127899698428,24.548736462093864,-4.601951247819369,48.262614357155066,34.2399436368135,11977,Westhampton,Suffolk County,NY,1422807.0,0.08160376420979745,0.6495109346899905,0.297482391819921,,0.35100759723115327,0.08610209005425906,0.024555601988124565,-0.09274368895258318,2026-07-31
629,41.173501824636816,24.428399518652228,-4.601951247819369,36.73737336239922,45.609630286874406,11557,Hewlett,Nassau County,NY,1021099.0,-0.01379123069036367,0.3177587577166392,0.057017292060592695,,-0.13302398050376252,0.20981637310926504,0.09208625615127985,-0.07288150812505174,2026-07-31
630,41.08420442277634,24.30806257521059,-4.601951247819369,36.163852950841175,46.004555894711494,11379,New York,Queens County,NY,906378.0,-0.09178387717614064,0.1985802030064754,0.32634174604493715,0.037950319527730904,0.38125550259009233,-0.13474202087578602,-0.12202761923119176,0.035728322371060536,2026-07-31
631,41.08181115555662,24.187725631768952,-4.601951247819369,41.40135032375852,40.76227198735472,11724,Cold Spring Harbor,Suffolk County,NY,1790690.0,-0.04236777074345674,0.87948019739855,0.4370158769495145,,0.07927214395872428,0.3034692382263474,-0.23118621328872813,-0.03480427975314955,2026-07-31
632,41.01119083921253,24.067388688327316,-4.601951247819369,40.584385020909686,41.43799665751538,10595,Valhalla,Westchester County,NY,907010.0,0.024455408004634555,0.1992777014347169,0.07636023458456442,,0.1047955601289885,-0.00631273806912569,-0.11547292456934954,-0.017207093973235124,2026-07-31
633,40.69579414796962,23.94705174488568,-4.601951247819369,39.91598017973579,41.47560811620346,07945,Mendham,Morris County,NJ,1147874.0,0.08650989719277327,0.43479061450071477,0.277972482498523,,-0.36541743893911094,0.2966501470358658,0.07887090200841129,0.11904866127734896,2026-07-31
634,40.560771844874004,23.826714801444044,-4.601951247819369,33.21527235243124,47.90627133731677,10705,Yonkers,Westchester County,NY,721738.0,-0.007797770067753257,-0.02921424648309312,0.17841050902170608,0.04401413590966692,0.47374152276932757,-0.1925325822379887,0.0314195479889392,-0.003912035795637883,2026-07-31
635,40.56053912711167,23.706377858002405,-4.601951247819369,43.67939100599411,37.441687248229215,08751,Seaside Heights,Ocean County,NJ,742711.0,0.22909818869289147,-0.0005690900004271526,0.09113398583093257,0.03803632530187249,0.3710810309962216,-0.09972272030659102,-0.2465616699355806,-0.04936944507961423,2026-07-31
636,40.544366423929866,23.586040914560773,-4.601951247819369,30.29725089059437,50.79148195726536,11210,New York,Kings County,NY,944833.0,-0.07618669872397063,0.24013249775052792,0.040094732915944675,0.03700687938111621,0.5342459686879433,-0.09758098056100045,-0.04371352563469699,-0.06031179680382488,2026-07-31
637,40.42425146029625,23.465703971119133,-4.601951247819369,32.21363861205481,48.634864308537686,11385,New York,Queens County,NY,879961.0,-0.14242006396670667,0.16900091666032502,0.08413741834637634,0.0471413248662964,0.4034432946837352,-0.14296424532590035,-0.06638292916161426,0.009952019849596191,2026-07-31
638,40.37376726782351,23.345367027677497,-4.601951247819369,34.174980514416525,46.572554021230495,11219,New York,Kings County,NY,1285891.0,-0.028553222903041936,0.5483313158107777,0.2606240546605125,0.025454714244309905,1.203180236696119,-0.28718448150873543,0.1294114154664321,0.023378094949411385,2026-07-31
639,40.252214263088874,23.225030084235858,-4.601951247819369,37.99819540002469,42.506233126153056,07675,River Vale,Bergen County,NJ,932968.0,0.03492914162352748,0.22749509893931297,0.010021113944793214,0.042991811415597644,-0.26157536565443995,0.17696495294965153,0.09679384192472007,-0.10578705060026446,2026-07-31
640,40.23403017355173,23.104693140794225,-4.601951247819369,42.512530831668414,37.955529515435046,10536,Katonah,Westchester County,NY,1153134.0,0.05403882830096443,0.43936234195404644,0.26000890878449745,,-0.36084571148577926,0.2816932946274915,0.07880000265002174,-0.05575208516963644,2026-07-31
641,40.083963840730576,22.984356197352586,-4.601951247819369,37.59621362876237,42.57171405269878,07751,Morganville,Monmouth County,NJ,890047.0,0.05910557658818441,0.18039814577806013,0.12731282280679324,0.04567211674340705,-0.29797397685468074,0.16242260726034063,-0.06619546426711764,0.12137002150738167,2026-07-31
642,40.05413071364235,22.86401925391095,-4.601951247819369,34.58704301016066,45.52121841712403,11579,Sea Cliff,Nassau County,NY,1144940.0,0.07263681767364219,0.43223107539268923,-0.2524365760510978,,-0.11225458080874806,0.12241409872314024,0.13591831855100267,-0.09709979426800137,2026-07-31
643,39.893680661917195,22.743682310469314,-6.10844481774131,40.023292249008364,39.764069074826025,08853,Branchburg Township,Somerset County,NJ,886152.0,0.057482177529195516,0.17601185174244804,0.3341227713540622,,-0.4996488666307777,0.27092611817355483,0.11550363647617168,0.12167395308169775,2026-07-31
644,39.81439643930449,22.623345367027678,-6.10844481774131,35.62802647876134,44.00076639984763,11361,New York,Queens County,NY,1003418.0,-0.06603078451374209,0.30029092279424496,0.13120069182773975,0.035101244488795875,0.35875040838577976,-0.028282739342061103,-0.04449762250086309,0.04046463522725245,2026-07-31
645,39.76250631625929,22.503008423586042,-6.10844481774131,35.00726640349256,44.51774622902603,07626,Cresskill,Bergen County,NJ,1045204.0,0.010831321417827416,0.34109149580540077,-0.025235635032176518,0.06176782591768578,-0.07565939918537379,0.11675952655006894,-0.11338116724784442,0.040026710162157905,2026-07-31
646,39.732705460472005,22.382671480144403,-6.10844481774131,27.930225258924025,51.53518566201998,10004,New York,New York County,NY,1252150.0,-0.31098993048982815,0.5217413335937788,-0.22375209285555187,0.04663096231557784,-0.2784667198460469,0.4144339643677176,0.0420816364233616,-0.03860312478028734,2026-07-31
647,39.713421779832494,22.26233453670277,-6.10844481774131,40.86798120605811,38.55886235360688,07716,Atlantic Highlands,Monmouth County,NJ,853221.0,0.08337714076533445,0.1381419798127972,-0.0710507490149439,0.04013029984055821,0.018437427091552605,-0.017820755905127272,0.08557649003397039,0.03647130951170778,2026-07-31
648,39.609900985513434,22.14199759326113,-6.10844481774131,39.43456954378933,39.78523242723754,07006,West Caldwell,Essex County,NJ,861915.0,0.04305237299587575,0.14828041586749663,-0.0467040882268126,0.03889594866693971,-0.13509335521504195,0.16175611159332226,-0.07796846367277865,0.0049722043138092226,2026-07-31
649,39.59532311445582,22.021660649819495,-6.10844481774131,37.77618338011875,41.41446284879289,10549,Mount Kisco,Westchester County,NY,966386.0,0.09014956304897695,0.26268688590696776,-0.11377186026339103,0.03346489747043763,0.0861935066193229,0.16100643257130653,-0.01822107945415752,0.05907396173381611,2026-07-31
650,39.59365997237686,21.90132370637786,-6.10844481774131,38.14870002167965,41.03861992307407,07960,Morristown,Morris County,NJ,917503.0,0.055449315040283415,0.2107791280789275,-0.12885969655063434,0.03859759320311722,-0.14522314693981753,0.1878510675590268,0.011824832020618459,-0.05332657329854458,2026-07-31
651,39.54824500936114,21.780986762936223,-6.10844481774131,41.962365199492325,37.134124819229946,07661,River Edge,Bergen County,NJ,877678.0,0.06697657626918954,0.16640366509145998,0.1949397331168612,,-0.18141975783938702,0.1771717416565235,0.012801519196376177,0.10352419633022185,2026-07-31
652,39.455288514599026,21.660649819494584,-6.10844481774131,40.68317300013729,38.227404029060764,10901,Montebello,Rockland County,NY,810033.0,0.16933939421869795,0.08619904613898832,0.018933993710968267,0.03958356250557508,0.12494512584065443,-0.027873144617854118,-0.11780384321679982,0.032253005450641845,2026-07-31
653,39.36224603884908,21.540312876052948,-6.10844481774131,31.701302257673998,47.023189820024164,11223,New York,Kings County,NY,1102835.0,-0.07322574472660079,0.39476317845045017,0.2026635643989234,0.02876949078369247,0.9670610407028917,-0.15529554186443623,-0.07163709293625153,-0.07610776240115742,2026-07-31
654,39.07818353541124,21.41997593261131,-6.10844481774131,50.127304791297135,28.029062279525352,11978,Westhampton Beach,Suffolk County,NY,1655284.0,0.05769023814053256,0.8008517997274787,0.4358726105244699,,0.6923639511738162,0.08420141654520419,-0.04573624099278639,-0.005474997641104998,2026-07-31
655,38.960765327564076,21.299638989169676,-6.10844481774131,38.65870391667802,39.26282673845012,07932,Florham Park,Morris County,NJ,1066318.0,0.10509375510073796,0.36109033557458403,-0.025221662509098408,,0.029559596633661256,0.20682942557030726,-0.024732995593211626,0.13081762539356517,2026-07-31
656,38.88903346587041,21.179302045728036,-6.10844481774131,36.818268914321564,40.95979801741926,11358,New York,Queens County,NY,1086228.0,-0.0859775363553826,0.37958990065029496,0.29897186843101053,0.029727838533619478,0.6216367062048274,-0.1030772725995619,0.016122669474915696,-0.020963776081854582,2026-07-31
657,38.73590597083382,21.058965102286404,-6.10844481774131,21.206198958154832,56.2656129835128,10006,New York,New York County,NY,1077071.0,-0.34550345303299645,0.37112420283736647,-0.4094633841802935,0.05524175661884835,-0.15553734171239886,0.3536384798501252,-0.17089939001482257,0.0337677110038455,2026-07-31
658,38.712944259619874,20.938628158844764,-6.10844481774131,40.191863263747244,37.23402525549251,07738,Lincroft,Monmouth County,NJ,1055659.0,0.09593577213739515,0.3510444421620633,0.07601379777801931,,-0.1694457084831591,0.16156601356310218,-0.016977494933566817,0.10372437649303672,2026-07-31
659,38.627987966095176,20.81829121540313,-6.10844481774131,33.23892313185096,44.017052800339385,11204,New York,Kings County,NY,1272714.0,-0.003870367355813892,0.5380309921285953,0.2701548966078935,0.02363190651061467,1.0182633079046581,-0.19044756931305218,0.037793242533640026,0.03389046278738332,2026-07-31
660,38.52807116812532,20.697954271961493,-6.10844481774131,39.14415026249289,37.91199207375775,07924,Bernardsville,Somerset County,NJ,1044061.0,0.10191697111707612,0.33999686589256406,0.03302133184264733,,-0.402756024986233,0.2375408870763489,0.12278343227568911,-0.03703389777248818,2026-07-31
661,38.474176180028195,20.577617328519857,-6.10844481774131,36.59516368644494,40.35318867361145,07092,Mountainside,Union County,NJ,1071718.0,0.04968600019513794,0.36614192150243063,0.17967834848216135,,-0.26700586546166716,0.18208897175795613,0.3294961455571084,-0.022851555888754496,2026-07-31
662,38.2119396772143,20.45728038507822,-6.10844481774131,25.695331782548873,50.72854757187974,10039,New York,New York County,NY,653865.0,-0.046617518050033974,-0.12797526999918496,0.22285374314518513,0.05919244191781402,0.7784084599860079,-0.20823559079557297,-0.16057993505299528,0.12242060129030845,2026-07-31
663,37.948648255789024,20.33694344163658,-6.10844481774131,43.337795356830796,32.559501154747245,07720,Bradley Beach,Monmouth County,NJ,1139087.0,0.10763512046053095,0.4271062267408663,-0.21915059350172328,0.023615402427584798,0.5736005675886211,0.15724712119266981,0.18085684524998236,-0.020390817020197807,2026-07-31
664,37.93734556792032,20.216606498194945,-6.10844481774131,34.94213005815743,40.932561077683204,11507,Albertson,Nassau County,NY,1096759.0,0.02806485355200508,0.3892384635418846,-0.24583576467217227,,0.010458182997788112,0.16200846992523577,-0.02393132431996925,-0.06983205051349702,2026-07-31
665,37.69788685699771,20.09626955475331,-6.10844481774131,39.96206419155446,35.433709522440964,11366,New York,Queens County,NY,1143176.0,-0.028719545985124023,0.43068912672676696,0.3425099990947391,0.029916662572945407,0.24391205970571295,0.06030170304690752,0.2424539908130896,-0.029256002397303596,2026-07-31
666,37.686989915253356,19.975932611311674,-6.10844481774131,20.170740498958352,55.20323933154836,10005,New York,New York County,NY,1127894.0,-0.2961681282325689,0.4172316520524788,-0.41967191149782757,0.05039307392543009,-0.10976112017201989,0.3681554844265821,-0.22839099649777417,0.0838261653636219,2026-07-31
667,37.68205559118998,19.855595667870034,-6.10844481774131,29.80536556638314,45.55874561599681,11432,New York,Queens County,NY,898273.0,-0.14072553219057013,0.18959763812594943,0.2247203922638814,0.03598232481422079,0.605492952801973,-0.12826902615437158,-0.05534330078008587,0.0678115288332413,2026-07-31
668,37.554492721391284,19.7352587244284,-6.10844481774131,48.05258953243694,27.056395910345632,11569,Point Lookout,Nassau County,NY,1446249.0,0.14272646071147435,0.6658521490482965,0.584841036460757,,0.9848509218845887,0.035795330210899756,-0.8835803012236312,0.08688669891154203,2026-07-31
669,37.44760282628539,19.614921780986762,-6.10844481774131,34.82068978483512,40.07451586773566,07652,Paramus,Bergen County,NJ,1088485.0,0.061283491709485466,0.38166617723743457,0.2345826258452135,0.0592566571748638,0.13068906317341766,0.027093340952680234,-0.11337027073202322,-0.025718655521637948,2026-07-31
670,37.42489634998773,19.494584837545126,-6.10844481774131,33.6382033500821,41.21158934989337,11365,New York,Queens County,NY,1015551.0,-0.11198108435186568,0.3123102758465688,0.24247251654109903,0.03201253447860318,0.6359378623596992,-0.11223066394586145,-0.047786027283464705,0.004063296277184755,2026-07-31
671,37.41960859818157,19.374247894103487,-6.10844481774131,35.529855974737636,39.3093612216255,10604,White Plains,Westchester County,NY,954757.0,0.013627488114036274,0.2505807119619483,0.08873128013545006,0.04874618111803549,0.20954399061741635,0.0207980322516208,-0.08903024063965326,0.09006407477380689,2026-07-31
672,37.325054688719206,19.253910950661854,-6.10844481774131,36.968947769182336,37.68116160825608,07922,Berkeley Heights,Union County,NJ,959460.0,0.04555216835249745,0.25549396337898145,0.0247528677930422,0.04198613685551232,-0.3361792511224799,0.25950468732434495,-0.11891656964808917,-0.00321150633427765,2026-07-31
673,37.308181083169,19.133574007220215,-6.10844481774131,34.58487387394145,40.03148829239657,10709,Eastchester,Westchester County,NY,1027870.0,0.014381030954007917,0.3243675743276171,0.12289317108202091,0.0402774754565763,-0.09262393593517193,0.16853884974802058,0.052184392960628045,-0.04196949245664579,2026-07-31
674,37.28326887024498,19.01323706377858,-6.10844481774131,38.262211369896946,36.30432637059302,07869,Randolph,Morris County,NJ,830084.0,0.06510687506012439,0.11065040748965416,0.2951562800648677,0.029272548224938126,-0.3009279556447553,0.19095839897630384,-0.04598258025715296,-0.0781802022828086,2026-07-31
675,37.27014607278643,18.892900120336943,-6.10844481774131,38.24128147580537,36.29901066976748,07649,Oradell,Bergen County,NJ,1028168.0,0.07087001278922714,0.32465803863618703,0.17787368039436835,,-0.3537037516274293,0.22762336988373522,0.2829220687552869,-0.04223120959465172,2026-07-31
676,37.25230903264293,18.772563176895307,-6.10844481774131,30.875113020914434,43.62950504437143,11357,New York,Queens County,NY,1010416.0,-0.06216333718406872,0.3072414245718633,0.3052253273667329,0.03591094388668976,0.4539110294759865,-0.09945286669002362,-0.10882772847925004,0.011026145533755291,2026-07-31
677,37.201262064396154,18.65222623345367,-6.10844481774131,37.91829767240005,36.48422645639226,07934,Far Hills,Somerset County,NJ,1038767.0,0.0589316797914389,0.3349132137627002,0.1905404702021407,,-0.44683762152677287,0.2947576587585664,0.3183422532204503,-0.04842415625230041,2026-07-31
678,37.10366990770445,18.531889290012032,-6.10844481774131,45.16726097298927,29.040078842419636,11509,Atlantic Beach,Nassau County,NY,1503037.0,0.12049021793790296,0.7043667212345124,0.4367652633896455,,0.2984682753919461,0.1498989631960288,0.05307418358849958,-0.10742638866720595,2026-07-31
679,37.03798579721469,18.4115523465704,-6.10844481774131,45.05117431703123,29.024797277398147,07717,Avon by the Sea,Monmouth County,NJ,1848031.0,-0.00017738704184430687,0.9109997258957492,0.31313225556864843,,0.823044126310269,0.23480255270936168,0.047439534523276095,-0.05932529495694601,2026-07-31
680,36.976873931396824,18.29121540312876,-6.10844481774131,36.55163874146613,37.40210912132752,07641,Haworth,Bergen County,NJ,1253595.0,0.17968509436266125,0.5228946250626123,0.2899300096518207,,-0.22291659855466794,0.23711707715956098,0.05157342480680249,-0.02503924977568213,2026-07-31
681,36.77947927182954,18.170878459687124,-6.10844481774131,32.30537767335924,41.253580870299835,11228,New York,Kings County,NY,1212115.0,-0.07645834129506177,0.48924586948879245,0.26334433742342256,0.02841864515296512,0.7836820039566763,-0.11411987897865528,-0.09348155682272541,-0.024438540159499048,2026-07-31
682,36.75567223321265,18.050541516245488,-6.10844481774131,36.45445773634348,37.056886730081814,10577,Purchase,Westchester County,NY,2302543.0,0.14230168224464315,1.13089314009388,0.6832497418376917,,0.33068508665405427,0.2353571223633102,0.1893092267880796,-0.10103985022466118,2026-07-31
683,36.68837522074797,17.930204572803852,-6.10844481774131,25.11255831684782,48.26419212464812,11230,New York,Kings County,NY,927519.0,-0.3892780810777282,0.2216367667794792,-0.042216016765740605,0.03649341614848378,0.6940127492274584,-0.05214741481025209,0.04608287183790871,0.025165845248803984,2026-07-31
684,36.18523522033097,17.809867629362213,-6.10844481774131,36.233903557215655,36.13656688344629,07974,New Providence,Union County,NJ,1022120.0,0.0965889520553688,0.3187577248299931,-0.021978037173138176,0.03276980728533838,-0.11266410070273314,0.22530544077174885,-0.11970435302018068,0.19874848352310998,2026-07-31
685,36.012737259817655,17.689530685920577,-6.10844481774131,34.06328498801958,37.96218953161573,07739,Little Silver,Monmouth County,NJ,1195269.0,0.1633513787101645,0.4752500122579715,0.15294960627226395,,-0.2876799122116698,0.3191017994142319,0.06343279445313499,0.001008061221728071,2026-07-31
686,35.83198635292731,17.56919374247894,-6.10844481774131,34.36700122103916,37.29697148481546,07028,Glen Ridge,Essex County,NJ,1194061.0,0.05727015829946894,0.47423923606750584,0.6088442310237525,,-0.3153527075997744,0.3227483835679541,-0.011756030063908796,-0.004687391706233959,2026-07-31
687,35.82539517487922,17.448856799037305,-6.10844481774131,33.80094211516515,37.84984823459329,10605,White Plains,Westchester County,NY,1021141.0,0.05181235061963854,0.31779957238416934,-0.047976309633599,0.038206808718057934,0.03523094351981437,0.1855937904571211,0.011363184026413009,0.1028725182361259,2026-07-31
688,35.6408483997412,17.328519855595665,-6.10844481774131,33.73635759044936,37.54533920903305,07756,Neptune Township,Monmouth County,NJ,931703.0,0.05667752499835679,0.2261380018105399,-0.3455067913270984,0.03303627536191356,0.45555016554899086,0.20249881069431774,0.11604865901758998,-0.11250034005258121,2026-07-31
689,35.44324691096859,17.208182912154033,-6.10844481774131,23.55892887725353,47.32756494468365,10026,New York,New York County,NY,902612.0,-0.2021725311000818,0.19441638451902676,0.07767144263002912,0.050168230977319574,0.5182162766042075,0.0577238109742384,0.07708950377529078,0.0119101879545183,2026-07-31
690,35.4371686618084,17.087845968712394,-6.10844481774131,42.890465837883276,27.98387148573352,11968,Southampton,Suffolk County,NY,2253681.0,0.0865442156474682,1.1094439140722478,0.1509365695331919,0.22137320956753612,0.7794419095540401,0.10145913833707643,0.15408022031015634,0.058938969969702534,2026-07-31
691,35.420331272916656,16.967509025270758,-6.10844481774131,32.396755701336424,38.44390684449689,11105,New York,Queens County,NY,1151798.0,-0.0908305378853008,0.4382030760371016,0.3855852503767512,0.03181824018315061,0.5343694870282991,0.05641302738141263,0.013341175957599205,-0.0019146963188291927,2026-07-31
692,35.346480989117524,16.84717208182912,-6.10844481774131,40.472636241246235,30.220325736988805,11598,Woodmere,Nassau County,NY,1390549.0,0.12221159185959998,0.6265778545399012,0.33215792587687787,,0.10042124893481197,0.20602597384550891,0.038535352803933165,-0.07817967548472256,2026-07-31
693,35.17284660836846,16.726835138387486,-6.10844481774131,23.52627624128413,46.81941697545279,11233,New York,Kings County,NY,1031541.0,-0.07458593479170048,0.3279330737643651,0.0723847811676599,0.03818090003141248,0.9154483962879751,-0.15786602318233323,0.09800618147916929,0.016717836858859678,2026-07-31
694,35.16541377966448,16.60649819494585,-6.10844481774131,31.331236969800734,38.99959058952823,10570,Pleasantville,Westchester County,NY,1041395.0,0.016955748547914956,0.33744037812346406,0.0068535993026692665,0.03860206228138531,-0.15533049424929257,0.2435731674020153,-0.007380156687315065,-0.0016487696263831203,2026-07-31
695,35.16306306203491,16.48616125150421,-6.10844481774131,37.66489956626235,32.661226557807474,11363,New York,Queens County,NY,1129137.0,-0.043718317078389995,0.41833243438657597,0.20630567238971587,0.0317915450873237,0.311155568698118,0.07043795753929893,-0.01806110114686632,0.007373915664390204,2026-07-31
696,35.011741898948955,16.365824308062578,-6.10844481774131,30.257324486221627,39.76615931167628,10707,Tuckahoe,Westchester County,NY,921436.0,-0.11423113888594791,0.2150568043454708,0.04405829030007169,0.036912505064943486,0.06144464371749225,0.13529195437471742,-0.09589588208089772,-0.04143118589660029,2026-07-31
697,34.92924541148225,16.24548736462094,-7.757760809646008,33.69887444349166,36.15961637947284,10952,Monsey,Rockland County,NY,1155778.0,0.18630048910558764,0.44165315866884036,0.330679970515936,,0.9988528484498598,-0.23551986344585024,-0.14980579600974586,0.15435282759017382,2026-07-31
698,34.89375304979626,16.125150421179303,-7.757760809646008,35.662474198976305,34.12503190061622,07640,Harrington Park,Bergen County,NJ,1010026.0,0.0711189528602926,0.30685491246257435,0.07197234962934829,,-0.16761900089594062,0.23998419621443334,0.0615835718960458,0.06589575020025533,2026-07-31
699,34.88377968417876,16.004813477737663,-7.757760809646008,31.46172710580669,38.30583226255084,10591,Tarrytown,Westchester County,NY,954014.0,-0.058193347491035746,0.2498018902548118,0.07377657359708678,0.04130558414212794,0.31725079707524695,0.0645040758590103,-0.1630699618451903,0.10207951699141686,2026-07-31
700,34.76927907364322,15.884476534296029,-7.757760809646008,41.74990908692703,27.7886490603594,08752,Seaside Park,Ocean County,NJ,889041.0,0.08942514487570499,0.17926742040475752,0.3410198575850707,,0.5342460071134354,0.04105584252934269,-0.13875062803443683,0.03148544704359173,2026-07-31
701,34.75633223760886,15.764139590854393,-7.757760809646008,26.941608285901133,42.57105618931658,11237,New York,Kings County,NY,1119079.0,-0.07246182918188246,0.40938480491417195,-0.021995927531344606,0.04101217198459263,0.6856871849522388,-0.04507436587444302,0.2377756563215403,0.014335840478003,2026-07-31
702,34.717501512782476,15.643802647412755,-7.757760809646008,36.145332346349704,33.28967067921525,08558,Skillman,Somerset County,NJ,1062750.0,0.10273662709935608,0.3577387203572542,0.35719048540848597,,-0.3849040145660194,0.30225537448712625,-0.11763650159122285,-0.028193424249018675,2026-07-31
703,34.69444793281604,15.523465703971121,-7.757760809646008,40.7598881772157,28.629007688416376,11963,Sag Harbor,Suffolk County,NY,2368224.0,0.05740565161358582,1.1590194856648033,0.0016066310525939542,0.2836161627992836,1.0302324326402121,0.03197677559682155,0.14507264423686017,0.02845627343549699,2026-07-31
704,34.66975192092169,15.403128760529484,-7.757760809646008,31.886221302948098,37.45328253889529,11768,Northport,Suffolk County,NY,990562.0,0.017154797473980216,0.2873958287139615,0.09218655113660823,0.037756360826936904,-0.14215025813110604,0.14262040742417004,0.002933213402650736,-0.03527944702227766,2026-07-31
705,34.65462025268236,15.282791817087846,-7.757760809646008,30.890025201540578,38.419215303824146,10708,Bronxville,Westchester County,NY,980539.0,-0.06642214928945264,0.27722589779286366,0.2609199344837574,0.052369173336192565,0.15948233156985903,0.15623027144415447,-0.140893383635591,0.01484173606277421,2026-07-31
706,34.58053580800894,15.162454873646208,-7.757760809646008,36.12553481112491,33.03553680489297,07624,Closter,Bergen County,NJ,1225881.0,0.12152645130456677,0.5005388356147034,0.11138994623947518,,-0.027693751636932662,0.17221897019711507,0.07411406150144728,-0.045777256232853517,2026-07-31
707,34.574224339617686,15.042117930204574,-7.757760809646008,29.667661209683445,39.480787469551935,11791,Syosset,Nassau County,NY,1222600.0,0.05857336147998318,0.4978591955030023,-0.09333146849165708,0.05152950804901426,-0.09390270948350765,0.21303821737870332,-0.08109454832631258,-0.06671236124843612,2026-07-31
708,34.5675415675559,14.921780986762936,-7.757760809646008,47.99175515165407,21.143327983457727,07711,Allenhurst,Monmouth County,NJ,2551963.0,0.3538470047321528,1.2337419486670047,0.8069844585099908,0.013871674510593861,1.2328992890664316,0.23427244684785975,-0.379025938189951,0.017339665087811526,2026-07-31
709,34.52386609429235,14.801444043321299,-7.757760809646008,35.90095783106622,33.14677435751848,07481,Wyckoff,Bergen County,NJ,1180972.0,0.08410705797100562,0.46321683512895895,0.18706552081899552,,-0.13358746904125351,0.21595762321486034,0.05163810966577742,0.00213481348946791,2026-07-31
710,34.48875172430128,14.681107099879661,-7.757760809646008,26.198254677388178,42.77924877121439,11213,New York,Kings County,NY,1147833.0,-0.005306786088110721,0.43475532740402834,0.18621855610915183,0.03303237345820765,0.9796729820437207,-0.12150611137860667,0.1422531320762488,0.027111764057531837,2026-07-31
711,34.432913503477835,14.560770156438027,-7.757760809646008,31.884673839427258,36.98115316752841,11570,Rockville Centre,Nassau County,NY,987962.0,-0.0008458946805159628,0.2847679269521137,0.27906159595965363,0.042086643760052625,-0.05125869196820898,0.130000589798131,0.06300922326142455,0.005767084219052074,2026-07-31
712,34.22614523342179,14.440433212996389,-7.757760809646008,17.723640245715174,50.728650221128404,10009,New York,New York County,NY,1083044.0,-0.0999857247010599,0.37665456842225353,-0.4183918196475833,0.05598068430739868,0.5666461626965542,0.1335081726422822,0.14562765389717214,-0.006139223638218019,2026-07-31
713,34.14450194994493,14.320096269554753,-7.757760809646008,31.13113733804362,37.15786656184625,07039,Livingston,Essex County,NJ,1113222.0,0.0905002254806643,0.4041376495362865,0.08019154239512005,0.047158733966131655,-0.3118409607836725,0.24400201155790135,0.09027947723341789,-0.022806877377527804,2026-07-31
714,34.12761338465996,14.199759326113117,-7.757760809646008,21.182028930714488,47.07319783860543,10030,New York,New York County,NY,726848.0,-0.1577918040451923,-0.022158470976805233,0.20397032261411852,0.05139034735572949,1.0151812311534936,-0.13693743483399373,-0.29319024548574113,0.028972911433289547,2026-07-31
715,34.0536961102764,14.079422382671481,-7.757760809646008,36.391471489511964,31.715920731040832,07931,Far Hills,Somerset County,NJ,1454207.0,0.07946056343456612,0.6713399449681425,0.4831624372012264,,0.08890391689768573,0.2065969881726476,-0.1350212734691585,0.1720587267811749,2026-07-31
716,34.01472237152377,13.959085439229844,-7.757760809646008,25.194297477918088,42.83514726512945,11221,New York,Kings County,NY,1098219.0,-0.1315041834113174,0.3905692350570735,-0.005295632735567324,0.04009220394554702,0.6605532920607977,-0.030997393357575287,0.1787912529896829,0.07769637795066257,2026-07-31
717,33.89754034621667,13.838748495788206,-7.757760809646008,19.459418184068948,48.33566250836439,10454,New York,Bronx County,NY,813171.0,-0.07585279768164419,0.09006491720484,0.2905585992755011,0.044429168185814875,1.6296910227809718,-0.3493405727900589,-0.11514022990326467,0.06789551235018569,2026-07-31
718,33.72989370907824,13.718411552346572,-7.757760809646008,32.64549445335567,34.81429296480082,08820,Edison,Middlesex County,NJ,836250.0,0.07447727595963585,0.11805177953143442,0.31951285245183136,0.04450581346082093,-0.30447546960313976,0.22625934215028742,0.026385134551812683,-0.01413037115775291,2026-07-31
719,33.53658937991776,13.598074608904934,-7.757760809646008,31.355042888294548,35.718135871540966,10543,Mamaroneck,Westchester County,NY,1100042.0,0.048769342833955426,0.39222784196808114,-0.08068520430678383,0.04261407030362335,0.2738987400423205,0.08998640198507257,-0.03841129209571292,0.007794372331862129,2026-07-31
720,33.498487265976884,13.477737665463296,-7.757760809646008,31.11354851579515,35.883426016158616,11021,Great Neck,Nassau County,NY,1122444.0,0.022101413087931482,0.41238746674317817,0.013105425476313215,0.045436568323083924,0.3442377561707797,0.1684060399360373,-0.072578583923816,0.00665226371118903,2026-07-31
721,33.32903476267565,13.357400722021662,-7.757760809646008,37.368820487093636,29.289249038257665,08736,Manasquan,Monmouth County,NJ,1234188.0,0.14103542286771323,0.5072925060643438,0.11291276684846885,0.03359833358630678,0.0689367553292477,0.19881263187456222,0.08121240505800564,-0.05928252070011704,2026-07-31
722,33.234549477087164,13.237063778580024,-7.757760809646008,36.088254612179874,30.380844341994457,10505,Baldwin Place,Westchester County,NY,1075598.0,0.09935213051770156,0.3697558749223244,0.3528818173674697,,0.05779437324022996,0.14178284854731993,-0.16081247745212046,0.14762583110083255,2026-07-31
723,33.17000468545554,13.116726835138387,-7.757760809646008,31.532220269840955,34.80778910107013,07401,Allendale,Bergen County,NJ,1130097.0,0.0697738048107567,0.41918298684099753,0.01872050877775777,,0.06425404825398817,0.23419439920953256,-0.2964768147751897,0.1104633448503443,2026-07-31
724,33.10629059453939,12.996389891696749,-7.757760809646008,31.930224607152226,34.28235658192655,07046,Mountain Lakes,Morris County,NJ,1231359.0,0.0738434001102938,0.504997186916313,0.5849424552191156,,-0.2952108665235127,0.3683829975100028,-0.19900193799522903,0.021215548867498144,2026-07-31
725,33.09261057692956,12.876052948255115,-7.757760809646008,37.09573599029158,29.089485163567534,08730,Brielle,Monmouth County,NJ,1328666.0,0.23025926047997416,0.5810542660801268,0.1404333790990684,,0.15336422060077903,0.1773791670302336,-0.025459052798614934,-0.007368166212719365,2026-07-31
726,32.96044784854603,12.755716004813477,-7.757760809646008,35.04818573815457,30.872709958937488,07021,Essex Fells,Essex County,NJ,1482341.0,0.1268809596795432,0.6905018337226263,0.4710904323513727,,-0.1097062197171994,0.3223448442813457,-0.07246311411446804,-0.06752199960353052,2026-07-31
727,32.907116513622654,12.63537906137184,-7.757760809646008,34.166255628116275,31.647977399129033,08502,Belle Mead,Somerset County,NJ,1025954.0,0.12165592299034281,0.32250166215297327,0.3301510852796188,,-0.38225700235018434,0.2860135434683376,-0.11049345567163726,0.04615622730495543,2026-07-31
728,32.84885004385336,12.515042117930205,-7.757760809646008,24.073234331697556,41.624465756009165,11206,New York,Kings County,NY,1153423.0,0.0766661883116008,0.4396128946457818,-0.03259772291952601,0.041928075686371885,1.042971443884366,-0.12632472308158832,0.2040267919364993,0.05248276825091151,2026-07-31
729,32.7911610460514,12.394705174488568,-7.757760809646008,32.82647984887967,32.75584224322313,11560,Locust Valley,Nassau County,NY,1287119.0,0.05565838293867245,0.5492850982200306,0.051728287530227846,,0.17220108811908896,0.12270653437205425,-0.07853669622895687,-0.057692432757864245,2026-07-31
730,32.57226482929931,12.274368231046932,-7.757760809646008,35.524701802421106,29.619827856177512,07452,Glen Rock,Bergen County,NJ,1116906.0,0.12694675028986283,0.4074416692203737,0.36478717312285447,,-0.24238590646412317,0.2405430677533792,-0.09121039004439879,-0.08479135699870506,2026-07-31
731,32.52202008560488,12.154031287605296,-7.757760809646008,33.73081265175594,31.31322751945381,07040,Maplewood,Essex County,NJ,976566.0,0.10400675139355578,0.273166092843649,0.3570503255626143,0.03424107362631306,-0.1617546421288456,0.23619242729429013,-0.008546857613103143,0.05242614242970793,2026-07-31
732,32.509382718733676,12.033694344163658,-7.757760809646008,43.754497243101206,21.264268194366142,08008,Long Beach Township,Ocean County,NJ,1959722.0,0.1589745656161984,0.9696818119507551,1.1999463885785282,,0.9029970348027649,0.15071371954763846,0.07987326258712102,-0.07981623429476743,2026-07-31
733,32.50232155287206,11.913357400722022,-7.757760809646008,34.16204022394704,30.84260288179709,10510,Briarcliff Manor,Westchester County,NY,1178572.0,0.11190702828593438,0.461182617764587,0.2742042107557392,,-0.21468648301829352,0.2227941036283081,0.0018340092899222782,-0.037365587900257416,2026-07-31
734,32.316008637711874,11.793020457280386,-7.757760809646008,33.26894841370833,31.363068861715426,11023,Great Neck,Nassau County,NY,1536126.0,0.0727173588483229,0.726143071099898,0.2836199279053986,,0.49861876876674915,0.14315806639612982,-0.1504086177116406,0.04688760422303799,2026-07-31
735,32.29034143848571,11.672683513838749,-7.757760809646008,29.678351880822607,34.90233099614882,11530,Garden City,Nassau County,NY,1339544.0,0.07237741062370198,0.5892080494834122,0.4459849108086349,0.053637671492501586,-0.11950771143574745,0.21796091031943143,0.07470934379828087,-0.014929300807324089,2026-07-31
736,32.14019430014167,11.552346570397113,-7.757760809646008,31.300470369041335,32.97991823124201,07058,Pine Brook,Morris County,NJ,939740.0,0.024310203588461837,0.2347270010205218,0.14665427606178838,0.036813851919424274,0.10547820062614366,0.13759038197098672,-0.2665232976089289,0.1681281603525389,2026-07-31
737,32.03998427690157,11.432009626955475,-7.757760809646008,33.11330883226217,30.966659721540967,07069,Watchung,Somerset County,NJ,1106303.0,0.058573953822103425,0.39790297877268443,0.4413675304756506,0.027551220518698714,-0.026618044851445477,0.14362127198187047,-0.13787630294836717,0.01762520152705553,2026-07-31
738,31.9603581542205,11.311672683513839,-7.757760809646008,35.63436610563321,28.286350202807785,07750,Monmouth Beach,Monmouth County,NJ,1164499.0,0.1122966622503764,0.4491699608666231,0.12426154974177983,0.03303996216018657,0.15853898261802857,0.18485073289163367,-0.13128391475558487,-0.061837616309296364,2026-07-31
739,31.792303192312296,11.191335740072201,-7.757760809646008,36.630154447031984,26.954451937592612,10533,Irvington,Westchester County,NY,1321738.0,0.04430330010833608,0.5758269977956267,0.38034763451488907,0.03438652963620454,0.13781019603471978,0.2677569227004458,-0.1399358583183865,-0.028340231934517582,2026-07-31
740,31.540495197221233,11.070998796630565,-7.757760809646008,30.199596672267177,32.88139372217529,07940,Madison,Morris County,NJ,1079886.0,0.0718395002536493,0.37373492927738816,0.0009677633245033235,0.038727839246303554,-0.05661051349159085,0.25088076159159844,-0.06742811190076914,-0.02693372035763071,2026-07-31
741,31.49840363367514,10.95066185318893,-7.757760809646008,43.17002276227319,19.826784505077082,08735,Lavallette,Ocean County,NJ,1222858.0,0.13471197252348902,0.49806977670815655,0.5887809729355826,0.01962615544592447,0.8758589386273179,0.033288810008428094,-0.2351925198200373,-0.0046985506586183085,2026-07-31
742,31.465388840252054,10.830324909747292,-7.757760809646008,30.137259824305406,32.793517856198704,07677,Woodcliff Lake,Bergen County,NJ,1292469.0,0.11508262233350344,0.5534330604530133,0.2756763422781443,,-0.09119730116606317,0.3213702962895971,-0.0075647016057462935,0.0740460181854961,2026-07-31
743,31.393773062270924,10.709987966305656,-7.757760809646008,29.790513592615557,32.99703253192629,10522,Dobbs Ferry,Westchester County,NY,1033034.0,0.05306285158115501,0.3293787589490158,0.14356753454853788,0.048971303658197705,-0.05783393508117496,0.20436856133380288,-0.08878684661349823,0.0637953626118473,2026-07-31
744,31.24826936481274,10.589651022864018,-7.757760809646008,29.744078653880102,32.752460075745375,11215,New York,Kings County,NY,1525203.0,-0.15565967646965148,0.7190063299421734,0.2633058345571033,0.03366114797219946,0.21524259062002815,0.3153211255018511,0.11034331144491638,0.027675171603567514,2026-07-31
745,31.04866438775852,10.469314079422382,-7.757760809646008,45.05142555119105,17.045903224325986,11976,Water Mill,Suffolk County,NY,5090000.0,0.12742929129256667,1.924156824005827,0.8270324769506505,0.23850689795053331,1.4510689122551887,0.23924164073418486,-0.007813786963549063,0.21987803166394776,2026-07-31
746,31.02936264190528,10.348977135980746,-7.757760809646008,31.86826402789571,30.190461255914848,11771,Oyster Bay,Nassau County,NY,1349672.0,0.10444407058609287,0.5967410438845331,0.036394356847486264,,0.25589033583373566,0.0912332659241828,0.031163487225116526,-0.0220311838704121,2026-07-31
747,30.62313161764055,10.22864019253911,-7.757760809646008,32.56259374099603,28.68366949428507,10576,Pound Ridge,Westchester County,NY,1496599.0,0.1704350798671527,0.700074444906793,0.21580032315098485,,-0.10013360853303266,0.2786552200454968,-0.0038649642108055104,-0.12197063751563748,2026-07-31
748,30.4916255214223,10.108303249097473,-7.757760809646008,37.71750266173961,23.265748381104988,07723,Deal,Monmouth County,NJ,4524126.0,0.2918855243384296,1.8063035152395877,1.436802181739834,,1.4523865644201812,-0.1546110835161052,0.6616169000014924,-0.024239992572143,2026-07-31
749,30.485854862575607,9.987966305655837,-7.757760809646008,41.47109424771694,19.50061547743427,08738,Mantoloking,Ocean County,NJ,2232332.0,0.17339811085507897,1.0999260189709403,0.9096316875121762,,0.2997179655311146,0.21649899887819535,0.6906840329106121,-0.09182832999297803,2026-07-31
750,30.446438200829245,9.8676293622142,-7.757760809646008,22.22215929593507,38.67071710572342,11103,New York,Queens County,NY,1049946.0,-0.23332623674879613,0.34561770160404137,0.3355415064843825,0.035523841987711094,0.5307972565176555,0.03462922453424233,-0.028916461191201392,0.013108316863281552,2026-07-31
751,30.357784972048023,9.747292418772563,-7.757760809646008,28.11332026490764,32.60224967918841,07733,Holmdel Township,Monmouth County,NJ,1120866.0,0.09208327337046499,0.41098086399304457,0.4632374272188109,0.041396555618946305,0.015148516635293374,0.18196315240880245,-0.11798290295313762,0.012471558332318985,2026-07-31
752,30.217111086772817,9.626955475330927,-7.757760809646008,32.417849880826694,28.016372292718945,07650,Palisades Park,Bergen County,NJ,1012589.0,0.09332975722667172,0.30938925950589535,0.4250820248925624,0.03170119289188524,0.4794781613149073,0.019047601781496115,0.09687757800852026,-0.05276216431703036,2026-07-31
753,30.09144499364574,9.50661853188929,-7.757760809646008,32.782756899182544,27.400133088108937,07627,Demarest,Bergen County,NJ,1577112.0,0.21890370839539522,0.752474226260917,0.3800539242861767,,0.13601994902702397,0.26848305566345954,0.06633083202178547,-0.03049371156111809,2026-07-31
754,29.91889878965737,9.386281588447654,-9.566160255699675,21.55105699640039,38.28674058291435,11216,New York,Kings County,NY,1234290.0,-0.10900965700863416,0.5073748821944779,0.020193369416016793,0.03531997829614962,0.610772409504819,0.07152904803456939,0.17018467790107827,0.0035672600334975407,2026-07-31
755,29.881128048106376,9.265944645006016,-9.566160255699675,32.00905421060591,27.75320188560684,10804,New Rochelle,Westchester County,NY,1277528.0,0.15286591337964275,0.5418062891621975,0.2954832360876569,,-0.2584017642776282,0.36187127641202643,0.08409855699031077,-0.009970430848546832,2026-07-31
756,29.850890152401014,9.14560770156438,-9.566160255699675,30.89576830697939,28.806011997822633,07423,Ho Ho Kus,Bergen County,NJ,1376648.0,0.11832536506752903,0.616530573498471,0.2924638128998325,,-0.18367747994135475,0.3349856874662208,-0.08904244613560586,-0.07476381290826213,2026-07-31
757,29.81995568223251,9.025270758122744,-9.566160255699675,29.579202396232855,30.060708968232163,11231,New York,Kings County,NY,1788288.0,-0.17802742215941478,0.8781379959287623,0.42126778532117015,0.03288007706357997,0.6582525627755611,0.184010967000944,0.1083622859479565,0.044354781355435954,2026-07-31
758,29.773400863052437,8.904933814681106,-9.566160255699675,36.44259137152566,23.10421035457922,11020,Great Neck,Nassau County,NY,1636312.0,0.12476050685851661,0.7893237620623346,0.49334252557909863,,0.39170097898286005,0.13104134691056446,-0.176766946585996,-0.10016805309334016,2026-07-31
759,29.75208426562448,8.78459687123947,-9.566160255699675,7.203820583267295,52.30034794798166,10036,New York,New York County,NY,996591.0,-0.29729295099163766,0.2934640173765626,-0.3030760738091729,0.05696169194384651,0.45415065117191733,0.21476900188175874,-0.22765628645420044,0.055921439394327074,2026-07-31
760,29.72540698075086,8.664259927797833,-9.566160255699675,28.45572678459064,30.995087176911085,11050,Port Washington,Nassau County,NY,1342500.0,0.01723592441544,0.5914123692642885,0.0561867910035847,0.03781230043447973,0.27425665858300685,0.1966760313260203,-0.08973245317569045,0.006618590114380304,2026-07-31
761,29.501949307533955,8.543922984356197,-9.566160255699675,15.410071205969036,43.59382740909887,10019,New York,New York County,NY,1229885.0,-0.29653936976773354,0.5037993707673323,-0.06217064038770914,0.04737838512906348,0.36866829225194553,0.29168980379709786,-0.017187166829620182,-0.03843851409465922,2026-07-31
762,29.486825922298074,8.42358604091456,-9.566160255699675,31.52055467671974,27.453097167876408,10706,Hastings on Hudson,Westchester County,NY,1169338.0,0.13082944591233706,0.4533171946557566,0.15837397865568192,0.03258252729030401,-0.07682464096369235,0.2514570580395864,0.060870487036435605,0.05625052995204731,2026-07-31
763,29.46033149353503,8.303249097472925,-9.566160255699675,30.570639977971346,28.350023009098713,07458,Upper Saddle River,Bergen County,NJ,1666600.0,0.08627442883181083,0.8076649163864786,0.553937409688773,,0.03166339563779341,0.2613987602421476,0.17332247140119783,0.02320723685194208,2026-07-31
764,29.34102959865626,8.182912154031289,-9.566160255699675,18.88018948965292,39.8018697076596,11101,New York,Queens County,NY,1153280.0,-0.10235245710935245,0.43948882360364294,0.24430758740184721,0.046146360892869616,0.3644428769574677,0.19145885883254576,0.23991166892455773,0.3700199712376267,2026-07-31
765,29.284531168406282,8.062575210589651,-9.566160255699675,16.531959939199083,42.03710239761348,10025,New York,New York County,NY,1162158.0,-0.2328479520450358,0.4471574419689013,0.0033548850606752723,0.048807432654812404,0.47761703442779324,0.2070476177156978,-0.058082187428615484,-0.03757927865223616,2026-07-31
766,29.169609188385067,7.9422382671480145,-9.566160255699675,29.9842462928214,28.35497208394873,11516,Cedarhurst,Nassau County,NY,1248848.0,0.102834817500597,0.5191009443129104,0.22913987610059827,0.0422789501971777,0.5927892713226217,-0.03564145173881972,-0.27545167846962393,0.26819789490720264,2026-07-31
767,29.110753432284156,7.821901323706378,-9.566160255699675,17.622191251891568,40.59931561267675,10010,New York,New York County,NY,1324787.0,-0.38491028678011185,0.5781308097463089,-0.03634608041225462,0.04881264035943327,0.32286774770060656,0.31050000588466364,-0.14492518541587884,-0.021312354551575388,2026-07-31
768,29.1025599607444,7.701564380264742,-9.566160255699675,32.97895257992649,25.226167341562306,07722,Colts Neck Township,Monmouth County,NJ,1362510.0,0.13474296921720033,0.6062078562225235,0.4741559072862529,,0.03419004712076368,0.1835736590864907,-0.10060962127914053,0.030678644231621185,2026-07-31
769,29.00949218254543,7.581227436823104,-9.566160255699675,28.95170527322626,29.067279091864602,07976,New Vernon,Morris County,NJ,2108860.0,0.07411795680764258,1.043026537546945,0.7688052051141643,,0.2520771769645058,0.23863607725736968,0.7331400129476027,-0.7242131382024881,2026-07-31
770,28.937256101018463,7.460890493381468,-9.566160255699675,28.201897144822464,29.672615057214458,07670,Tenafly,Bergen County,NJ,1335447.0,0.1071729863139538,0.5861455132706865,0.5561445459915451,0.04515714828138568,-0.0310967784957612,0.29656861431080916,-0.04555081443162656,0.07449958108109582,2026-07-31
771,28.90898554953214,7.3405535499398304,-9.566160255699675,35.472273631347925,22.345697467716352,07762,Spring Lake,Monmouth County,NJ,1500460.0,0.1987068000316782,0.7026508183271769,0.2702862158312378,0.041054076501667536,0.6677776164025644,0.18842325266158333,0.12666254429592883,-0.026594286927009228,2026-07-31
772,28.813605222519367,7.2202166064981945,-9.566160255699675,29.634044715311404,27.99316572972733,07059,Warren Township,Somerset County,NJ,1158497.0,0.0985902027339364,0.4440021874991178,0.4919443247962061,0.034467085256217715,-0.19358410803815507,0.1894104825323537,-0.008706036883284085,0.029915500016972893,2026-07-31
773,28.790152876018,7.099879663056559,-9.566160255699675,34.183277404874005,23.397028347161996,11559,Lawrence,Nassau County,NY,2238703.0,0.24666243557105041,1.102775778618577,0.8577549984443689,,0.8623775311584605,0.11650725683570384,0.15172482683423993,-0.03766205862795653,2026-07-31
774,28.771465439594714,6.979542719614922,-9.566160255699675,30.83966661962772,26.70326425956171,11577,Roslyn Heights,Nassau County,NY,1417874.0,0.09341644753103787,0.6460378977814081,0.10055618598771154,,0.15959161873634886,0.16700037986637817,-0.028039927605034265,-0.03525976138333116,2026-07-31
775,28.487193342101616,6.859205776173286,-9.566160255699675,36.17505417925729,20.799332504945944,08750,Sea Girt,Monmouth County,NJ,2606252.0,0.28067009516795627,1.25479228112812,0.9351625194186219,,1.076963852883069,0.21860427772769808,-0.2145164049216035,0.00831954766700553,2026-07-31
776,28.465527502159855,6.738868832731648,-9.566160255699675,34.90943084483701,22.0216241594827,11024,Great Neck,Nassau County,NY,2425669.0,0.14607364016282212,1.182986506552444,0.7377109251805027,,0.7377445790396748,0.05585526210720615,0.07977285508256848,0.06943696400783876,2026-07-31
777,28.35761307328753,6.618531889290012,-9.566160255699675,27.15464832712718,29.560577819447882,07042,Montclair,Essex County,NJ,961161.0,0.022407990313370624,0.257265348174359,0.1890167343096376,0.03685691700750333,0.16758253394418499,0.1973247177162557,-0.10891192311928499,0.03360008375290162,2026-07-31
778,28.295815686330428,6.4981949458483745,-9.566160255699675,12.343691444466458,44.2479399281944,10027,New York,New York County,NY,835348.0,-0.41471929699051524,0.11697220547893927,0.20393144807271035,0.05692055610134613,0.7507916404192272,0.02448822935156003,-0.09379948333939936,0.03708286602169712,2026-07-31
779,28.260694188492664,6.377858002406739,-9.566160255699675,25.01668801266254,31.504700364322787,11547,Glenwood Landing,Nassau County,NY,998799.0,0.10625168491332673,0.2956775698183929,-0.3866407687150062,,0.45287795197463754,0.2660934709568017,-0.0595150290201385,0.23129830682494862,2026-07-31
780,28.202647210343176,6.257521058965103,-9.566160255699675,14.974488049234798,41.43080637145155,11225,New York,Kings County,NY,1162315.0,-0.22995709634644398,0.44729293454186525,0.09232808774607193,0.03586584950966644,0.6847791803991192,0.011298139502431304,0.16124435206663534,0.012032367523456863,2026-07-31
781,27.541257170549823,6.137184115523466,-9.566160255699675,28.231173150145594,26.851341190954052,07043,Montclair,Essex County,NJ,1427857.0,0.18301672882764955,0.6530534788264468,0.6654603966904808,,-0.14715457461337889,0.34779914597335815,-0.03631022832431441,0.03977011716541794,2026-07-31
782,27.500626666372824,6.016847172081829,-9.566160255699675,29.571422444907743,25.429830887837905,11753,Jericho,Nassau County,NY,1321700.0,0.08142773759295566,0.5757979132785209,0.10287644156810671,,0.12781587564327945,0.251489730384449,-0.23086189357492692,-0.16422507254358693,2026-07-31
783,27.261263127942122,5.896510228640193,-9.566160255699675,30.054246521277957,24.46827973460629,07079,South Orange,Essex County,NJ,1087816.0,0.11779870202495282,0.38105076349869194,0.4639794131149859,0.03284324927951919,-0.17282810893474232,0.28072433401550667,0.11289870880571229,0.06982871600696532,2026-07-31
784,27.193243688098534,5.776173285198556,-9.566160255699675,18.110945711459046,36.27554166473802,11238,New York,Kings County,NY,1274575.0,-0.24654935218599902,0.5394915509654457,0.0289845767191661,0.038856309967636504,0.35901322723996887,0.24189306722126913,0.15043571340343753,0.08792103306868375,2026-07-31
785,27.14264128068836,5.6558363417569195,-9.566160255699675,31.74507368821426,22.54020887316246,10514,Chappaqua,Westchester County,NY,1555980.0,0.1293200640315785,0.7389847200518904,0.46025268049294255,,-0.061223333387935286,0.35368307276164423,-0.23118621328872813,-0.0683137696198572,2026-07-31
786,27.09907251298151,5.535499398315283,-9.566160255699675,17.96751970309895,36.23062532286407,10075,New York,New York County,NY,1223655.0,-0.402388558297481,0.49872160774646623,0.01201880237259445,0.039138828042043716,0.17075086744307266,0.38489097324321875,-0.11383925397826467,0.10192111513371342,2026-07-31
787,27.08791121072526,5.415162454873646,-9.566160255699675,28.802654778605703,25.37316764284482,10504,Armonk,Westchester County,NY,1746645.0,-0.009372547004701554,0.8545758658576741,0.3406369869543031,,0.05436781241784838,0.31096084413043934,-0.06687816200495256,-0.17401464060124344,2026-07-31
788,26.913961454876507,5.294825511432009,-9.566160255699675,12.532340136503105,41.29558277324991,10003,New York,New York County,NY,1439315.0,-0.432186556481145,0.6610461275536572,-0.18937521776703825,0.043842352798607015,0.343650536422454,0.35219184583456553,0.03541814096870155,-0.04795472630424387,2026-07-31
789,26.677592311400222,5.174488567990373,-9.566160255699675,30.751777952608077,22.603406670192367,07704,Fair Haven,Monmouth County,NJ,1601958.0,0.16826159602653093,0.76810549472013,0.5290482398872101,,-0.032102558719695695,0.37776451620055784,0.10212224603317566,0.08624814482822556,2026-07-31
790,26.452750990514005,5.054151624548736,-9.566160255699675,27.984866604389307,24.920635376638707,07041,Millburn,Essex County,NJ,1330636.0,0.1866387659460255,0.5825360555318628,0.5248007938235588,0.039980883418413986,-0.008180773049239365,0.3605152998972083,0.17749985954539405,0.03570970089338514,2026-07-31
791,26.34622818692197,4.9338146811071,-9.566160255699675,29.688554398869776,23.003901974974166,10506,Bedford,Westchester County,NY,1686023.0,0.06618841952012958,0.819251563638165,0.3312635559411756,,0.019043510198339275,0.36036987133603715,-0.12211260523010914,0.03228427490509071,2026-07-31
792,26.0930281891055,4.813477737665464,-9.566160255699675,27.211288058276693,24.974768319934306,07450,Ridgewood,Bergen County,NJ,1272299.0,0.1409473287015647,0.5377043893550688,0.30391234060213,0.03790383347070692,-0.0795907348293643,0.3099500302347208,-0.11058716515188927,0.039007747046449645,2026-07-31
793,26.05894453353845,4.693140794223827,-9.566160255699675,29.7695593141019,22.348329752975005,07090,Westfield,Union County,NJ,1328987.0,0.11799760752131441,0.5812962286140344,0.6084802792080168,0.0303722873520095,-0.1468918168425486,0.2901287165294635,0.07622094109493993,-0.004537762186536745,2026-07-31
794,26.009333258220188,4.57280385078219,-9.566160255699675,19.722949518502002,32.29571699793837,11211,New York,Kings County,NY,1426269.0,-0.049878070626266785,0.6519408196814762,0.21666159363517323,0.04249035348835409,0.6956510241322309,0.0730728377166967,0.0491004313604666,-0.42717122623901255,2026-07-31
795,25.624271794968887,4.452466907340553,-9.566160255699675,20.645368770270018,30.603174819667757,11217,New York,Kings County,NY,1611325.0,-0.1694397481518429,0.7739359710002098,0.22637615056113525,0.03366057548109399,0.40228347881584336,0.22936972430939084,0.07945334450916341,0.05894865474018322,2026-07-31
796,25.618148746872823,4.332129963898916,-9.566160255699675,15.209825548299719,36.02647194544593,10128,New York,New York County,NY,1242060.0,-0.31793363001612607,0.5136503043726108,0.12096853598116297,0.04159585551892615,0.23923662341614782,0.2882319251009666,-0.03813409009156388,0.009265500421362469,2026-07-31
797,25.599307436256588,4.21179302045728,-9.566160255699675,22.690322731185955,28.508292141327217,10024,New York,New York County,NY,1625816.0,-0.30486689163290814,0.782889192211238,0.22623011963644757,0.03252426048895009,0.30255987903739334,0.32975883423305985,0.0032081533798784534,0.041347801690131455,2026-07-31
798,25.531741206136722,4.0914560770156445,-9.566160255699675,20.32680941968997,30.736672992583475,10028,New York,New York County,NY,1487953.0,-0.35594861052787297,0.694280345017356,0.2208286720166619,0.03248798860863839,0.2500600458634412,0.3471698486471412,0.122358659193047,0.03901875356233679,2026-07-31
799,25.437430677430953,3.9711191335740073,-9.566160255699675,28.54681623819544,22.328045116666463,11545,Glen Head,Nassau County,NY,1615217.0,0.11118571099429744,0.7763487043341613,0.20822376364282214,,0.29070198283686,0.2117411746484129,-0.12174372568977532,-0.0063733450521714224,2026-07-31
800,25.415441752479747,3.850782190132371,-9.566160255699675,28.94020320923889,21.890680295720603,07928,Chatham,Morris County,NJ,1398136.0,0.11351373623438513,0.6320187639254389,0.25239039189427004,0.028851563611836644,-0.04480562189702764,0.3304698006392538,-0.08855136236799943,-0.031065957642542677,2026-07-31
801,25.333397282645834,3.730445246690734,-9.566160255699675,23.344016638688807,27.32277792660286,11222,New York,Kings County,NY,1534004.0,0.013640811889280263,0.7247602974152105,0.35399958479812454,0.037212113109361275,0.6118485975255588,0.1689325290201682,0.06514926520326192,0.16513188691200958,2026-07-31
802,25.1640258196302,3.6101083032490973,-9.566160255699675,8.97083515670061,41.35721648255979,10018,New York,New York County,NY,1328354.0,-0.4271043227486576,0.5808197965894308,0.03919825697549051,0.0459039731485431,0.31875775191369793,0.27584872293366935,-0.05584771340793715,-0.006637534213145904,2026-07-31
803,24.89984238084643,3.489771359807461,-11.146828754564975,28.748271261036074,21.05141350065679,07901,Summit,Union County,NJ,1421026.0,0.11089996144619577,0.6482579013806031,0.26773859651395426,0.02554845016670732,0.17822040719072052,0.22044915941827148,-0.08130203976544337,0.04844829258594201,2026-07-31
804,24.758300527829093,3.369434416365824,-11.146828754564975,24.606126835426455,24.91047422023173,10583,Scarsdale,Westchester County,NY,1615554.0,0.09189126805977246,0.7765569626087352,0.5603342289951101,0.06565343676235023,-0.023651090831090515,0.3108611721294462,-0.04827808684201784,-0.0355989649648369,2026-07-31
805,24.71667705259317,3.2490974729241873,-11.146828754564975,31.100320114877906,18.33303399030843,11765,Oyster Bay,Nassau County,NY,2797199.0,0.1303126246174994,1.3254977675856061,0.8471819610743463,,0.7640484889662076,0.2355724556449118,-0.4699449881091553,-0.17146708188669785,2026-07-31
806,24.100618557852055,3.1287605294825513,-11.146828754564975,12.786776118757814,35.414460996946296,10023,New York,New York County,NY,1457669.0,-0.3972528643207657,0.6737179365484369,0.04103281800334102,0.041561340399704355,0.32058879597004153,0.34895067649823197,-0.04417499272741843,0.09395350520856231,2026-07-31
807,23.699586518878363,3.0084235860409145,-11.146828754564975,28.056608707063795,19.34256433069293,11797,Woodbury,Nassau County,NY,1551974.0,0.11287673674628387,0.7364070341157714,0.33681532134448133,0.02712931285425261,0.19700167128596813,0.17160357216274214,-0.1776521698037694,-0.05605963902940632,2026-07-31
808,23.67821388271728,2.888086642599278,-11.146828754564975,9.526863313392859,37.8295644520417,11201,New York,Kings County,NY,1394218.0,-0.36663971976210663,0.6292125154959507,0.036883057473975356,0.0400925181577436,0.19639196708107742,0.30874453249770994,0.06115816015956277,0.14030381296245437,2026-07-31
809,23.57376431668286,2.7677496991576414,-11.146828754564975,16.401210703532687,30.74631792983303,10021,New York,New York County,NY,1510567.0,-0.4439897360860844,0.7093643579827287,0.18320248776208814,0.03236837801174701,0.3637505329040269,0.30288130423195025,0.03027914413746835,-0.03305166123385535,2026-07-31
810,23.336318077774443,2.6474127557160045,-11.146828754564975,28.5117116037959,18.160924551752988,07760,Rumson,Monmouth County,NJ,1893311.0,0.13539339444865953,0.9352061623465779,0.7153466637674821,0.01990903906092287,0.2331222329010838,0.28185758720429277,0.06373625081854684,0.02150277933700044,2026-07-31
811,23.233498611083753,2.527075812274368,-11.146828754564975,24.926449031953616,21.540548190213894,11030,Manhasset,Nassau County,NY,2318744.0,0.05147839086249775,1.1379048738831692,0.5553345367090241,0.03764968823058203,0.39972091547177757,0.35321755155914314,-0.07357159383660239,-0.06767919947656127,2026-07-31
812,23.212788960242445,2.406738868832732,-11.146828754564975,23.174379950544576,23.251197969940314,07632,Englewood Cliffs,Bergen County,NJ,1830360.0,0.06032349729034295,0.9013919467112483,1.207446899754018,,0.18191650278052118,0.2562703812838997,0.2031999863785927,-0.01359826460215148,2026-07-31
813,22.70433015741886,2.286401925391095,-11.146828754564975,24.841860191913227,20.56680012292449,10803,Pelham,Westchester County,NY,1458307.0,0.1890028714544684,0.6741554659506583,0.7757918004029403,0.035449318468756874,0.023807328047221743,0.2625399233965483,0.08326257020748429,0.022292295147132088,2026-07-31
814,22.484061252792422,2.166064981949458,-11.146828754564975,27.95971670564123,17.008405799943617,07620,Alpine,Bergen County,NJ,3192136.0,0.12418669759469161,1.4575694069685685,1.2006812780839073,,0.6696646811077958,0.27321336618242376,0.4030681722014684,-0.05933051581217415,2026-07-31
815,22.313716484553673,2.0457280385078223,-11.146828754564975,25.048998899066444,19.578434070040903,10528,Harrison,Westchester County,NY,1496329.0,0.12346164887557123,0.6998936893876824,0.1978259783787042,0.036615394072284604,0.38150029463732227,0.11372536279166845,0.08607098109014011,0.050632183777853876,2026-07-31
816,21.882478866893706,1.9253910950661854,-11.146828754564975,19.30355345049844,24.461404283288974,10013,New York,New York County,NY,3742256.0,-0.17414457134416814,1.6165677877666251,0.910923153099116,0.020932393931611854,1.255464222632862,0.24050660522783995,0.12209755895143992,0.06457999779079442,2026-07-31
817,21.7545075249813,1.8050541516245486,-11.146828754564975,11.167448163707151,32.34156688625545,10069,New York,New York County,NY,1942774.0,-0.1462581208832777,0.9609959348040338,0.5100465333088522,0.038799698437235276,0.22848845054900369,0.43816308413495986,0.3359954899544455,-0.2127977178991995,2026-07-31
818,21.23358306209169,1.684717208182912,-11.146828754564975,9.520304519888564,32.94686160429482,11249,New York,Kings County,NY,1553651.0,-0.16614960302331702,0.7374866022993878,0.22125182047065195,0.04319992802476033,0.6461770705071455,0.10839749144090793,,,2026-07-31
819,20.791319346389685,1.5643802647412757,-11.146828754564975,26.6260987095979,14.956539983181472,11568,Old Westbury,Nassau County,NY,3079808.0,0.18072074078295622,1.4217464735265555,0.9806980154959515,,0.6215384200867298,0.2976387657059375,-0.07686485291237233,-0.15012531765853127,2026-07-31
820,20.661750767771224,1.444043321299639,-11.146828754564975,14.317775555950806,27.005725979591645,10065,New York,New York County,NY,1721303.0,-0.2877660094937774,0.8399605462513833,0.3758008123410779,0.033026310742896095,0.5156590867803181,0.3743287364559055,-0.1858154623015924,0.019083826042928728,2026-07-31
821,20.339953817500067,1.3237063778580023,-11.146828754564975,21.90620489152045,18.773702743479685,10538,Larchmont,Westchester County,NY,1787056.0,0.12517918258400798,0.8774485667955396,0.6119156016801401,0.045797860150270216,0.26131640107751575,0.33473353959687024,-0.1767166075242237,0.13336844193912284,2026-07-31
822,20.18447352152721,1.203369434416366,-11.146828754564975,22.92600341967141,17.442943623383012,07417,Franklin Lakes,Bergen County,NJ,1649638.0,0.1604207512103585,0.7974348993990876,0.7305367286317601,0.028333490482064228,0.05476250590946452,0.28267880218428654,0.08080496686426208,-0.06297547678698452,2026-07-31
823,19.4270760627042,1.083032490974729,-12.962213104999865,14.91181431365243,23.942337811755966,10012,New York,New York County,NY,2914364.0,-0.2524516814436698,1.3665305700110544,0.5494297663846748,0.02221205899656143,1.1670330851386577,0.35925496418595004,0.021733058019805185,-0.008935618163066386,2026-07-31
824,19.425766215240248,0.9626955475330927,-12.962213104999865,20.931124662268775,17.92040776821172,11576,Roslyn,Nassau County,NY,1767125.0,0.156127718811835,0.8662332464755309,0.2653017354206515,0.03730465295576542,0.21105496507796206,0.3046602957603286,-0.05985056381333109,-0.0985661902744412,2026-07-31
825,18.93146725371993,0.842358604091456,-12.962213104999865,8.998397684245122,28.86453682319474,10001,New York,New York County,NY,1731977.0,-0.35516084418392924,0.8461423339813425,0.3656795196550906,0.03955097179043612,0.7010038580182509,0.23566354449163285,0.10433154568254643,0.18791867932258582,2026-07-31
826,17.98349391266152,0.7220216606498195,-12.962213104999865,18.370435347097402,17.596552478225636,10580,Rye,Westchester County,NY,2360370.0,0.10188932486075189,1.1556975719500393,0.630311804676353,0.04117291929483763,0.3554895185102136,0.3111111121721615,0.016397483498353793,0.018944462932118974,2026-07-31
827,17.82405164254893,0.601684717208183,-12.962213104999865,5.045737880951978,30.602365404145885,10014,New York,New York County,NY,1869785.0,-0.4233641882122715,0.9227025114403595,0.030771072737207916,0.039949754665530246,0.4712335773550087,0.36424306030012876,0.04743061676208882,-0.013212086358283151,2026-07-31
828,17.108289219371454,0.48134777376654636,-12.962213104999865,3.4279164961426347,30.78866194260027,10011,New York,New York County,NY,1661716.0,-0.46514663363514297,0.8047298048989067,0.0750705292380367,0.04347938287024082,0.542469092665274,0.30591259736562615,-0.17689139639019835,-0.006046128371534912,2026-07-31
829,15.472988107516784,0.36101083032490977,-12.962213104999865,21.007930202070416,9.938046012963152,07078,Short Hills,Essex County,NJ,2412277.0,0.1623208143260463,1.1774502539571028,0.9902153582726836,0.03579467115202094,0.3772422005172771,0.43664187642548813,-0.23118621328872813,0.04337856753828566,2026-07-31
830,14.595775609122043,0.24067388688327318,-15.59783755628058,6.6630171145536075,22.52853410369048,10282,New York,New York County,NY,2207793.0,0.10067841129754598,1.0888726250424359,0.3834425884634367,0.04193870738031331,0.28866457160261016,0.3459209197185986,-0.23118621328872813,-0.006478936098148494,2026-07-31
831,13.437176247456804,0.12033694344163659,-15.59783755628058,4.317559320949163,22.556793173964447,10007,New York,New York County,NY,3181544.0,-0.12605091080673034,1.4542456973732598,0.7386907808187626,0.03336981083447078,0.6540376439334341,0.3423580545220217,-0.12164855774615546,0.08904536777343201,2026-07-31
