rank,score,nyc_percentile,hist_relative_pct,pred_gbm,pred_ridge,zip,city,county,state,zhvi,mom_5y_rel,log_price_rel_metro,nbr_log_price_gap,rent_yield,price_to_income_rel,bachelors_share_rel,d5_log_income_rel,d5_log_housing_units_rel,zillow_1y_forecast_pct,origin
1,72.83771592773036,100.0,1.7657405710357121,74.76083951800584,70.91459233745489,10803,Pelham,Westchester County,NY,1458307.0,0.1890028714544684,0.6741554659506583,0.7757918004029403,0.035449318468756874,0.023807328047221743,0.2625399233965483,0.08326257020748429,0.022292295147132088,3.7,2026-07-31
2,72.37105439097655,99.87966305655837,1.7657405710357121,75.20025054274117,69.54185823921193,07711,Allenhurst,Monmouth County,NJ,2551963.0,0.3538470047321528,1.2337419486670047,0.8069844585099908,0.013871674510593861,1.2328992890664316,0.23427244684785975,-0.379025938189951,0.017339665087811526,3.6,2026-07-31
3,72.09403750362932,99.75932611311673,1.7657405710357121,77.57205291686141,66.61602209039724,07901,Summit,Union County,NJ,1421026.0,0.11089996144619577,0.6482579013806031,0.26773859651395426,0.02554845016670732,0.17822040719072052,0.22044915941827148,-0.08130203976544337,0.04844829258594201,3.3,2026-07-31
4,71.68407299993325,99.63898916967509,1.7657405710357121,76.83749882615524,66.53064717371124,07090,Westfield,Union County,NJ,1328987.0,0.11799760752131441,0.5812962286140344,0.6084802792080168,0.0303722873520095,-0.1468918168425486,0.2901287165294635,0.07622094109493993,-0.004537762186536745,2.9,2026-07-31
5,70.65034688971458,99.51865222623346,1.7657405710357121,76.91434807903404,64.38634570039513,07760,Rumson,Monmouth County,NJ,1893311.0,0.13539339444865953,0.9352061623465779,0.7153466637674821,0.01990903906092287,0.2331222329010838,0.28185758720429277,0.06373625081854684,0.02150277933700044,3.5,2026-07-31
6,70.53775168216049,99.39831528279181,1.7657405710357121,74.00524520098726,67.07025816333373,07928,Chatham,Morris County,NJ,1398136.0,0.11351373623438513,0.6320187639254389,0.25239039189427004,0.028851563611836644,-0.04480562189702764,0.3304698006392538,-0.08855136236799943,-0.031065957642542677,3.3,2026-07-31
7,70.48864575378516,99.27797833935018,1.7657405710357121,78.88683111981656,62.09046038775378,08735,Lavallette,Ocean County,NJ,1222858.0,0.13471197252348902,0.49806977670815655,0.5887809729355826,0.01962615544592447,0.8758589386273179,0.033288810008428094,-0.2351925198200373,-0.0046985506586183085,3.0,2026-07-31
8,69.95774319854274,99.15764139590854,1.3169027130496058,74.02000139653057,65.89548500055493,07974,New Providence,Union County,NJ,1022120.0,0.0965889520553688,0.3187577248299931,-0.021978037173138176,0.03276980728533838,-0.11266410070273314,0.22530544077174885,-0.11970435302018068,0.19874848352310998,2.9,2026-07-31
9,69.75147365552539,99.03730445246691,1.3169027130496058,69.63963086807097,69.86331644297981,08736,Manasquan,Monmouth County,NJ,1234188.0,0.14103542286771323,0.5072925060643438,0.11291276684846885,0.03359833358630678,0.0689367553292477,0.19881263187456222,0.08121240505800564,-0.05928252070011704,3.3,2026-07-31
10,69.71782686896105,98.91696750902527,1.3169027130496058,66.57885464370409,72.85679909421803,07719,Wall,Monmouth County,NJ,838165.0,0.07745897014784334,0.12033911009273801,-0.36425012268282053,0.04442446571126978,0.05553859326329191,0.03756632287519812,-0.05420139385019418,0.004438483439021021,2.7,2026-07-31
11,69.67757727931361,98.79663056558363,1.3169027130496058,74.11667835452602,65.2384762041012,10580,Rye,Westchester County,NY,2360370.0,0.10188932486075189,1.1556975719500393,0.630311804676353,0.04117291929483763,0.3554895185102136,0.3111111121721615,0.016397483498353793,0.018944462932118974,3.8,2026-07-31
12,69.33000780908586,98.676293622142,1.3169027130496058,69.80605077539515,68.85396484277658,07040,Maplewood,Essex County,NJ,976566.0,0.10400675139355578,0.273166092843649,0.3570503255626143,0.03424107362631306,-0.1617546421288456,0.23619242729429013,-0.008546857613103143,0.05242614242970793,2.7,2026-07-31
13,68.76750988543463,98.55595667870037,1.3169027130496058,67.62085917940777,69.9141605914615,07446,Ramsey,Bergen County,NJ,898748.0,0.06435837916051704,0.19012694239286,-0.1433530910030001,0.028038992666489307,-0.1699957131480503,0.1791874604687016,-0.1444819678509237,-0.09463012707672087,2.8,2026-07-31
14,68.75738098910796,98.43561973525873,1.3169027130496058,65.76194560149096,71.75281637672497,07456,Ringwood,Passaic County,NJ,618351.0,0.06986333345892284,-0.18381935419505524,0.05269707665482848,,-0.4891629923310472,0.034621238428602874,-0.011757524287189014,-0.03388418402638545,2.6,2026-07-31
15,68.34961766413309,98.31528279181708,1.3169027130496058,71.32398539826,65.37524993000618,11219,New York,Kings County,NY,1285891.0,-0.028553222903041936,0.5483313158107777,0.2606240546605125,0.025454714244309905,1.203180236696119,-0.28718448150873543,0.1294114154664321,0.023378094949411385,2.9,2026-07-31
16,67.80766885986247,98.19494584837545,1.3169027130496058,69.48473931486974,66.1305984048552,11050,Port Washington,Nassau County,NY,1342500.0,0.01723592441544,0.5914123692642885,0.0561867910035847,0.03781230043447973,0.27425665858300685,0.1966760313260203,-0.08973245317569045,0.006618590114380304,2.4,2026-07-31
17,67.40929088274117,98.07460890493381,1.3169027130496058,68.51946498184279,66.29911678363958,10538,Larchmont,Westchester County,NY,1787056.0,0.12517918258400798,0.8774485667955396,0.6119156016801401,0.045797860150270216,0.26131640107751575,0.33473353959687024,-0.1767166075242237,0.13336844193912284,3.7,2026-07-31
18,67.13313729805496,97.95427196149218,1.3169027130496058,61.22026148703774,73.04601310907219,11790,Stony Brook,Suffolk County,NY,797463.0,0.03930900575602295,0.07055951751854828,0.05738027644825294,,-0.35062465003507737,0.20818008248455466,0.039062004498465086,-0.029626960580580522,2.6,2026-07-31
19,67.06290471188643,97.83393501805054,1.3169027130496058,70.64828649721339,63.47752292655946,08752,Seaside Park,Ocean County,NJ,889041.0,0.08942514487570499,0.17926742040475752,0.3410198575850707,,0.5342460071134354,0.04105584252934269,-0.13875062803443683,0.03148544704359173,2.9,2026-07-31
20,66.99971728223176,97.71359807460891,1.3169027130496058,68.90923854934434,65.09019601511919,11530,Garden City,Nassau County,NY,1339544.0,0.07237741062370198,0.5892080494834122,0.4459849108086349,0.053637671492501586,-0.11950771143574745,0.21796091031943143,0.07470934379828087,-0.014929300807324089,2.5,2026-07-31
21,66.96192770678964,97.59326113116727,1.3169027130496058,63.79303658498737,70.13081882859191,11735,Farmingdale,Nassau County,NY,748365.0,0.020172024822988993,0.007015014967024058,0.011553897452877493,0.04727637779043698,-0.2093840362288344,-0.023156342839049326,0.0072810795609559165,-0.1092694554525246,2.3,2026-07-31
22,66.7676038283209,97.47292418772562,1.3169027130496058,70.29203012852008,63.24317752812172,07041,Millburn,Essex County,NJ,1330636.0,0.1866387659460255,0.5825360555318628,0.5248007938235588,0.039980883418413986,-0.008180773049239365,0.3605152998972083,0.17749985954539405,0.03570970089338514,3.1,2026-07-31
23,66.67758557024202,97.352587244284,1.3169027130496058,60.44551484647227,72.90965629401175,07463,Waldwick,Bergen County,NJ,767325.0,0.0651059547576324,0.032034107898025965,-0.3831267580517448,,-0.42827907204280113,0.10447727077583246,0.1236473369585731,-0.0595949366721535,2.7,2026-07-31
24,66.64550680614403,97.23225030084237,1.3169027130496058,67.65999689442405,65.63101671786401,10510,Briarcliff Manor,Westchester County,NY,1178572.0,0.11190702828593438,0.461182617764587,0.2742042107557392,,-0.21468648301829352,0.2227941036283081,0.0018340092899222782,-0.037365587900257416,3.6,2026-07-31
25,66.56679558289613,97.11191335740072,1.3169027130496058,64.96405951928168,68.16953164651059,07436,Oakland,Bergen County,NJ,780373.0,0.02366107674120635,0.04889607599393386,0.09296092643319298,,-0.3172643664537287,0.07746970074307324,0.01742064006008981,0.0002205394131052224,2.6,2026-07-31
26,66.45479129048883,96.9915764139591,1.3169027130496058,68.60372421932749,64.30585836165017,10514,Chappaqua,Westchester County,NY,1555980.0,0.1293200640315785,0.7389847200518904,0.46025268049294255,,-0.061223333387935286,0.35368307276164423,-0.23118621328872813,-0.0683137696198572,3.7,2026-07-31
27,66.44423114899519,96.87123947051745,1.3169027130496058,64.66870447412339,68.21975782386697,07755,Oakhurst,Monmouth County,NJ,1092807.0,0.19184866228417655,0.3856289610387158,-0.03027337129728025,0.03980573755512614,0.20652681332386957,-0.0005614758452039958,0.02987175413630183,-0.07204003185284842,3.5,2026-07-31
28,66.28932644674079,96.75090252707581,1.3169027130496058,61.450052303863465,71.1286005896181,10549,Mount Kisco,Westchester County,NY,966386.0,0.09014956304897695,0.26268688590696776,-0.11377186026339103,0.03346489747043763,0.0861935066193229,0.16100643257130653,-0.01822107945415752,0.05907396173381611,3.1,2026-07-31
29,66.1888418895404,96.63056558363418,1.3169027130496058,70.6810223377435,61.6966614413373,07417,Franklin Lakes,Bergen County,NJ,1649638.0,0.1604207512103585,0.7974348993990876,0.7305367286317601,0.028333490482064228,0.05476250590946452,0.28267880218428654,0.08080496686426208,-0.06297547678698452,3.4,2026-07-31
30,66.00642752112367,96.51022864019254,1.3169027130496058,66.71404404522349,65.29881099702385,07450,Ridgewood,Bergen County,NJ,1272299.0,0.1409473287015647,0.5377043893550688,0.30391234060213,0.03790383347070692,-0.0795907348293643,0.3099500302347208,-0.11058716515188927,0.039007747046449645,3.2,2026-07-31
31,65.94886622847528,96.38989169675091,1.3169027130496058,69.82887811990348,62.068854337047085,10583,Scarsdale,Westchester County,NY,1615554.0,0.09189126805977246,0.7765569626087352,0.5603342289951101,0.06565343676235023,-0.023651090831090515,0.3108611721294462,-0.04827808684201784,-0.0355989649648369,3.8,2026-07-31
32,65.79281905791022,96.26955475330927,1.3169027130496058,70.32521083724882,61.260427278571626,07704,Fair Haven,Monmouth County,NJ,1601958.0,0.16826159602653093,0.76810549472013,0.5290482398872101,,-0.032102558719695695,0.37776451620055784,0.10212224603317566,0.08624814482822556,3.8,2026-07-31
33,65.60874495987105,96.14921780986762,1.3169027130496058,63.38650154202732,67.83098837771479,10522,Dobbs Ferry,Westchester County,NY,1033034.0,0.05306285158115501,0.3293787589490158,0.14356753454853788,0.048971303658197705,-0.05783393508117496,0.20436856133380288,-0.08878684661349823,0.0637953626118473,2.9,2026-07-31
34,65.53580133247416,96.028880866426,1.3169027130496058,60.453500395034176,70.61810226991416,11554,East Meadow,Nassau County,NY,821945.0,0.045474323242489595,0.10079668216190285,0.0643895995681234,0.03941871979450957,-0.07556981204240576,-0.0048058120917657265,-0.0008530144664753436,-0.07938915939396347,2.3,2026-07-31
35,65.2212811872549,95.90854392298436,1.3169027130496058,69.41879354035436,61.023768834155454,11559,Lawrence,Nassau County,NY,2238703.0,0.24666243557105041,1.102775778618577,0.8577549984443689,,0.8623775311584605,0.11650725683570384,0.15172482683423993,-0.03766205862795653,2.7,2026-07-31
36,65.22028002317644,95.78820697954272,1.3169027130496058,62.277067879506355,68.16349216684652,10562,Ossining,Westchester County,NY,684593.0,0.05352083504376495,-0.08205117623747249,-0.3337036206156867,0.05903128964655795,-0.11176901655946492,-0.05643616288015202,0.11365478143056862,-0.04540698346372958,2.9,2026-07-31
37,65.01143596380163,95.66787003610109,1.3169027130496058,65.99805137038413,64.02482055721913,08732,Island Heights,Ocean County,NJ,661314.0,0.11460265824789176,-0.1166480936813592,0.14836428610839114,,-0.09587159505935472,0.04786198346267956,-0.106024888514888,0.029478846158923752,2.4,2026-07-31
38,64.64360153764443,95.54753309265945,0.8839399587082353,70.97014194818576,58.317061127103095,11030,Manhasset,Nassau County,NY,2318744.0,0.05147839086249775,1.1379048738831692,0.5553345367090241,0.03764968823058203,0.39972091547177757,0.35321755155914314,-0.07357159383660239,-0.06767919947656127,2.7,2026-07-31
39,64.58844861169655,95.4271961492178,0.8839399587082353,58.55894479856991,70.61795242482319,11784,Selden,Suffolk County,NY,608331.0,0.09047642861355279,-0.2001577318967822,-0.08201453220801369,,-0.126833563971114,-0.1985838069012743,-0.11639049988823658,0.04219070429342002,2.9,2026-07-31
40,64.52887054379342,95.30685920577618,0.8839399587082353,67.67701252765686,61.38072855992998,10706,Hastings on Hudson,Westchester County,NY,1169338.0,0.13082944591233706,0.4533171946557566,0.15837397865568192,0.03258252729030401,-0.07682464096369235,0.2514570580395864,0.060870487036435605,0.05625052995204731,3.2,2026-07-31
41,64.4958449688088,95.18652226233453,0.8839399587082353,61.02732865896947,67.96436127864813,07642,Hillsdale,Bergen County,NJ,877598.0,0.0844881847790461,0.166312817980522,-0.17919833256963535,,-0.3418690918503142,0.142580225758689,0.013906486683241681,-0.00860572096279251,2.9,2026-07-31
42,64.46803741651267,95.0661853188929,0.8839399587082353,64.05734015641265,64.8787346766127,07452,Glen Rock,Bergen County,NJ,1116906.0,0.12694675028986283,0.4074416692203737,0.36478717312285447,,-0.24238590646412317,0.2405430677533792,-0.09121039004439879,-0.08479135699870506,2.8,2026-07-31
43,64.44242604965109,94.94584837545126,0.8839399587082353,60.4680518808236,68.41680021847858,10573,Port Chester,Westchester County,NY,907577.0,0.05151314841309898,0.19990192804474027,-0.5462786256143666,0.04431397549416752,0.2606863586864143,-0.026711256794237637,-0.047789196196397654,0.08275110981440852,3.0,2026-07-31
44,64.32427594988977,94.82551143200962,0.8839399587082353,66.86618573691989,61.78236616285966,10506,Bedford,Westchester County,NY,1686023.0,0.06618841952012958,0.819251563638165,0.3312635559411756,,0.019043510198339275,0.36036987133603715,-0.12211260523010914,0.03228427490509071,3.9,2026-07-31
45,64.11085966332524,94.70517448856799,0.8839399587082353,61.82291013019553,66.39880919645495,08742,Point Pleasant,Ocean County,NJ,885209.0,0.14452747078117625,0.1749476403712027,-0.26499091426198973,0.04417977111153211,0.08278513999366122,0.04103384745530225,-0.016073534463455275,-0.0007774296720374912,2.9,2026-07-31
46,64.06394950521566,94.58483754512635,0.8839399587082353,65.4096786855051,62.71822032492622,07481,Wyckoff,Bergen County,NJ,1180972.0,0.08410705797100562,0.46321683512895895,0.18706552081899552,,-0.13358746904125351,0.21595762321486034,0.05163810966577742,0.00213481348946791,3.1,2026-07-31
47,63.951402126091295,94.46450060168472,0.8839399587082353,59.67211877759241,68.23068547459017,07748,Middletown,Monmouth County,NJ,801122.0,0.07718173890714511,0.07513761963738297,0.019540910820744273,0.04868169618162648,-0.23391924662274843,0.032083626211431016,-0.0007044374808273801,0.01701693208449155,2.8,2026-07-31
48,63.85744033364787,94.34416365824309,0.8839399587082353,67.78300548010306,59.93187518719269,07720,Bradley Beach,Monmouth County,NJ,1139087.0,0.10763512046053095,0.4271062267408663,-0.21915059350172328,0.023615402427584798,0.5736005675886211,0.15724712119266981,0.18085684524998236,-0.020390817020197807,3.4,2026-07-31
49,63.778123626056384,94.22382671480143,0.8839399587082353,63.40169523192585,64.15455202018693,11782,Sayville,Suffolk County,NY,777743.0,-0.017696002705319097,0.045519781339711685,0.06846700305958464,,-0.22821695235216777,0.07158958332917986,0.0025483983719620795,-0.03002063536412765,3.0,2026-07-31
50,63.763806683267724,94.1034897713598,0.8839399587082353,66.62980688759103,60.89780647894442,10533,Irvington,Westchester County,NY,1321738.0,0.04430330010833608,0.5758269977956267,0.38034763451488907,0.03438652963620454,0.13781019603471978,0.2677569227004458,-0.1399358583183865,-0.028340231934517582,3.0,2026-07-31
51,63.57618615596208,93.98315282791818,0.8839399587082353,70.35594962622767,56.79642268569648,07723,Deal,Monmouth County,NJ,4524126.0,0.2918855243384296,1.8063035152395877,1.436802181739834,,1.4523865644201812,-0.1546110835161052,0.6616169000014924,-0.024239992572143,3.7,2026-07-31
52,63.53644516341399,93.86281588447653,0.8839399587082353,64.48562675410986,62.58726357271812,10536,Katonah,Westchester County,NY,1153134.0,0.05403882830096443,0.43936234195404644,0.26000890878449745,,-0.36084571148577926,0.2816932946274915,0.07880000265002174,-0.05575208516963644,3.6,2026-07-31
53,63.476542547785385,93.7424789410349,0.8839399587082353,63.308905211731705,63.64417988383907,11717,Brentwood,Suffolk County,NY,628519.0,0.021022531523952642,-0.1675093949808364,-0.09830730742408278,,,,,,2.6,2026-07-31
54,63.35873712039451,93.62214199759326,0.8839399587082353,59.61546953030297,67.10200471048606,11741,Holbrook,Suffolk County,NY,678810.0,0.0384369885532351,-0.09053531983605367,-0.03381905613633407,0.05030025092966445,-0.3414916507205892,-0.14375160700660444,0.0661441836108363,-0.05584748631972376,3.0,2026-07-31
55,63.19889928483248,93.50180505415162,0.8839399587082353,64.52935075368325,61.86844781598171,10577,Purchase,Westchester County,NY,2302543.0,0.14230168224464315,1.13089314009388,0.6832497418376917,,0.33068508665405427,0.2353571223633102,0.1893092267880796,-0.10103985022466118,3.4,2026-07-31
56,63.19679216055745,93.38146811070999,0.8839399587082353,61.20908066328057,65.18450365783434,07013,Clifton,Passaic County,NJ,638113.0,0.06878997757062102,-0.15236038845716315,-0.026836396598948653,0.049285920702039986,-0.18704439840295106,-0.07709600543420692,-0.00041948282088632993,0.1193438619516967,1.6,2026-07-31
57,63.177865367259045,93.26113116726835,0.8839399587082353,64.16698483414677,62.18874590037132,07945,Mendham,Morris County,NJ,1147874.0,0.08650989719277327,0.43479061450071477,0.277972482498523,,-0.36541743893911094,0.2966501470358658,0.07887090200841129,0.11904866127734896,2.7,2026-07-31
58,63.171849645649814,93.14079422382672,0.8839399587082353,58.5855557117688,67.75814357953084,11967,Shirley,Suffolk County,NY,551177.0,0.09228023833254398,-0.2988204220679993,-0.16106927358938705,,-0.29263692574889544,-0.29043622418368925,0.01851941201380214,-0.026870702325669973,2.6,2026-07-31
59,63.10059389132543,93.02045728038509,0.8839399587082353,62.83232221693268,63.36886556571818,07656,Park Ridge,Bergen County,NJ,872587.0,0.034989583852869904,0.1605863716304068,-0.12354765480531427,0.0431739096878942,-0.2599898967222398,0.08379210065185028,-0.015758579984101573,-0.047614455478157416,2.6,2026-07-31
60,62.98004192875557,92.90012033694343,0.8839399587082353,66.15646152070312,59.803622336808026,07627,Demarest,Bergen County,NJ,1577112.0,0.21890370839539522,0.752474226260917,0.3800539242861767,,0.13601994902702397,0.26848305566345954,0.06633083202178547,-0.03049371156111809,3.3,2026-07-31
61,62.95999087275328,92.7797833935018,0.8839399587082353,65.39536442022083,60.524617325285725,07423,Ho Ho Kus,Bergen County,NJ,1376648.0,0.11832536506752903,0.616530573498471,0.2924638128998325,,-0.18367747994135475,0.3349856874662208,-0.08904244613560586,-0.07476381290826213,3.5,2026-07-31
62,62.957254472497254,92.65944645006017,0.8839399587082353,56.380218764941695,69.53429018005282,07701,Red Bank,Monmouth County,NJ,732744.0,0.09965025250364548,-0.01407979525246894,-0.29056064433459916,0.053703651285164196,-0.012597773449683602,0.02551173339074564,-0.0287007108880033,0.012271837728759658,3.1,2026-07-31
63,62.800833156701096,92.53910950661853,0.8839399587082353,61.80714600304462,63.79452031035757,07764,West Long Branch,Monmouth County,NJ,1010883.0,0.15362441121311257,0.30770378514830377,-0.19423364485487404,,0.290387829239102,-0.04036507506436865,-0.18463077579933795,0.07082052912870145,3.0,2026-07-31
64,62.798799683886074,92.4187725631769,0.8839399587082353,60.5088730461147,65.08872632165745,10502,Ardsley,Westchester County,NY,1088740.0,0.0005787114368466517,0.38190060252000535,0.12734213804877825,,-0.41830745091982036,0.2804834466291448,0.17111790866827903,-0.007477640387405685,3.2,2026-07-31
65,62.78526240439882,92.29843561973526,0.8839399587082353,64.08311733914067,61.48740746965697,07940,Madison,Morris County,NJ,1079886.0,0.0718395002536493,0.37373492927738816,0.0009677633245033235,0.038727839246303554,-0.05661051349159085,0.25088076159159844,-0.06742811190076914,-0.02693372035763071,2.8,2026-07-31
66,62.71626657437593,92.17809867629362,0.8839399587082353,63.649844577879165,61.78268857087269,07043,Montclair,Essex County,NJ,1427857.0,0.18301672882764955,0.6530534788264468,0.6654603966904808,,-0.14715457461337889,0.34779914597335815,-0.03631022832431441,0.03977011716541794,3.1,2026-07-31
67,62.64799620710168,92.05776173285199,0.8839399587082353,57.13905380589486,68.1569386083085,10543,Mamaroneck,Westchester County,NY,1100042.0,0.048769342833955426,0.39222784196808114,-0.08068520430678383,0.04261407030362335,0.2738987400423205,0.08998640198507257,-0.03841129209571292,0.007794372331862129,3.4,2026-07-31
68,62.63224796182543,91.93742478941034,0.8839399587082353,59.64617035415297,65.61832556949788,10470,New York,Bronx County,NY,669136.0,-0.0911893603849677,-0.10488839302510478,0.28495194038920246,,0.11604782052073292,-0.08699720105150249,0.1539093977783974,0.05092900905907198,3.1,2026-07-31
69,62.581492176748995,91.81708784596871,0.8839399587082353,65.5795328526987,59.58345150079929,10282,New York,New York County,NY,2207793.0,0.10067841129754598,1.0888726250424359,0.3834425884634367,0.04193870738031331,0.28866457160261016,0.3459209197185986,-0.23118621328872813,-0.006478936098148494,2.5,2026-07-31
70,62.580431098307514,91.69675090252709,0.8839399587082353,60.177574165033576,64.98328803158145,07756,Neptune Township,Monmouth County,NJ,931703.0,0.05667752499835679,0.2261380018105399,-0.3455067913270984,0.03303627536191356,0.45555016554899086,0.20249881069431774,0.11604865901758998,-0.11250034005258121,2.1,2026-07-31
71,62.57826329887891,91.57641395908543,0.8839399587082353,60.835554852724904,64.3209717450329,08734,Lanoka Harbor,Ocean County,NJ,576777.0,0.12016099229014046,-0.25341996235743736,-0.012767482458849955,,-0.2857532890493826,-0.16700136473309624,0.04656828946569824,-0.23477045192453055,2.6,2026-07-31
72,62.50331960484955,91.4560770156438,0.8839399587082353,62.32889040631437,62.67774880338474,07649,Oradell,Bergen County,NJ,1028168.0,0.07087001278922714,0.32465803863618703,0.17787368039436835,,-0.3537037516274293,0.22762336988373522,0.2829220687552869,-0.04223120959465172,2.8,2026-07-31
73,62.48147237166345,91.33574007220217,0.8839399587082353,58.84616637607047,66.11677836725643,07508,North Haledon,Passaic County,NJ,649150.0,0.07796739064915528,-0.13521166256517425,-0.036965368835545576,0.04618590233460847,0.023719888353471275,-0.16496279133327274,-0.04391327072949913,0.05090821298256136,2.6,2026-07-31
74,62.41902743780092,91.21540312876053,0.8839399587082353,63.61776958489149,61.22028529071034,07079,South Orange,Essex County,NJ,1087816.0,0.11779870202495282,0.38105076349869194,0.4639794131149859,0.03284324927951919,-0.17282810893474232,0.28072433401550667,0.11289870880571229,0.06982871600696532,2.5,2026-07-31
75,62.320787341818715,91.0950661853189,0.8839399587082353,61.017178494810445,63.62439618882698,10524,Garrison,Putnam County,NY,782078.0,0.0716381023298446,0.05107807870756531,0.3227522252192454,,-0.21298254298998143,0.1045889397193327,-0.0661986787079556,0.053017159567998726,3.2,2026-07-31
76,62.3011430612617,90.97472924187726,0.8839399587082353,58.04149740602248,66.56078871650092,08740,Ocean Gate,Ocean County,NJ,452864.0,0.13752500250998914,-0.4952837020321663,-0.3194348462944081,,-0.013870476530456033,-0.15591392301320917,-0.04183973681784359,-0.06017404180061421,2.3,2026-07-31
77,62.14839400761858,90.85439229843561,0.8839399587082353,58.50984927985585,65.78693873538131,11749,Islandia,Suffolk County,NY,644226.0,0.19824981075108142,-0.1428260124255516,-0.0892793689509066,,-0.1778539811684674,-0.16522996425768416,-0.013450878777588215,0.08749377708201349,2.8,2026-07-31
78,62.13220919375998,90.73405535499398,0.8839399587082353,65.25139501268853,59.01302337483142,11204,New York,Kings County,NY,1272714.0,-0.003870367355813892,0.5380309921285953,0.2701548966078935,0.02363190651061467,1.0182633079046581,-0.19044756931305218,0.037793242533640026,0.03389046278738332,2.6,2026-07-31
79,62.00795269405668,90.61371841155234,0.8839399587082353,61.49606771554592,62.519837672567434,11770,Mastic Beach,Suffolk County,NY,1422535.0,0.14247479171958624,0.6493199026642138,0.6312293215727589,,0.5537608774161746,-0.34780614294281226,,0.00041260911632816366,1.8,2026-07-31
80,61.9847202463033,90.49338146811071,0.8839399587082353,62.45281174509459,61.516628747511994,11510,Baldwin,Nassau County,NY,737186.0,0.01880060651003604,-0.008035851047106135,-0.051834398412553995,,-0.27937929024190145,-0.04221116493759475,0.009359560497182784,-0.008858488791643374,2.3,2026-07-31
81,61.75924594183748,90.37304452466908,0.8839399587082353,61.56377138037582,61.95472050329914,11725,Commack,Suffolk County,NY,818651.0,0.028011453600289477,0.0967821440168457,0.11846414885510725,,-0.30759619275022243,0.1009000390668211,-0.002591985618565218,-0.10240767630337518,2.3,2026-07-31
82,61.746051885785306,90.25270758122743,0.8839399587082353,59.65227201905535,63.83983175251525,11754,Kings Park,Suffolk County,NY,764968.0,0.050979023154442166,0.028958037429321237,-0.09523924113835847,,-0.06515948192455778,0.015081181776573582,-0.03793745615793398,-0.06693031244736299,2.4,2026-07-31
83,61.682979144661644,90.1323706377858,0.8839399587082353,59.72963201227517,63.63632627704813,07946,Millington,Morris County,NJ,917473.0,0.02367622589327603,0.2107467570495647,-0.14323947452121466,,-0.40835259893059583,0.18774047006858952,-0.016066971214163672,-0.18695728194758549,2.6,2026-07-31
84,61.659594132936476,90.01203369434417,0.8839399587082353,62.99509425977382,60.32409400609913,11507,Albertson,Nassau County,NY,1096759.0,0.02806485355200508,0.3892384635418846,-0.24583576467217227,,0.010458182997788112,0.16200846992523577,-0.02393132431996925,-0.06983205051349702,2.2,2026-07-31
85,61.63424536792755,89.89169675090253,0.8839399587082353,58.31418617884564,64.95430455700945,11762,Massapequa Park,Nassau County,NY,823092.0,0.022396106875302385,0.10219138632513314,0.125631538128939,,-0.3101359720406969,0.029576235158128683,0.016374010645229475,-0.0441891743692044,2.3,2026-07-31
86,61.62590432381715,89.7713598074609,0.8839399587082353,61.047203460029884,62.20460518760442,10560,North Salem,Westchester County,NY,857682.0,0.0398474622022075,0.14335679603540896,0.020285853704708146,,-0.402759845105485,0.17609807783640852,0.15109254566580432,-0.055718867474228786,3.0,2026-07-31
87,61.62019196501798,89.65102286401925,0.8839399587082353,56.988098080747086,66.25228584928887,07057,Wallington,Bergen County,NJ,695631.0,0.033995097067450436,-0.06605677159967449,0.07514513576364834,0.04068248520041021,0.20245873655564028,-0.10508514824110793,-0.010302457925957853,-0.053467528765542574,2.7,2026-07-31
88,61.613655304870704,89.53068592057761,0.8839399587082353,61.42328218170905,61.80402842803237,10520,Croton-on-Hudson,Westchester County,NY,883853.0,-0.04308594884340486,0.17341459397816195,0.34539003718809447,,-0.06671056431664657,0.14328489162648317,0.02886126308962922,0.005615213205683298,3.7,2026-07-31
89,61.49507305494427,89.41034897713598,0.8839399587082353,61.678051682932846,61.31209442695569,07661,River Edge,Bergen County,NJ,877678.0,0.06697657626918954,0.16640366509145998,0.1949397331168612,,-0.18141975783938702,0.1771717416565235,0.012801519196376177,0.10352419633022185,3.1,2026-07-31
90,61.4740560371571,89.29001203369434,0.8839399587082353,57.41824639094801,65.52986568336618,11950,Mastic,Suffolk County,NY,519683.0,0.09954113394966094,-0.3576577676771784,-0.2384044977847406,,-0.21790320145064723,-0.3259735047780573,-0.20648284916351045,-0.0029118379715542125,2.6,2026-07-31
91,61.45538430348198,89.16967509025271,0.8839399587082353,60.35872917369738,62.55203943326658,10590,South Salem,Westchester County,NY,944392.0,0.06528534012421475,0.23966565737379675,-0.2598965532861559,0.06067392601681627,-0.39440824808625163,0.223312237295189,0.08998155578085942,-0.11096709644966714,4.0,2026-07-31
92,61.33395168680623,89.04933814681108,0.8839399587082353,66.17204699019717,56.49585638341528,11545,Glen Head,Nassau County,NY,1615217.0,0.11118571099429744,0.7763487043341613,0.20822376364282214,,0.29070198283686,0.2117411746484129,-0.12174372568977532,-0.0063733450521714224,2.9,2026-07-31
93,61.30446427669101,88.92900120336944,0.8839399587082353,63.417055736635,59.19187281674701,11213,New York,Kings County,NY,1147833.0,-0.005306786088110721,0.43475532740402834,0.18621855610915183,0.03303237345820765,0.9796729820437207,-0.12150611137860667,0.1422531320762488,0.027111764057531837,2.0,2026-07-31
94,61.295217405050344,88.8086642599278,0.8839399587082353,63.70008257721186,58.89035223288883,07401,Allendale,Bergen County,NJ,1130097.0,0.0697738048107567,0.41918298684099753,0.01872050877775777,,0.06425404825398817,0.23419439920953256,-0.2964768147751897,0.1104633448503443,2.8,2026-07-31
95,61.28322009802899,88.68832731648617,0.8839399587082353,59.76575752352349,62.8006826725345,07004,Fairfield,Essex County,NJ,828234.0,0.0006371759848921299,0.10842005070744953,0.02725878029831108,,0.0762591526735743,0.018489836526819903,-0.2823057557311017,0.0832960953227098,2.3,2026-07-31
96,61.26105813632594,88.56799037304452,0.8839399587082353,62.882579749435905,59.63953652321597,10528,Harrison,Westchester County,NY,1496329.0,0.12346164887557123,0.6998936893876824,0.1978259783787042,0.036615394072284604,0.38150029463732227,0.11372536279166845,0.08607098109014011,0.050632183777853876,3.3,2026-07-31
97,61.242648605009435,88.4476534296029,0.8839399587082353,60.33319309524978,62.15210411476908,08741,Pine Beach,Ocean County,NJ,584712.0,0.15053409426915856,-0.2397565520555851,0.012944981896742647,,-0.4820014446033636,-0.0002361871254337733,0.1847532843057671,-0.005022819106523094,2.9,2026-07-31
98,61.225017568340796,88.32731648616125,0.8839399587082353,65.68536581929077,56.764669317390826,07641,Haworth,Bergen County,NJ,1253595.0,0.17968509436266125,0.5228946250626123,0.2899300096518207,,-0.22291659855466794,0.23711707715956098,0.05157342480680249,-0.02503924977568213,3.1,2026-07-31
99,61.12716856491638,88.20697954271961,0.8839399587082353,56.83075011617764,65.42358701365512,07724,Eatontown,Monmouth County,NJ,709962.0,0.10456888365928166,-0.0456648399426971,-0.34452460414062713,0.03907171250014278,0.04323477863966718,-0.049200573447522045,-0.015051693758417528,0.05153620977159461,2.8,2026-07-31
100,61.106743666292545,88.08664259927798,0.8839399587082353,66.74129672465747,55.472190607927615,10504,Armonk,Westchester County,NY,1746645.0,-0.009372547004701554,0.8545758658576741,0.3406369869543031,,0.05436781241784838,0.31096084413043934,-0.06687816200495256,-0.17401464060124344,3.3,2026-07-31
101,61.098619693980226,87.96630565583634,0.8839399587082353,58.20238066549081,63.99485872246964,07758,Port Monmouth,Monmouth County,NJ,638455.0,0.09734616103796015,-0.15182556398266556,-0.17402177139954667,,-0.17808878063904143,-0.09114504767194409,-0.04266671735917349,-0.03703612462904689,3.0,2026-07-31
102,61.02447945091423,87.84596871239471,0.8839399587082353,62.950080701578614,59.098878200249835,11739,Great River,Suffolk County,NY,1074948.0,0.1938938439540351,0.36915122790647636,0.33162047372290004,,-0.01120071911000875,0.1284856503702576,-0.16625723980187956,0.3562947969996338,3.7,2026-07-31
103,60.99931621005341,87.72563176895306,0.8839399587082353,57.793992929114154,64.20463949099266,07044,Verona,Essex County,NJ,780536.0,0.10495295486109271,0.04910480818156948,-0.149808391745875,0.049401088425647964,-0.31626505691819173,0.20982739133449047,0.027126778923152628,0.035292804180519874,2.5,2026-07-31
104,60.96937320328105,87.60529482551144,0.8839399587082353,59.27461811845688,62.66412828810522,07733,Holmdel Township,Monmouth County,NJ,1120866.0,0.09208327337046499,0.41098086399304457,0.4632374272188109,0.041396555618946305,0.015148516635293374,0.18196315240880245,-0.11798290295313762,0.012471558332318985,2.8,2026-07-31
105,60.96245303766258,87.48495788206979,0.8839399587082353,55.192819499139546,66.73208657618561,18405,Beach Lake,Wayne County,PA,310993.0,0.05147578676522749,-0.8711046848458466,-0.02765721868095561,,-0.4330481007984137,-0.23304555726809917,-0.05930232211722952,-0.15039339515030087,,2026-07-31
106,60.95523471403739,87.36462093862815,0.8839399587082353,61.253992086697416,60.656477341377354,07922,Berkeley Heights,Union County,NJ,959460.0,0.04555216835249745,0.25549396337898145,0.0247528677930422,0.04198613685551232,-0.3361792511224799,0.25950468732434495,-0.11891656964808917,-0.00321150633427765,2.8,2026-07-31
107,60.94745323609941,87.24428399518652,0.8839399587082353,55.48680497403433,66.4081014981645,07420,Wanaque,Passaic County,NJ,506841.0,0.09067021630560249,-0.382678951283296,-0.26963730652341766,,-0.3553171809133382,-0.14799895188343426,0.034323607103836196,-0.009478503038158961,2.1,2026-07-31
108,60.92233089767403,87.12394705174489,0.8839399587082353,67.40366813760588,54.440993657742176,07078,Short Hills,Essex County,NJ,2412277.0,0.1623208143260463,1.1774502539571028,0.9902153582726836,0.03579467115202094,0.3772422005172771,0.43664187642548813,-0.23118621328872813,0.04337856753828566,2.6,2026-07-31
109,60.891682249585074,87.00361010830325,0.8839399587082353,59.76435027543038,62.01901422373977,08739,Lavallette,Ocean County,NJ,1784797.0,0.12838582369435017,0.8761835728543215,,,,,,,3.5,2026-07-31
110,60.83765175220582,86.8832731648616,0.8839399587082353,61.64518117625137,60.030122328160274,11718,Brightwaters,Suffolk County,NY,852003.0,0.026102548608133352,0.13671441163906195,0.193469590176921,,-0.5265237867356067,0.1357976772668985,0.3018177934271691,-0.07469236526391461,3.2,2026-07-31
111,60.799416474750544,86.76293622141998,0.8839399587082353,62.719933368584755,58.878899580916325,07640,Harrington Park,Bergen County,NJ,1010026.0,0.0711189528602926,0.30685491246257435,0.07197234962934829,,-0.16761900089594062,0.23998419621443334,0.0615835718960458,0.06589575020025533,2.9,2026-07-31
112,60.570898414672406,86.64259927797833,0.8839399587082353,61.24405825323148,59.89773857611333,11548,Greenvale,Nassau County,NY,1158180.0,0.04725160215495486,0.443728511763279,-0.24411639906427318,,0.3589172478227176,0.15204057686098915,-0.33324065640946365,-0.3622980076001993,2.5,2026-07-31
113,60.4915266249413,86.5222623345367,0.8839399587082353,58.892223481134444,62.09082976874816,11795,West Islip,Suffolk County,NY,753976.0,-0.06824756898987303,0.014484931412665603,0.15029424035094685,,-0.44192655707026884,0.00859981624567363,0.11265562562110532,-0.025998274836192173,2.8,2026-07-31
114,60.42993659916128,86.40192539109506,0.8839399587082353,65.54897951315517,55.31089368516739,11804,Old Bethpage,Nassau County,NY,1035707.0,0.09385012895225878,0.3319631249638313,0.15454108347535467,,-0.19626946228780473,0.17087043763706367,0.29139340999035745,-0.13084470536774412,2.4,2026-07-31
115,60.40548263216222,86.28158844765343,0.8839399587082353,53.00302939294765,67.80793587137678,07052,West Orange,Essex County,NJ,701211.0,0.12442297564605057,-0.058067098935085326,-0.1625371101883033,0.049237980309523685,-0.20029804683062058,0.035172220244131136,-0.027205245619839502,-0.016764717334689386,2.5,2026-07-31
116,60.40192960127127,86.16125150421179,0.8839399587082353,59.89931016418899,60.90454903835355,11733,Setauket,Suffolk County,NY,874260.0,0.04695532187696508,0.16250216068607237,0.19553739516659618,,-0.27115552914199914,0.13128793371224,-0.12262795971690466,0.05192951426542462,2.6,2026-07-31
117,60.401245707157145,86.04091456077015,0.8839399587082353,54.74864722761643,66.05384418669786,07718,Belford,Monmouth County,NJ,644357.0,0.101384000369546,-0.14262262354425914,-0.2163210667526556,,-0.3006083244098765,-0.03789661212017392,-0.18758249109605885,-0.0005819877735457474,2.8,2026-07-31
118,60.31326351728342,85.92057761732852,0.8839399587082353,64.70249330460082,55.92403372996601,07028,Glen Ridge,Essex County,NJ,1194061.0,0.05727015829946894,0.47423923606750584,0.6088442310237525,,-0.3153527075997744,0.3227483835679541,-0.011756030063908796,-0.004687391706233959,3.1,2026-07-31
119,60.29750374915173,85.80024067388689,0.8839399587082353,64.02815339856456,56.566854099738904,07650,Palisades Park,Bergen County,NJ,1012589.0,0.09332975722667172,0.30938925950589535,0.4250820248925624,0.03170119289188524,0.4794781613149073,0.019047601781496115,0.09687757800852026,-0.05276216431703036,2.5,2026-07-31
120,60.29153626194547,85.67990373044525,0.8839399587082353,55.577825288181835,65.00524723570909,07621,Bergenfield,Bergen County,NJ,650019.0,0.05173541169767085,-0.13387483318302706,-0.3737678452033517,,-0.2804985131729236,-0.007239567392096746,0.06886263078286525,-0.007475174780717089,2.4,2026-07-31
121,60.229612542951614,85.5595667870036,0.8839399587082353,57.435409485648904,63.023815600254316,11730,East Islip,Suffolk County,NY,736563.0,-0.0005384632143773105,-0.008881371028765628,0.02704659147216404,,-0.2688447214737437,-0.061034359160494156,-0.06073471811586906,0.03511187638352302,3.1,2026-07-31
122,60.17013337344773,85.43922984356198,0.8839399587082353,62.121468047136055,58.21879869975941,11516,Cedarhurst,Nassau County,NY,1248848.0,0.102834817500597,0.5191009443129104,0.22913987610059827,0.0422789501971777,0.5927892713226217,-0.03564145173881972,-0.27545167846962393,0.26819789490720264,2.2,2026-07-31
123,60.14746584172745,85.31889290012033,0.8839399587082353,60.46185771817617,59.83307396527873,10980,Stony Point,Rockland County,NY,666297.0,0.08331502314326969,-0.10914074518723993,0.13181518157517935,,-0.2264172196023797,-0.1261317991087627,-0.09879897778726132,-0.11805976102070632,2.6,2026-07-31
124,60.10222428216861,85.1985559566787,0.8839399587082353,61.34181034882228,58.86263821551495,07739,Little Silver,Monmouth County,NJ,1195269.0,0.1633513787101645,0.4752500122579715,0.15294960627226395,,-0.2876799122116698,0.3191017994142319,0.06343279445313499,0.001008061221728071,3.8,2026-07-31
125,60.05877905534402,85.07821901323706,0.8839399587082353,61.462874200227205,58.65468391046084,08720,Allenwood,Monmouth County,NJ,1033186.0,0.12584500815909508,0.3295258562962271,0.048764169660801215,,-0.3638543891813708,-0.005930461372474216,0.49439922663449565,-0.0633268198607639,2.7,2026-07-31
126,60.036450192993684,84.95788206979543,0.8839399587082353,56.67673326045399,63.396167125533374,11763,Medford,Suffolk County,NY,624741.0,0.06296759787234799,-0.17353950891578052,0.008532940388636945,0.05389275892571309,-0.24627819162207243,-0.2084326529249491,0.08050759230016169,-0.012239044658489198,2.9,2026-07-31
127,60.02721234690584,84.83754512635379,0.8839399587082353,63.7991860728456,56.25523862096608,07458,Upper Saddle River,Bergen County,NJ,1666600.0,0.08627442883181083,0.8076649163864786,0.553937409688773,,0.03166339563779341,0.2613987602421476,0.17332247140119783,0.02320723685194208,3.0,2026-07-31
128,60.01844440395183,84.71720818291215,0.8839399587082353,57.64059552352015,62.39629328438351,07470,Wayne,Passaic County,NJ,762952.0,0.07170327788410127,0.026319102708464825,0.2447155011740918,0.03988110966220931,-0.28322790037500245,0.07808158704664048,-0.014223863895669098,-0.026143098800334122,2.6,2026-07-31
129,59.97793465477693,84.59687123947052,0.4381030166275002,54.59559401585603,65.36027529369784,11722,Central Islip,Suffolk County,NY,578597.0,-0.006029696452797134,-0.2502706867955702,-0.19725699416809306,0.06450188568297638,-0.26564200298893437,-0.2973229649098479,0.1876738929754289,0.015891025445228288,2.6,2026-07-31
130,59.92466717873269,84.47653429602889,0.4381030166275002,61.215135898357765,58.63419845910761,11570,Rockville Centre,Nassau County,NY,987962.0,-0.0008458946805159628,0.2847679269521137,0.27906159595965363,0.042086643760052625,-0.05125869196820898,0.130000589798131,0.06300922326142455,0.005767084219052074,1.9,2026-07-31
131,59.865215988486675,84.35619735258724,0.4381030166275002,58.96429054497073,60.76614143200262,11803,Plainview,Nassau County,NY,991049.0,0.07030816492183903,0.287887663685229,0.06649129515110275,0.0614500466737247,-0.22470898119006688,0.17700366666265321,0.009049311801341275,0.013509399835484978,2.2,2026-07-31
132,59.844949645686356,84.23586040914562,0.4381030166275002,58.63513945346981,61.05475983790291,07630,Emerson,Bergen County,NJ,811972.0,0.023664295751855496,0.08858996171585787,-0.15928769583488034,,-0.2370303899484345,0.07896662644727881,-0.03706555981087867,-0.02153663071927321,2.9,2026-07-31
133,59.83774068544741,84.11552346570397,0.4381030166275002,58.20141761098782,61.474063759907,10607,White Plains,Westchester County,NY,852476.0,0.057917589097242234,0.13726867611112326,-0.0463092152362794,,-0.2690212984782143,0.011769546863467761,-0.018130807828324436,-0.0947564003976848,3.0,2026-07-31
134,59.83249954248131,83.99518652226233,0.4381030166275002,55.44733954701009,64.21765953795253,07737,Leonardo,Monmouth County,NJ,677484.0,0.13824756152397058,-0.09249022331635359,-0.2243771503238321,,-0.30799244885598154,0.040620232255103916,0.0021967077608771035,-0.029768098926942613,3.0,2026-07-31
135,59.81419850689536,83.8748495788207,0.4381030166275002,67.55585198012687,52.07254503366384,08750,Sea Girt,Monmouth County,NJ,2606252.0,0.28067009516795627,1.25479228112812,0.9351625194186219,,1.076963852883069,0.21860427772769808,-0.2145164049216035,0.00831954766700553,4.3,2026-07-31
136,59.810354873842655,83.75451263537906,0.4381030166275002,59.6780219725649,59.942687775120405,07403,Bloomingdale,Passaic County,NJ,568080.0,0.06175273403874684,-0.2686133451809507,-0.06138421585843368,,-0.3994648666345484,-0.11944288507135764,0.07657475303698291,-0.06068049914240854,2.3,2026-07-31
137,59.74403223558183,83.63417569193743,0.4381030166275002,56.38630229966941,63.10176217149424,11751,Islip,Suffolk County,NY,671396.0,-0.037816373007183296,-0.10151732567713978,-0.0807108497882627,,-0.1386580438403897,-0.13320390618400235,-0.17288710541053476,-0.040610336262147675,2.9,2026-07-31
138,59.690869340385575,83.51383874849579,0.4381030166275002,57.28651981749706,62.09521886327409,07702,Shrewsbury,Monmouth County,NJ,1005838.0,0.12244936322680858,0.3027004666876838,-0.058145140089980174,,-0.16319381033560565,0.16786514229369043,0.13186806939472007,0.0378807127309531,3.1,2026-07-31
139,59.68524204109565,83.39350180505414,0.4381030166275002,58.401136766220375,60.969347315970914,10570,Pleasantville,Westchester County,NY,1041395.0,0.016955748547914956,0.33744037812346406,0.0068535993026692665,0.03860206228138531,-0.15533049424929257,0.2435731674020153,-0.007380156687315065,-0.0016487696263831203,2.7,2026-07-31
140,59.59934263438264,83.27316486161251,0.4381030166275002,59.29023640491996,59.90844886384532,08848,Milford,Hunterdon County,NJ,538295.0,0.0023516832708757873,-0.3224700614972331,-0.029774956812316233,,-0.5329062888384499,-0.04324247132031711,0.0008996209953835432,-0.1964605060762687,2.3,2026-07-31
141,59.5983092484319,83.15282791817089,0.4381030166275002,53.40981392219074,65.78680457467306,07628,Dumont,Bergen County,NJ,683641.0,0.07154716308855705,-0.08344343501484452,-0.3988617731294113,0.050465091689050265,-0.19903181091335687,0.012178699800651227,-0.0016987644092996135,-0.0012219492489557587,2.2,2026-07-31
142,59.59243669241822,83.03249097472924,0.4381030166275002,58.33990243142988,60.84497095340655,11934,Center Moriches,Suffolk County,NY,697433.0,0.0444507555772006,-0.06346903566386253,-0.1536933609674307,,-0.4827113073877094,-0.07657222564708038,0.23749394391451695,0.024563357150271067,2.1,2026-07-31
143,59.57751976148611,82.91215403128761,0.4381030166275002,54.340102577060264,64.81493694591195,11961,Ridge,Suffolk County,NY,521407.0,0.07940121426801064,-0.3543459710646655,-0.1923578783851312,,0.03333947894527678,-0.20161875307990496,-0.14958969419785895,-0.029765567342259394,2.7,2026-07-31
144,59.560504267996734,82.79181708784597,0.4381030166275002,58.549512666744775,60.57149586924869,07716,Atlantic Highlands,Monmouth County,NJ,853221.0,0.08337714076533445,0.1381419798127972,-0.0710507490149439,0.04013029984055821,0.018437427091552605,-0.017820755905127272,0.08557649003397039,0.03647130951170778,3.2,2026-07-31
145,59.52336113127268,82.67148014440433,0.4381030166275002,55.86191279496402,63.184809467581346,10523,Elmsford,Westchester County,NY,717407.0,-0.002732013796781979,-0.035233150635637145,-0.15502545896393372,,-0.08836590312493553,0.00981871934143308,-0.07009366958470942,0.08806990615085679,2.9,2026-07-31
146,59.50452448595277,82.5511432009627,0.4381030166275002,64.66474970515131,54.34429926675423,11932,Bridgehampton,Suffolk County,NY,4746937.0,0.10183761455317822,1.8543786443294188,0.5761582812541022,,1.418467045957384,0.1596003345866881,0.2907097196931918,-0.314560168753849,2.0,2026-07-31
147,59.46594380836641,82.43080625752106,0.4381030166275002,57.52776973184909,61.40411788488373,07921,Bedminster,Somerset County,NJ,524551.0,0.07916393633378363,-0.3483330983828843,-0.4630034457355343,0.06646443290885448,-0.44010576053834893,0.1405377585864679,-0.17389973118630841,-0.03854169642065104,2.1,2026-07-31
148,59.4309664329418,82.31046931407943,0.4381030166275002,60.36316819929974,58.49876466658386,10964,Palisades,Rockland County,NY,969144.0,0.06980473592759964,0.2655369901871474,-0.0656968708608634,,-0.24643017025777003,0.1146536876151778,-0.16408441203065394,-0.05011415261323711,3.0,2026-07-31
149,59.42864862490169,82.19013237063778,0.4381030166275002,65.62811428449112,53.22918296531226,11020,Great Neck,Nassau County,NY,1636312.0,0.12476050685851661,0.7893237620623346,0.49334252557909863,,0.39170097898286005,0.13104134691056446,-0.176766946585996,-0.10016805309334016,2.3,2026-07-31
150,59.37338252336916,82.06979542719614,0.4381030166275002,53.759504978657766,64.98726006808056,11575,Roosevelt,Nassau County,NY,659034.0,0.0707039395524344,-0.12010106197169002,-0.2261293266129787,,-0.23628416385782924,-0.19892239511169602,0.10005343532625588,-0.06862905921819058,2.6,2026-07-31
151,59.37029553338039,81.94945848375451,0.4381030166275002,62.9345009632375,55.80609010352329,07059,Warren Township,Somerset County,NJ,1158497.0,0.0985902027339364,0.4440021874991178,0.4919443247962061,0.034467085256217715,-0.19358410803815507,0.1894104825323537,-0.008706036883284085,0.029915500016972893,2.8,2026-07-31
152,59.31146099423872,81.82912154031288,0.4381030166275002,57.60567165918838,61.01725032928906,07732,Highlands,Monmouth County,NJ,602419.0,0.06771158280432701,-0.20992375545554331,-0.4539230578101172,,-0.009095848574124377,0.02388412799314832,0.1712467616908917,-0.20314079068273355,3.0,2026-07-31
153,59.29156098456154,81.70878459687124,0.4381030166275002,55.71935161888154,62.86377035024155,11755,Lake Grove,Suffolk County,NY,742918.0,0.08226474044308354,-0.0002900079648942011,0.03951333609622054,0.03747383394467188,-0.06121079150875208,-0.03841678444959912,-0.20936889072046228,-0.08519654263963945,2.8,2026-07-31
154,59.27447053384533,81.58844765342961,0.4381030166275002,61.06078255282604,57.488158514864615,10516,Cold Spring,Putnam County,NY,745555.0,0.02732227958073566,0.003252674313344528,0.2688257240679892,,-0.21873873666663646,0.13898495540607503,0.03763637245481277,0.027202950481433327,2.6,2026-07-31
155,59.22128925287724,81.46811070998797,0.4381030166275002,61.25678067179037,57.18579783396412,08006,Barnegat Light,Ocean County,NJ,1721061.0,0.1528647676013403,0.8398200300694221,0.9908389671135396,,0.7294327092850892,0.24200998152677755,0.28994076545454917,0.047598661418369034,2.6,2026-07-31
156,59.20851371008625,81.34777376654633,0.4381030166275002,55.7755715628729,62.6414558572996,11720,Centereach,Suffolk County,NY,666661.0,0.07974770109854426,-0.10859469825710732,-0.04098017762472317,0.0748706494753554,-0.2918567711496085,-0.12389132737321779,-0.023048342023281876,-0.024643868928229742,2.8,2026-07-31
157,59.18774302766435,81.2274368231047,0.4381030166275002,58.94052469927181,59.43496135605688,11579,Sea Cliff,Nassau County,NY,1144940.0,0.07263681767364219,0.43223107539268923,-0.2524365760510978,,-0.11225458080874806,0.12241409872314024,0.13591831855100267,-0.09709979426800137,2.7,2026-07-31
158,59.179800710950744,81.10709987966305,0.4381030166275002,55.16651625340746,63.19308516849402,10548,Montrose,Westchester County,NY,657941.0,0.041506543943456015,-0.12176123236882042,0.06109507738431752,,-0.3582521150613538,-0.06616405621597976,0.23151876267563942,-0.11988593533097776,4.1,2026-07-31
159,59.15928470277849,80.98676293622142,0.4381030166275002,60.12882006594417,58.18974933961282,11716,Bohemia,Suffolk County,NY,721265.0,0.010856996911766364,-0.029870029467774728,0.04040100913548095,,-0.16756473388613924,-0.08562564827824115,0.09176305635720361,-0.07119864376040726,3.0,2026-07-31
160,59.140617028224526,80.86642599277978,0.4381030166275002,57.28054946126214,61.00068459518692,07016,Cranford,Union County,NJ,786111.0,-0.00020276722544351755,0.056221940885816224,0.1064222880426069,0.04453508372896954,-0.2721976986600627,0.1712063760697068,-0.04735812383927751,0.01500561975720087,2.6,2026-07-31
161,59.11096880868823,80.74608904933814,0.4381030166275002,55.35310718628911,62.86883043108735,08005,Barnegat,Ocean County,NJ,508616.0,0.10305684455325129,-0.37918356179810964,-0.2789251983279115,,-0.19678612608435953,-0.15298827726295328,0.004770960204050212,0.07221856477306181,2.5,2026-07-31
162,59.08393647433655,80.62575210589651,0.4381030166275002,62.91084406773609,55.257028880937,10012,New York,New York County,NY,2914364.0,-0.2524516814436698,1.3665305700110544,0.5494297663846748,0.02221205899656143,1.1670330851386577,0.35925496418595004,0.021733058019805185,-0.008935618163066386,4.1,2026-07-31
163,59.060068493772484,80.50541516245488,0.4381030166275002,61.718974968947315,56.40116201859765,07023,Fanwood,Union County,NJ,818392.0,0.07139278077915137,0.09646545563642661,0.007829211534172487,,-0.457986385969549,0.23951597866132746,0.047952316960245156,0.09177643887401414,2.6,2026-07-31
164,59.04972935348145,80.38507821901324,0.4381030166275002,63.32805055237938,54.771408154583526,08738,Mantoloking,Ocean County,NJ,2232332.0,0.17339811085507897,1.0999260189709403,0.9096316875121762,,0.2997179655311146,0.21649899887819535,0.6906840329106121,-0.09182832999297803,2.9,2026-07-31
165,59.04372032734142,80.26474127557161,0.4381030166275002,61.01821217862441,57.069228476058434,11096,Inwood,Nassau County,NY,839157.0,0.0636368730333551,0.12152149638434295,-0.19093728855307823,,0.305662201436127,-0.2104953949290212,0.2003981944612434,0.038026784013271794,2.0,2026-07-31
166,58.9311247848924,80.14440433212997,0.4381030166275002,64.90717831610517,52.95507125367962,08730,Brielle,Monmouth County,NJ,1328666.0,0.23025926047997416,0.5810542660801268,0.1404333790990684,,0.15336422060077903,0.1773791670302336,-0.025459052798614934,-0.007368166212719365,3.3,2026-07-31
167,58.81952427363269,80.02406738868832,0.4381030166275002,58.130369659459845,59.50867888780553,11786,Shoreham,Suffolk County,NY,770681.0,0.040177726374610506,0.03639842247716807,0.2057695039584786,,-0.3389497307505611,-0.012221004854197137,-0.02576456226086421,-0.004370844367453677,2.7,2026-07-31
168,58.78091893269378,79.9037304452467,0.4381030166275002,56.47367904374833,61.088158821639226,07836,Flanders,Morris County,NJ,675015.0,0.01667366380491267,-0.09614058694091732,0.14558496661477704,0.03770481493448465,-0.39820487642993574,0.028736857023182294,-0.01427668701984608,-0.06966277558997698,2.4,2026-07-31
169,58.77442024557856,79.78339350180505,0.4381030166275002,55.637621435460105,61.91121905569702,10913,Blauvelt,Rockland County,NY,816271.0,0.007615332201523023,0.09387004325518866,0.07873756217948547,,-0.3516969882794705,0.045382182342431965,-0.08348813140888112,-0.027136679502653485,2.7,2026-07-31
170,58.764574992003816,79.66305655836342,0.4381030166275002,56.500458056465334,61.02869192754229,11742,Holtsville,Suffolk County,NY,660320.0,0.050442676462444075,-0.11815128773097427,-0.018811849732538022,,-0.22650332153574415,-0.1296232175987616,-0.07492937710999925,0.0031640551955603308,2.6,2026-07-31
171,58.762494888469995,79.5427196149218,0.4381030166275002,55.15573281214898,62.369256964791006,10703,Yonkers,Westchester County,NY,627543.0,-0.014274732894152459,-0.16906383573314443,-0.3899747231199999,0.054921592637190264,0.054908766734300896,-0.22852675765818548,0.07157638147047507,0.01929815200588285,2.5,2026-07-31
172,58.738920786567576,79.42238267148014,0.4381030166275002,57.45393558216455,60.0239059909706,07442,Pompton Lakes,Passaic County,NJ,566244.0,0.07509132460045045,-0.27185191778475115,-0.20177406590076785,,-0.37453122308966624,-0.05247664607271679,-0.0358535129402231,0.013944008160353058,2.6,2026-07-31
173,58.72435444800539,79.30204572803851,0.4381030166275002,55.6621548742108,61.78655402179999,07461,Sussex,Sussex County,NJ,461077.0,0.03603219359151169,-0.47731170371606346,0.1271318180686194,,-0.42870608790265696,-0.17542526287079258,-0.051275261330671285,-0.01625271608814112,2.3,2026-07-31
174,58.70308626086837,79.18170878459688,0.4381030166275002,62.044439953182554,55.36173256855418,07750,Monmouth Beach,Monmouth County,NJ,1164499.0,0.1122966622503764,0.4491699608666231,0.12426154974177983,0.03303996216018657,0.15853898261802857,0.18485073289163367,-0.13128391475558487,-0.061837616309296364,2.6,2026-07-31
175,58.670353294610216,79.06137184115524,0.4381030166275002,58.8344962279011,58.50621036131933,07981,Whippany,Morris County,NJ,764723.0,0.00976836243608084,0.028636914268235003,-0.07424194575867205,,-0.2600279275369879,0.06329138927133415,0.00047792083928932527,0.009403551854676714,2.2,2026-07-31
176,58.645817725026575,78.9410348977136,0.4381030166275002,55.723782151488635,61.567853298564515,10312,New York,Richmond County,NY,769211.0,-0.044510992233795926,0.034489513438568764,0.17668765578092405,0.03557756700306297,0.048750917816323236,-0.08891469613416497,-0.1030888299012922,-0.01009597524266477,1.6,2026-07-31
177,58.62055221810797,78.82069795427196,0.4381030166275002,58.19619329124848,59.04491114496746,08559,Stockton,Hunterdon County,NJ,695570.0,-0.0193706766366116,-0.06614391979271694,-0.12410089825029047,,-0.5356192112463962,0.145289513597484,0.21303245652588387,-0.08546805106654505,2.2,2026-07-31
178,58.599276883660465,78.70036101083032,0.4381030166275002,60.5445448283824,56.65400893893854,07645,Montvale,Bergen County,NJ,947320.0,0.03948432619337652,0.24276092006124728,0.0007570539784023111,,-0.21927586100358742,0.05931264874199904,-0.0363367845322049,0.06220981880021119,2.6,2026-07-31
179,58.595564005164306,78.58002406738869,0.4381030166275002,57.0674869168495,60.12364109347912,07730,Hazlet Township,Monmouth County,NJ,635307.0,0.07002902704499761,-0.15676722596076687,0.0030027154196030637,0.05661196497717688,-0.26652444961751454,-0.1745045828613005,-0.02366344948184107,0.10327828218020789,2.7,2026-07-31
180,58.55153797897523,78.45968712394705,0.4381030166275002,65.62388347870181,51.479192479248645,11765,Oyster Bay,Nassau County,NY,2797199.0,0.1303126246174994,1.3254977675856061,0.8471819610743463,,0.7640484889662076,0.2355724556449118,-0.4699449881091553,-0.17146708188669785,4.5,2026-07-31
181,58.54693366309705,78.33935018050542,0.4381030166275002,57.62698229390908,59.46688503228501,07738,Lincroft,Monmouth County,NJ,1055659.0,0.09593577213739515,0.3510444421620633,0.07601379777801931,,-0.1694457084831591,0.16156601356310218,-0.016977494933566817,0.10372437649303672,2.4,2026-07-31
182,58.47738588618456,78.21901323706378,0.4381030166275002,63.93550358610142,53.019268186267695,07976,New Vernon,Morris County,NJ,2108860.0,0.07411795680764258,1.043026537546945,0.7688052051141643,,0.2520771769645058,0.23863607725736968,0.7331400129476027,-0.7242131382024881,2.9,2026-07-31
183,58.4114957547911,78.09867629362213,0.4381030166275002,57.63898682157416,59.18400468800804,07042,Montclair,Essex County,NJ,961161.0,0.022407990313370624,0.257265348174359,0.1890167343096376,0.03685691700750333,0.16758253394418499,0.1973247177162557,-0.10891192311928499,0.03360008375290162,3.1,2026-07-31
184,58.39587173280131,77.9783393501805,0.4381030166275002,61.58608880450862,55.205654661093995,07624,Closter,Bergen County,NJ,1225881.0,0.12152645130456677,0.5005388356147034,0.11138994623947518,,-0.027693751636932662,0.17221897019711507,0.07411406150144728,-0.045777256232853517,3.2,2026-07-31
185,58.26781157207871,77.85800240673886,0.4381030166275002,57.001827048844575,59.53379609531285,11949,Manorville,Suffolk County,NY,726825.0,0.12970891552356037,-0.02218990307133417,0.09135607248016697,0.0371973788892558,-0.2344280755588024,-0.1436050268499599,0.1327140031389895,-0.016551374581417824,2.5,2026-07-31
186,58.24129808294521,77.73766546329723,0.4381030166275002,63.18452665887715,53.29806950701327,07762,Spring Lake,Monmouth County,NJ,1500460.0,0.1987068000316782,0.7026508183271769,0.2702862158312378,0.041054076501667536,0.6677776164025644,0.18842325266158333,0.12666254429592883,-0.026594286927009228,3.7,2026-07-31
187,58.21457423211866,77.6173285198556,0.4381030166275002,57.1556376050477,59.273510859189614,11787,Smithtown,Suffolk County,NY,826083.0,0.06202339209938082,0.1058193491753947,0.11570333198410587,,-0.13647446106837013,0.0383620416387922,-0.12161702268142172,-0.06636183453163165,2.5,2026-07-31
188,58.21029338623639,77.49699157641395,0.4381030166275002,62.51192081057763,53.90866596189515,10013,New York,New York County,NY,3742256.0,-0.17414457134416814,1.6165677877666251,0.910923153099116,0.020932393931611854,1.255464222632862,0.24050660522783995,0.12209755895143992,0.06457999779079442,2.7,2026-07-31
189,58.188699332073725,77.37665463297232,0.4381030166275002,63.57574883984959,52.80164982429787,07021,Essex Fells,Essex County,NJ,1482341.0,0.1268809596795432,0.6905018337226263,0.4710904323513727,,-0.1097062197171994,0.3223448442813457,-0.07246311411446804,-0.06752199960353052,2.9,2026-07-31
190,58.15454201425261,77.25631768953069,0.4381030166275002,58.084964288862295,58.22411973964292,11021,Great Neck,Nassau County,NY,1122444.0,0.022101413087931482,0.41238746674317817,0.013105425476313215,0.045436568323083924,0.3442377561707797,0.1684060399360373,-0.072578583923816,0.00665226371118903,2.4,2026-07-31
191,58.13059635236277,77.13598074608905,0.4381030166275002,54.394579098066586,61.86661360665896,10965,Pearl River,Rockland County,NY,727299.0,0.04898140983698199,-0.02153826320479091,-0.16740187259612327,0.04509835913883736,-0.18807086288778163,0.012466456233428791,-0.05517667023766748,0.01377386043270716,2.5,2026-07-31
192,58.096866819761956,77.01564380264742,0.4381030166275002,56.901206337634946,59.292527301888974,10605,White Plains,Westchester County,NY,1021141.0,0.05181235061963854,0.31779957238416934,-0.047976309633599,0.038206808718057934,0.03523094351981437,0.1855937904571211,0.011363184026413009,0.1028725182361259,2.6,2026-07-31
193,58.08069438469397,76.89530685920577,0.4381030166275002,61.96787751379594,54.193511255592,11771,Oyster Bay,Nassau County,NY,1349672.0,0.10444407058609287,0.5967410438845331,0.036394356847486264,,0.25589033583373566,0.0912332659241828,0.031163487225116526,-0.0220311838704121,3.0,2026-07-31
194,58.076221555599886,76.77496991576413,0.4381030166275002,58.13238033156735,58.02006277963242,11767,Nesconset,Suffolk County,NY,789984.0,0.0665858741297182,0.06113612358492837,0.08727283875123248,,-0.24794688937124332,0.023980665195450723,0.04041296653158,-0.11288865586221215,2.6,2026-07-31
195,58.00622009427164,76.6546329723225,0.4381030166275002,54.602719510491184,61.409720678052096,07646,New Milford,Bergen County,NJ,747054.0,0.07439949049282682,0.005261852870846795,-0.1458579330584655,,-0.01744772756440871,-0.016419070295817295,-0.03416744522672133,0.010403203584943108,2.3,2026-07-31
196,57.97655926785629,76.53429602888086,0.4381030166275002,55.04657448112462,60.90654405458796,08722,Beachwood,Ocean County,NJ,475088.0,0.13052657295139306,-0.4473759084852169,-0.12744255451748288,,-0.39761989434816347,-0.21593801107468036,0.06107939462777878,0.03344125037952876,2.2,2026-07-31
197,57.97007588456613,76.41395908543923,0.4381030166275002,56.04786838509946,59.89228338403279,11418,New York,Queens County,NY,761379.0,-0.10601536188831914,0.024255699183424184,0.22755826544731228,0.04452444658210027,0.24397106042281957,-0.1619288627541548,0.03740887822656802,-0.011296649241511594,1.8,2026-07-31
198,57.9113409368073,76.2936221419976,0.4381030166275002,59.56697861838738,56.25570325522722,10597,Waccabuc,Westchester County,NY,1659063.0,-0.21605736930470484,0.8031321727302121,0.5407755776779286,,0.02373100667193806,0.19200894802050417,-0.20139871708578028,-0.47719240479628117,3.9,2026-07-31
199,57.89742466798924,76.17328519855594,0.4381030166275002,59.665702091957264,56.12914724402122,11206,New York,Kings County,NY,1153423.0,0.0766661883116008,0.4396128946457818,-0.03259772291952601,0.041928075686371885,1.042971443884366,-0.12632472308158832,0.2040267919364993,0.05248276825091151,3.6,2026-07-31
200,57.831608469208916,76.05294825511432,0.4381030166275002,58.441952557257146,57.221264381160694,08535,Millstone Township,Monmouth County,NJ,966233.0,0.07857218778986699,0.2625286489057448,0.3542670087505062,,-0.36204501189655613,0.007102576577167341,-0.0639374890170874,-0.07181233493715729,2.6,2026-07-31
201,57.81738049339238,75.93261131167269,0.4381030166275002,63.67378049577871,51.96098049100604,11024,Great Neck,Nassau County,NY,2425669.0,0.14607364016282212,1.182986506552444,0.7377109251805027,,0.7377445790396748,0.05585526210720615,0.07977285508256848,0.06943696400783876,3.3,2026-07-31
202,57.77157606870882,75.81227436823104,0.4381030166275002,55.745786498073,59.79736563934463,07035,Lincoln Park,Morris County,NJ,549063.0,0.051506003401203065,-0.30266217531299233,-0.27291496091401335,,-0.3954902979501391,-0.04084566019694297,-0.0034554979676126862,0.0032231158360896267,2.0,2026-07-31
203,57.731609366547445,75.69193742478942,0.4381030166275002,56.51092532336399,58.95229340973089,10598,Yorktown Heights,Westchester County,NY,742477.0,0.03502499940493778,-0.0008839912384992488,-0.07610183482519517,,-0.4362253870003745,0.08420888366680901,0.06913300930356314,-0.06904350058731064,2.8,2026-07-31
204,57.59176343990433,75.57160048134777,0.4381030166275002,56.72914766573089,58.454379214077754,10707,Tuckahoe,Westchester County,NY,921436.0,-0.11423113888594791,0.2150568043454708,0.04405829030007169,0.036912505064943486,0.06144464371749225,0.13529195437471742,-0.09589588208089772,-0.04143118589660029,2.3,2026-07-31
205,57.57634244312558,75.45126353790613,0.4381030166275002,60.10925337616493,55.043431510086236,11960,Remsenburg,Suffolk County,NY,1849910.0,0.08604196150084356,0.9120163194593456,0.6719680909083934,,0.15133094355177934,0.09424237457740336,0.31748425505773703,-0.08513317891281842,2.7,2026-07-31
206,57.5459674136593,75.3309265944645,0.4381030166275002,55.045668678504775,60.04626614881383,07009,Cedar Grove,Essex County,NJ,778140.0,-0.015590459068966916,0.04602979849441624,-0.13024262425780897,,-0.25412370435537857,0.11602477714651971,-0.028184691441280663,0.0834084365721444,2.4,2026-07-31
207,57.539298250941926,75.21058965102286,0.4381030166275002,52.451833422664286,62.62676307921957,10512,Carmel,Putnam County,NY,520032.0,0.07480676741531803,-0.3569856644999909,-0.20465751776173136,,-0.40387631049242967,-0.05707721447167652,-0.048934322125264273,-0.07515407900793543,2.5,2026-07-31
208,57.53716151325325,75.09025270758123,0.4381030166275002,62.25327040415265,52.82105262235386,10527,Granite Springs,Westchester County,NY,939650.0,0.06481987817464976,0.23463165260123553,0.25723286743229856,,-0.5655764008385902,0.17397086054150834,0.07629992645450834,-0.894558503949727,3.3,2026-07-31
209,57.53453223273316,74.9699157641396,0.4381030166275002,59.49791782244369,55.57114664302264,11565,Malverne,Nassau County,NY,824506.0,0.013705436646692354,0.10390836466929265,0.02009856861337056,,-0.1723780709662368,0.06719100709202064,-0.08802197906226361,0.014642539989481215,2.2,2026-07-31
210,57.47591897844024,74.84957882069796,0.4381030166275002,58.32056307201414,56.63127488486634,10984,Thiells,Rockland County,NY,770018.0,0.1865900237755639,0.035538261059594234,0.2165140144822466,,-0.04105940434357902,-0.15851498717120954,-0.28022376953462924,-0.06278108933576805,2.9,2026-07-31
211,57.39123842084602,74.72924187725631,0.4381030166275002,55.14306075513926,59.63941608655278,07607,Maywood,Bergen County,NJ,709943.0,0.06976397945804927,-0.0456915036424963,0.0719272567092002,0.05006035667308238,-0.09437322276253401,-0.02490619644736014,-0.007909078861768393,0.050258330121314906,2.7,2026-07-31
212,57.33179400321508,74.60890493381469,0.4381030166275002,53.99284656565876,60.670741440771394,12563,Patterson,Putnam County,NY,485898.0,0.05296766700227665,-0.4248773189163213,-0.15999185126872106,,-0.2928136859668513,-0.17676773311495786,-0.27767297401644164,-0.2505173079051805,2.5,2026-07-31
213,57.32738343394348,74.48856799037304,0.4381030166275002,62.24726692362638,52.407499944260586,11569,Point Lookout,Nassau County,NY,1446249.0,0.14272646071147435,0.6658521490482965,0.584841036460757,,0.9848509218845887,0.035795330210899756,-0.8835803012236312,0.08688669891154203,2.9,2026-07-31
214,57.31726456188632,74.36823104693141,0.4381030166275002,56.1669326996588,58.46759642411384,11788,Hauppauge,Suffolk County,NY,806774.0,0.07654811236182049,0.08216756972548822,0.13655702049052465,0.046958205977400344,-0.20538252289965198,0.014291230119473086,0.020004186587605943,-0.0570633704563865,2.7,2026-07-31
215,57.27927746501021,74.24789410348977,0.4381030166275002,57.55235672468005,57.006198205340375,11566,Merrick,Nassau County,NY,905655.0,0.013176911784063355,0.19778197927578134,0.17052724779692774,,-0.25755711699267114,0.11515800465394277,-0.08068542456415351,-0.021304770454775926,2.1,2026-07-31
216,57.26411497891043,74.12755716004813,0.4381030166275002,51.66492068297859,62.86330927484226,07740,Long Branch,Monmouth County,NJ,835841.0,0.09193780316096536,0.117561856636895,-0.4033897662174244,0.039376826439545605,0.45841840812201684,-0.12979057823829643,0.05283826850939022,0.0023194369469321935,2.8,2026-07-31
217,57.25203040871421,74.0072202166065,0.4381030166275002,64.16890011951347,50.33516069791496,11797,Woodbury,Nassau County,NY,1551974.0,0.11287673674628387,0.7364070341157714,0.33681532134448133,0.02712931285425261,0.19700167128596813,0.17160357216274214,-0.1776521698037694,-0.05605963902940632,2.7,2026-07-31
218,57.24185813847831,73.88688327316486,0.4381030166275002,60.163907242043315,54.319809034913305,11514,Carle Place,Nassau County,NY,864616.0,0.02583988969432341,0.15140983886167803,-0.19874295544642173,,-0.15097694741339507,0.007146933178147075,0.38155184317650637,-0.00533746912652662,2.6,2026-07-31
219,57.20974168772233,73.76654632972323,0.4381030166275002,52.66076959910726,61.758713776337395,10579,Putnam Valley,Putnam County,NY,636616.0,0.06508036269006326,-0.15470942366369833,-0.07627641653195028,,-0.3200352046755548,0.0062605192166090284,-0.0336552378312458,-0.017178736504152872,3.0,2026-07-31
220,57.16524581958687,73.6462093862816,0.4381030166275002,57.10318690626072,57.22730473291302,11941,Eastport,Suffolk County,NY,825759.0,0.016557902909858063,0.10542678716707776,-0.215280394613103,,0.008420250132698426,-0.06868636658269467,-0.22612291133218143,0.32196599501768947,2.7,2026-07-31
221,57.14707168878991,73.52587244283995,0.4381030166275002,58.73549942212123,55.558643955458585,10804,New Rochelle,Westchester County,NY,1277528.0,0.15286591337964275,0.5418062891621975,0.2954832360876569,,-0.2584017642776282,0.36187127641202643,0.08409855699031077,-0.009970430848546832,3.5,2026-07-31
222,57.09877544011108,73.40553549939831,0.4381030166275002,60.698981468366775,53.4985694118554,11560,Locust Valley,Nassau County,NY,1287119.0,0.05565838293867245,0.5492850982200306,0.051728287530227846,,0.17220108811908896,0.12270653437205425,-0.07853669622895687,-0.057692432757864245,2.9,2026-07-31
223,57.0897835599931,73.28519855595668,0.4381030166275002,53.080329989681104,61.0992371303051,11738,Farmingville,Suffolk County,NY,668812.0,0.08826560469450265,-0.10537251530294967,0.012277874320497872,,-0.3266219859322874,-0.17371785582867616,0.008732886063427259,-0.06716968417993359,2.9,2026-07-31
224,57.00276988527361,73.16486161251504,0.4381030166275002,53.67245772120677,60.33308204934045,07874,Stanhope,Sussex County,NJ,454649.0,0.09583654568507996,-0.49135132623501043,-0.1602835493891135,,-0.6566771072468669,-0.06504003996868551,0.07986105127914733,0.009533377582622557,2.6,2026-07-31
225,56.996618901243565,73.04452466907341,0.4381030166275002,55.77429658994119,58.21894121254595,10567,Cortlandt Manor,Westchester County,NY,710809.0,0.004415280440359132,-0.044472501328169045,0.12353385833535668,,-0.2943752520223637,0.028120256239400843,-0.1632177258437313,-0.03874916928770285,3.3,2026-07-31
226,56.978952539860906,72.92418772563177,0.4381030166275002,55.760605643513514,58.1972994362083,07070,Rutherford,Bergen County,NJ,767735.0,0.004058334741478126,0.03256794978103095,0.16743732355077867,0.039168568606262125,-0.21008917416714934,0.11480272681392012,0.11293502183114335,-0.04471899780789608,2.7,2026-07-31
227,56.97548777731063,72.80385078219012,0.4381030166275002,56.916041994358814,57.034933560262445,07432,Midland Park,Bergen County,NJ,765589.0,0.041117403366581234,0.02976963450346659,-0.28336747080156677,,-0.23832386982103704,0.0845960604517576,-0.03896433767065233,0.05010128559293596,2.6,2026-07-31
228,56.96208445412618,72.6835138387485,0.4381030166275002,54.12476911524578,59.79939979300657,11731,East Northport,Suffolk County,NY,779556.0,0.10417616988634074,0.04784881179697642,-0.06031660645406767,0.036174420414238864,-0.31311822863491234,0.040991622670557226,0.0584008740681945,-0.0033598201797510746,2.5,2026-07-31
229,56.892371195683616,72.56317689530685,0.4381030166275002,59.844703521727716,53.940038869639515,11724,Cold Spring Harbor,Suffolk County,NY,1790690.0,-0.04236777074345674,0.87948019739855,0.4370158769495145,,0.07927214395872428,0.3034692382263474,-0.23118621328872813,-0.03480427975314955,3.3,2026-07-31
230,56.87928468015843,72.44283995186522,0.4381030166275002,57.647889406552565,56.11067995376429,11233,New York,Kings County,NY,1031541.0,-0.07458593479170048,0.3279330737643651,0.0723847811676599,0.03818090003141248,0.9154483962879751,-0.15786602318233323,0.09800618147916929,0.016717836858859678,1.7,2026-07-31
231,56.85884217688615,72.3225030084236,0.4381030166275002,58.080844599732586,55.63683975403971,07076,Scotch Plains,Union County,NJ,856113.0,0.07857238205909348,0.1415260791560744,0.058416790125271234,,-0.35027605402563045,0.1569265318566616,0.10187782787008004,-0.056751345120035615,2.9,2026-07-31
232,56.79322633684183,72.20216606498195,0.4381030166275002,59.6659987271284,53.92045394655527,11965,Shelter Island,Suffolk County,NY,2079927.0,0.13842349753800712,1.0292118305956937,0.1360232476407095,,,0.3469435518068825,,-0.21456053509886058,2.9,2026-07-31
233,56.779398308845074,72.08182912154031,0.4381030166275002,55.74951004581889,57.809286571871255,11434,New York,Queens County,NY,721946.0,,-0.028925354285492588,-0.014166041315514022,,0.34078985646776583,-0.2585908453150712,-0.039886094873519795,0.010463982946060477,2.0,2026-07-31
234,56.759639612412045,71.96149217809868,0.4381030166275002,54.02062286687907,59.49865635794502,07439,Ogdensburg,Sussex County,NJ,437204.0,0.054769264163363834,-0.5304764786089731,-0.09479282619913931,,-0.4684138626268546,-0.14460730615618922,-0.06800555027592736,-0.012295854960552702,2.1,2026-07-31
235,56.75912366458283,71.84115523465704,0.4381030166275002,64.10929945687359,49.408947872292075,11576,Roslyn,Nassau County,NY,1767125.0,0.156127718811835,0.8662332464755309,0.2653017354206515,0.03730465295576542,0.21105496507796206,0.3046602957603286,-0.05985056381333109,-0.0985661902744412,2.9,2026-07-31
236,56.75254462945618,71.72081829121541,0.4381030166275002,56.72393552399101,56.78115373492136,11719,Brookhaven,Suffolk County,NY,722677.0,0.006631048431753689,-0.027914216756832033,0.15582904792254837,,-0.14492142049788126,-0.09637997348385591,0.378552111178621,-0.26427540889146756,2.6,2026-07-31
237,56.61580026018271,71.60048134777377,0.4381030166275002,51.17072007059,62.060880449775425,11436,New York,Queens County,NY,699970.0,0.04638478729808285,-0.059839331292526055,-0.06207143921035829,,0.18354677031038302,-0.25980889663611034,-0.07375919183916047,0.121454214297595,2.3,2026-07-31
238,56.60539927701626,71.48014440433214,0.4381030166275002,55.81607684718482,57.394721706847704,11710,North Bellmore,Nassau County,NY,832608.0,0.009699647721234689,0.11368657113830416,0.08281601199903221,,-0.31866024896822087,0.04995032170424352,0.00769854063250186,-0.03893368571947571,2.4,2026-07-31
239,56.58711611327138,71.3598074608905,0.4381030166275002,56.78782127293359,56.386410953609165,11732,East Norwich,Nassau County,NY,1035962.0,0.018698650985110282,0.3322098512859526,-0.32160195711832884,,0.04975533667694054,0.16790395341244535,-0.006833593817153982,-0.1678472718795631,2.6,2026-07-31
240,56.58194879644474,71.23947051744885,0.4381030166275002,54.73812452892681,58.42577306396267,10509,Brewster,Putnam County,NY,540585.0,0.04241279924151656,-0.3182251003019445,-0.25025398010104105,,-0.3576966820252985,-0.05631514110606395,-0.12029534463420433,0.03401034248083183,2.6,2026-07-31
241,56.54125478033997,71.11913357400722,0.4381030166275002,54.02800231423649,59.05450724644344,11370,New York,Queens County,NY,828017.0,-0.05395067767362924,0.10815723238715158,0.20600447010630596,0.04540487662343636,0.49856234247382747,-0.2485935445176154,-0.0546132086261224,0.04968104304598801,1.9,2026-07-31
242,56.50036998748858,70.99879663056558,0.4381030166275002,57.02923741501689,55.97150255996027,10983,Tappan,Rockland County,NY,761537.0,0.04012293756869881,0.02446207220861396,-0.10993822394558173,,-0.33051681455717064,0.11623484119867444,0.0683828417482637,0.03426539632812302,2.8,2026-07-31
243,56.48069585274177,70.87845968712395,0.4381030166275002,56.98451385366021,55.976877851823325,07936,East Hanover Township,Morris County,NJ,880920.0,0.05512516280009941,0.17009030078028964,0.002783425197545597,0.045856619163780574,-0.11650425752492954,0.09577369102886935,-0.13610731644409135,0.014546205002169452,2.4,2026-07-31
244,56.45909029867128,70.7581227436823,0.4381030166275002,53.89260497761441,59.025575619728144,08050,Manahawkin,Ocean County,NJ,605126.0,0.11658334220362612,-0.205438704730998,-0.15249036176574826,0.05155946924390858,-0.2349750199825842,-0.09297750783248698,0.10380712159647487,0.0329078698962955,2.7,2026-07-31
245,56.35052062756712,70.63778580024066,0.4381030166275002,56.72145757096379,55.97958368417044,11225,New York,Kings County,NY,1162315.0,-0.22995709634644398,0.44729293454186525,0.09232808774607193,0.03586584950966644,0.6847791803991192,0.011298139502431304,0.16124435206663534,0.012032367523456863,2.4,2026-07-31
246,56.32782725275583,70.51744885679904,0.4381030166275002,56.753983043635806,55.90167146187586,10920,Congers,Rockland County,NY,679298.0,-0.025761446655538117,-0.08981621792424832,-0.024482324558915636,,-0.34919581523214593,0.0747046795680103,-0.041186543492528926,-0.12436666353973687,2.5,2026-07-31
247,56.31699061725333,70.3971119133574,0.4381030166275002,55.146827840161414,57.48715339434525,07826,Branchville,Sussex County,NJ,465172.0,0.0006159845920134244,-0.46846822960420553,0.21443210240441246,,-0.5059434863004075,-0.1130393465413575,0.0833546612546403,-0.02038589884631721,2.5,2026-07-31
248,56.290717870083654,70.27677496991576,0.4381030166275002,52.2602774097753,60.321158330392,10466,New York,Bronx County,NY,679970.0,-0.05176122117751944,-0.08882762225278462,0.1271995305115965,0.056785844686397156,0.44324430744708176,-0.22698621128027785,-0.10919729821051227,-0.0010159462745240183,2.6,2026-07-31
249,56.284905330514356,70.15643802647413,0.4381030166275002,56.8201812151091,55.74962944591961,07605,Leonia,Bergen County,NJ,847264.0,-0.03914482931363636,0.13113599319316904,0.10760539463574226,,-0.009115781752352392,0.12189908578795217,0.0029016311483012203,0.005240267125924,2.9,2026-07-31
250,56.278794572560685,70.03610108303249,0.4381030166275002,60.7577846468809,51.79980449824046,11598,Woodmere,Nassau County,NY,1390549.0,0.12221159185959998,0.6265778545399012,0.33215792587687787,,0.10042124893481197,0.20602597384550891,0.038535352803933165,-0.07817967548472256,2.4,2026-07-31
251,56.24823050843532,69.91576413959085,0.4381030166275002,54.971286764738046,57.525174252132594,10507,Bedford Hills,Westchester County,NY,838462.0,0.07422969869501586,0.12069266561973357,-0.21376169734091377,,0.16660050942481486,-0.02160187212672221,0.1977840892430116,-0.251189879083032,3.1,2026-07-31
252,56.18766011085865,69.79542719614922,0.4381030166275002,62.86861616740694,49.50670405431036,11568,Old Westbury,Nassau County,NY,3079808.0,0.18072074078295622,1.4217464735265555,0.9806980154959515,,0.6215384200867298,0.2976387657059375,-0.07686485291237233,-0.15012531765853127,3.1,2026-07-31
253,56.16534561703406,69.67509025270758,0.4381030166275002,54.06185933118668,58.268831902881445,11422,New York,Queens County,NY,747119.0,-0.07877583180028722,0.005348556754185552,-0.16132927954666876,,-0.015688447437221642,-0.1411863069678984,0.03229465820552946,-0.018287431792390854,1.7,2026-07-31
254,56.15192546012387,69.55475330926595,0.4381030166275002,55.59967852819818,56.70417239204956,10708,Bronxville,Westchester County,NY,980539.0,-0.06642214928945264,0.27722589779286366,0.2609199344837574,0.052369173336192565,0.15948233156985903,0.15623027144415447,-0.140893383635591,0.01484173606277421,2.7,2026-07-31
255,56.13096468569372,69.4344163658243,0.4381030166275002,56.06653542359663,56.195393947790805,07648,Norwood,Bergen County,NJ,927081.0,0.01468383622165384,0.22116464588988904,-0.1940829306460774,,-0.24110770643634116,0.11534465858931997,0.14668395671442624,-0.13267130553804546,2.6,2026-07-31
256,56.07793651988028,69.31407942238266,0.4381030166275002,60.516435372530175,51.63943766723038,11105,New York,Queens County,NY,1151798.0,-0.0908305378853008,0.4382030760371016,0.3855852503767512,0.03181824018315061,0.5343694870282991,0.05641302738141263,0.013341175957599205,-0.0019146963188291927,1.6,2026-07-31
257,56.05324929875461,69.19374247894103,0.4381030166275002,54.037784786157495,58.06871381135173,07006,West Caldwell,Essex County,NJ,861915.0,0.04305237299587575,0.14828041586749663,-0.0467040882268126,0.03889594866693971,-0.13509335521504195,0.16175611159332226,-0.07796846367277865,0.0049722043138092226,2.7,2026-07-31
258,55.99972081333902,69.0734055354994,0.4381030166275002,60.16819299961992,51.831248627058116,10505,Baldwin Place,Westchester County,NY,1075598.0,0.09935213051770156,0.3697558749223244,0.3528818173674697,,0.05779437324022996,0.14178284854731993,-0.16081247745212046,0.14762583110083255,3.6,2026-07-31
259,55.975053759891196,68.95306859205776,0.4381030166275002,52.296423441021474,59.653684078760925,11423,New York,Queens County,NY,843106.0,-0.06583747487209343,0.12621653273538413,0.039361233514885186,0.03809129439655798,0.4647719901859595,-0.15534086039090794,-0.11389335152900415,-0.050001319721404605,2.0,2026-07-31
260,55.957445532663904,68.83273164861613,0.4381030166275002,56.512199644002905,55.4026914213249,11777,Port Jefferson,Suffolk County,NY,800022.0,-0.011371997265607087,0.07376264768242535,0.13662664518045986,0.0516207669776622,-0.21897679413158966,0.18924873766045547,0.03627924321276055,0.07196817995615871,2.5,2026-07-31
261,55.950352388907845,68.71239470517449,0.4381030166275002,50.40633542665615,61.49436935115954,07503,Paterson,Passaic County,NJ,564711.0,0.1314359319551265,-0.2745616084740483,0.005511666326569298,0.04723829874986825,0.34499448376501074,-0.3162686438628093,0.03063223123616865,0.06914871944268546,2.6,2026-07-31
262,55.91798699371738,68.59205776173285,0.4381030166275002,51.52850506774055,60.307468919694216,11766,Mount Sinai,Suffolk County,NY,774401.0,0.04913033313204487,0.04121394152153002,0.18833140130531412,,-0.2695018848076629,0.0127440842151888,-0.08993851996881297,-0.06229242518737595,2.4,2026-07-31
263,55.91320332147659,68.47172081829122,0.4381030166275002,61.12232160079788,50.7040850421553,07717,Avon by the Sea,Monmouth County,NJ,1848031.0,-0.00017738704184430687,0.9109997258957492,0.31313225556864843,,0.823044126310269,0.23480255270936168,0.047439534523276095,-0.05932529495694601,4.1,2026-07-31
264,55.91263864931578,68.35138387484957,0.4381030166275002,52.95279330132991,58.87248399730165,11542,Glen Cove,Nassau County,NY,836459.0,0.02033052708302599,0.11830176937103865,-0.45865791183889115,0.05337846065461473,0.30436036982649983,-0.06516370020275464,-0.08557344370646369,0.06263549896203484,2.3,2026-07-31
265,55.890062822417086,68.23104693140795,0.4381030166275002,56.19310245338656,55.587023191447614,07444,Pompton Plains,Morris County,NJ,718665.0,0.04748364197932489,-0.03348018195825553,0.11214369183888628,,-0.08256042400499486,0.05242691398725374,-0.048679829438956546,-0.02015675854218886,2.7,2026-07-31
266,55.8643407176352,68.1107099879663,0.4381030166275002,56.428375588766855,55.30030584650355,11740,Greenlawn,Suffolk County,NY,845101.0,0.06818694716096588,0.12857940944070378,-0.15038393617557944,,-0.17658050166064965,0.051441239911128034,-0.029291997635246148,-0.03551782921336662,2.4,2026-07-31
267,55.86201578187632,67.99037304452466,0.4381030166275002,57.44964378010754,54.2743877836451,07980,Stirling,Morris County,NJ,770320.0,0.03152978402135567,0.03592995871656868,-0.3647401424907972,,-0.33628726594080516,0.15290107063568847,0.052904186584921575,-0.2642386244259513,2.4,2026-07-31
268,55.82140594737814,67.87003610108303,0.4381030166275002,58.551495512335364,53.091316382420914,10065,New York,New York County,NY,1721303.0,-0.2877660094937774,0.8399605462513833,0.3758008123410779,0.033026310742896095,0.5156590867803181,0.3743287364559055,-0.1858154623015924,0.019083826042928728,3.4,2026-07-31
269,55.7965392725492,67.7496991576414,0.4381030166275002,52.35599415649767,59.237084388600714,11003,Elmont,Nassau County,NY,743134.0,0.014919615982668694,0.0,-0.060496413634465895,0.04621912914411601,-0.09995169075783328,-0.16385827597677238,-0.0577187084600812,-0.058698728289383786,2.1,2026-07-31
270,55.770719629572014,67.62936221419976,0.4381030166275002,48.11956043104174,63.42187882810229,08724,Brick,Ocean County,NJ,524165.0,0.12888381454651246,-0.34906894325292903,-0.7682161984722935,0.05793336920615965,-0.2637733172446872,-0.12469784867191974,0.02705766203166604,-0.03654327963049982,2.5,2026-07-31
271,55.72997472606825,67.50902527075813,0.4381030166275002,57.78157391978016,53.67837553235635,07670,Tenafly,Bergen County,NJ,1335447.0,0.1071729863139538,0.5861455132706865,0.5561445459915451,0.04515714828138568,-0.0310967784957612,0.29656861431080916,-0.04555081443162656,0.07449958108109582,3.0,2026-07-31
272,55.728868957341646,67.38868832731649,0.4381030166275002,54.984024101535525,56.473713813147775,07504,Paterson,Passaic County,NJ,593508.0,0.08262545988717598,-0.22482627271431888,0.02429608232976399,,0.15706357644534807,-0.3479455497667763,0.00999363202647352,-0.07319088394321378,2.8,2026-07-31
273,55.67452862889694,67.26835138387484,0.4381030166275002,58.10980454630691,53.23925271148697,11223,New York,Kings County,NY,1102835.0,-0.07322574472660079,0.39476317845045017,0.2026635643989234,0.02876949078369247,0.9670610407028917,-0.15529554186443623,-0.07163709293625153,-0.07610776240115742,2.8,2026-07-31
274,55.60812509512902,67.14801444043322,0.4381030166275002,51.95667682165902,59.259573368599014,11955,Moriches,Suffolk County,NY,639851.0,0.03819221127689368,-0.14964102337122753,-0.1559613975762808,0.0459486514590135,0.19154111009455543,-0.18812047313778596,-0.03657563792967622,-0.24825634008732117,2.1,2026-07-31
275,55.59924803413191,67.02767749699157,0.4381030166275002,53.475897889124546,57.722598179139275,08840,Metuchen,Middlesex County,NJ,695321.0,0.09905054322612408,-0.06650247525105613,0.17530889962028873,0.047239567136695096,-0.33319211667820103,0.13125078922409106,-0.08483288144063472,0.0027675003676573134,2.6,2026-07-31
276,55.590222536852224,66.90734055354994,0.4381030166275002,56.512795380587164,54.66764969311728,07932,Florham Park,Morris County,NJ,1066318.0,0.10509375510073796,0.36109033557458403,-0.025221662509098408,,0.029559596633661256,0.20682942557030726,-0.024732995593211626,0.13081762539356517,2.7,2026-07-31
277,55.57059182052856,66.78700361010831,0.4381030166275002,54.09044587570436,57.050737765352764,08801,Annandale,Hunterdon County,NJ,632361.0,0.0044863892792438576,-0.16141546484912794,-0.013062514035047101,,-0.44971998476289987,0.1598459559955937,-0.0668350139225673,0.01651058212655014,2.5,2026-07-31
278,55.532062456476496,66.66666666666666,0.4381030166275002,58.21209643803383,52.852028474919166,08850,Milltown,Middlesex County,NJ,625186.0,0.11845071006951749,-0.17282665982569156,0.1359967196288867,,-0.4045830387928462,-0.04111299961843423,0.029241382101805158,0.06515899581910771,2.5,2026-07-31
279,55.52397703180158,66.54632972322503,0.4381030166275002,54.33995480926674,56.707999254336414,10710,Yonkers,Westchester County,NY,773851.0,0.005051160174529917,0.04050294770309648,-0.17339720069089992,0.04093812186043995,0.071834960264616,-0.030572806885702075,-0.021185734386168775,-0.003658965976325937,2.7,2026-07-31
280,55.48200761537241,66.4259927797834,0.4381030166275002,60.18987131898489,50.774143911759936,11363,New York,Queens County,NY,1129137.0,-0.043718317078389995,0.41833243438657597,0.20630567238971587,0.0317915450873237,0.311155568698118,0.07043795753929893,-0.01806110114686632,0.007373915664390204,2.1,2026-07-31
281,55.442989881355274,66.30565583634176,0.4381030166275002,54.89372725458623,55.99225250812432,07657,Ridgefield,Bergen County,NJ,793090.0,0.008580558243711428,0.06506018004354175,0.1320185496726829,0.038482404501623976,0.015132544950646531,-0.026137255815301574,0.2675214857116668,-0.007969107822425506,2.3,2026-07-31
282,55.442628163842016,66.18531889290013,0.4381030166275002,59.47643586306051,51.40882046462352,07440,Pequannock,Morris County,NJ,695211.0,0.08304138069448577,-0.06666055971298768,0.010225645420302243,,-0.33711437653113596,0.0405959734593041,-0.14301547320087238,-0.043042148689258666,2.9,2026-07-31
283,55.42105249035919,66.06498194945848,0.4381030166275002,51.73918247570492,59.102922505013446,10541,Mahopac,Putnam County,NY,639735.0,0.04432786496396482,-0.14982199711614363,-0.070648803368897,,-0.36027986705865733,-0.03179495065305632,0.026018857001501416,-0.030649204146200495,2.7,2026-07-31
284,55.41801229989147,65.94464500601684,0.4381030166275002,55.48420760618902,55.35181699359393,07067,Colonia,Middlesex County,NJ,649678.0,0.0904442796505304,-0.13439888854261106,0.08848694077000907,,-0.22299031970306094,-0.0037503333620251267,-0.14992855257574256,-0.04244947977784337,2.2,2026-07-31
285,55.38019919176571,65.82430806257521,0.4381030166275002,54.01335150082933,56.7470468827021,11746,South Huntington,Suffolk County,NY,798482.0,0.07764828179127684,0.07183616021479189,-0.107097456729079,0.04992807536751549,-0.31035843270504526,-0.009530632113314452,0.1138590821585801,-0.05935582733595064,2.4,2026-07-31
286,55.3529294808108,65.70397111913357,0.4381030166275002,55.47185259541049,55.234006366211105,11780,Saint James,Suffolk County,NY,859233.0,0.053402737544557516,0.14516358752617364,0.11243781370363415,,-0.10739178565835883,0.03075541525946457,-0.0905558443889376,-0.07907517682890282,2.6,2026-07-31
287,55.30352783563639,65.58363417569194,0.4381030166275002,57.73506973950441,52.87198593176837,10962,Orangeburg,Rockland County,NY,768492.0,0.02466995940888808,0.033553526809074086,-0.06219969140901149,,-0.24577456701926015,0.10613806100139167,0.043117733216876175,-0.09205059189965921,2.8,2026-07-31
288,55.295097974877194,65.46329723225031,0.4381030166275002,58.12754908728689,52.46264686246751,10501,Amawalk,Westchester County,NY,873154.0,0.034471926751667686,0.1612353516560816,0.0964577755010172,,-0.5131741595471528,0.20171339581439462,-0.2085503503609658,0.07385198221695459,2.9,2026-07-31
289,55.28239036774596,65.34296028880865,0.4381030166275002,54.185939708479545,56.378841027012385,11964,Shelter Island,Suffolk County,NY,1794059.0,0.11329527112623197,0.8813599120569222,-0.15972494197869302,,0.7001607818887752,0.11795094640978276,0.2552282680326794,0.02130603260836876,2.9,2026-07-31
290,55.243290523964305,65.22262334536703,0.4381030166275002,52.120071884894735,58.366509163033875,10705,Yonkers,Westchester County,NY,721738.0,-0.007797770067753257,-0.02921424648309312,0.17841050902170608,0.04401413590966692,0.47374152276932757,-0.1925325822379887,0.0314195479889392,-0.003912035795637883,2.5,2026-07-31
291,55.22048214557981,65.1022864019254,0.4381030166275002,55.894986334267585,54.545977956892024,11793,Wantagh,Nassau County,NY,825548.0,0.0028052085531683757,0.10517095319950442,-0.00137424563929045,,-0.291973097554002,0.014780226604114155,-0.05115809561248241,-0.00249124662239604,2.2,2026-07-31
292,55.17680894571626,64.98194945848375,0.4381030166275002,53.925317606700986,56.428300284731534,07416,Franklin,Sussex County,NJ,380608.0,0.03983586709002687,-0.6691050167264425,-0.22063029881632445,,-0.4909620671626709,-0.2787154716548418,0.08886749048441267,0.02026522916842248,2.1,2026-07-31
293,55.1529360844398,64.86161251504213,0.4381030166275002,48.90305487431473,61.40281729456486,08723,Brick,Ocean County,NJ,526199.0,0.08918379014696712,-0.34519614408298516,-0.5094290718206071,0.06372743735830987,-0.312006557236127,-0.15787202568820463,0.12296857232838221,-0.06335852915000269,2.2,2026-07-31
294,55.14070099969791,64.74127557160048,0.4381030166275002,58.80767790370554,51.47372409569029,11705,Bayport,Suffolk County,NY,785856.0,0.03341684417085347,0.0558969143687591,0.08191559371237034,,-0.3245402462600435,0.060126007267992776,0.15028720920394711,0.0044611447685299205,3.1,2026-07-31
295,55.11315694631112,64.62093862815884,0.4381030166275002,54.08534557420064,56.1409683184216,10546,Millwood,Westchester County,NY,1013227.0,0.10218854194023344,0.3100193110009428,0.07652302699217195,,-0.3002341584884374,0.3483813663288091,-0.3707189090534726,0.24729331627411383,3.6,2026-07-31
296,55.09559361633082,64.50060168471721,0.4381030166275002,53.935764317333415,56.25542291532821,11572,Oceanside,Nassau County,NY,802115.0,0.013074715386441588,0.07637612605653565,-0.0636241125444883,0.051987540664648106,-0.20490292536865096,-0.007228097636558517,-0.003394467408664781,-0.0035952962971525643,2.2,2026-07-31
297,55.08543996506357,64.38026474127557,0.4381030166275002,58.0030753593383,52.167804570788846,11978,Westhampton Beach,Suffolk County,NY,1655284.0,0.05769023814053256,0.8008517997274787,0.4358726105244699,,0.6923639511738162,0.08420141654520419,-0.04573624099278639,-0.005474997641104998,2.3,2026-07-31
298,55.02622877523061,64.25992779783394,0.4381030166275002,56.30452886930287,53.74792868115835,11791,Syosset,Nassau County,NY,1222600.0,0.05857336147998318,0.4978591955030023,-0.09333146849165708,0.05152950804901426,-0.09390270948350765,0.21303821737870332,-0.08109454832631258,-0.06671236124843612,2.8,2026-07-31
299,54.96709856596778,64.13959085439231,0.09727594593769151,54.36570822535259,55.56848890658297,10596,Verplanck,Westchester County,NY,560110.0,-0.045680814163270606,-0.2827427535574305,-0.0877290620066109,,-0.1473815083864054,-0.0068420223176746675,-0.09283573826125213,-0.29307567504019677,3.8,2026-07-31
300,54.96378539288902,64.01925391095065,0.09727594593769151,52.15580002233169,57.77177076344635,08863,Fords,Middlesex County,NJ,540869.0,0.12412561784272605,-0.31769828592816296,-0.07555685505520238,,-0.34883261825148115,-0.07084327062051243,0.007360924154941273,0.021870002612930414,2.1,2026-07-31
301,54.95683438843878,63.898916967509024,0.09727594593769151,54.33345053342009,55.58021824345746,07075,Wood Ridge,Bergen County,NJ,712668.0,0.0273336262191414,-0.041860036174686144,0.0655860843655578,0.04706031946412461,-0.23405185999878886,0.045720910022846506,-0.023883628378298383,0.1357823680550932,1.8,2026-07-31
302,54.95680769328327,63.77858002406739,0.09727594593769151,43.304562194459116,66.60905319210741,10458,New York,Bronx County,NY,431786.0,-0.35907720954361333,-0.5429461124042358,-0.04059196257498421,0.07702607631423693,0.46962867060006874,-0.3075948196052724,-0.08986545855741923,0.01202008429849348,1.4,2026-07-31
303,54.94223329348643,63.65824308062575,0.09727594593769151,56.24598344876568,53.638483138207185,07039,Livingston,Essex County,NJ,1113222.0,0.0905002254806643,0.4041376495362865,0.08019154239512005,0.047158733966131655,-0.3118409607836725,0.24400201155790135,0.09027947723341789,-0.022806877377527804,2.7,2026-07-31
304,54.92541829234398,63.537906137184116,0.09727594593769151,56.38752013370516,53.46331645098279,07830,Califon,Hunterdon County,NJ,783340.0,0.02799444704077772,0.05269018018595517,0.1554829154012598,,-0.4237319726251638,0.1731298176483208,0.06585840505488427,0.09673505088412009,2.6,2026-07-31
305,54.90638571660864,63.41756919374247,0.09727594593769151,58.94357849187881,50.86919294133847,07722,Colts Neck Township,Monmouth County,NJ,1362510.0,0.13474296921720033,0.6062078562225235,0.4741559072862529,,0.03419004712076368,0.1835736590864907,-0.10060962127914053,0.030678644231621185,3.1,2026-07-31
306,54.89939805077405,63.29723225030084,0.09727594593769151,54.215326337298606,55.58346976424951,07435,Newfoundland,Morris County,NJ,641201.0,0.03705593565806567,-0.14753313460702344,0.1477486946048998,,-0.40536585612307197,-0.11634386656220558,-0.07196681803765337,0.07781595796432343,2.7,2026-07-31
307,54.83237187751164,63.1768953068592,0.09727594593769151,54.917620013867676,54.747123741155605,08514,Cream Ridge,Monmouth County,NJ,734331.0,0.09474466639987114,-0.011915925886567535,0.15530979586561955,,-0.18878240331081142,-0.0489157129844211,0.053987282743021225,-0.05051309257806365,2.4,2026-07-31
308,54.83221815117852,63.05655836341757,0.09727594593769151,41.91254148151046,67.75189482084659,10467,New York,Bronx County,NY,429079.0,-0.36817995807629667,-0.5492356801312095,-0.06241018202391757,0.06633181001067025,0.2734887690375636,-0.2701877718046072,-0.00570870181004679,0.018150862214870764,2.2,2026-07-31
309,54.82922802034342,62.936221419975936,0.09727594593769151,52.94943906258502,56.70901697810182,07675,River Vale,Bergen County,NJ,932968.0,0.03492914162352748,0.22749509893931297,0.010021113944793214,0.042991811415597644,-0.26157536565443995,0.17696495294965153,0.09679384192472007,-0.10578705060026446,2.6,2026-07-31
310,54.79510049112837,62.8158844765343,0.09727594593769151,53.170363657718426,56.41983732453832,11783,Seaford,Nassau County,NY,815537.0,0.012549575680207786,0.09297115848210957,0.03275769659053829,,-0.36188216087265634,-0.014863180868160797,0.045376673908089415,-0.018514934321998758,2.4,2026-07-31
311,54.69989606498766,62.69554753309266,0.09727594593769151,53.79127854110973,55.60851358886559,11952,Mattituck,Suffolk County,NY,1020621.0,0.03066234156394501,0.31729069167420576,-0.25560268735753233,,0.2498981503236919,-0.022667483071728445,0.03521819786237934,-0.1578977070389837,2.7,2026-07-31
312,54.659699687406814,62.57521058965102,0.09727594593769151,55.108230479557385,54.211168895256236,07045,Montville,Morris County,NJ,833261.0,0.01896603768112684,0.11447096983762606,0.08662676931365532,,-0.38504952359047917,0.2102603515097886,-0.14086954261080642,-0.04638326904170116,2.3,2026-07-31
313,54.65753345163071,62.454873646209386,0.09727594593769151,47.62715998155799,61.68790692170344,10931,Hillburn,Rockland County,NY,517857.0,0.011952727491559761,-0.361176101766862,-0.583973866759365,,-0.06314779436486373,-0.23438187876477923,-0.05422183993618823,0.17113145567340854,2.3,2026-07-31
314,54.63177495032336,62.33453670276775,0.09727594593769151,51.6599253337656,57.603624566881116,08904,Highland Park,Middlesex County,NJ,601053.0,0.04933889362827984,-0.21219292375004706,0.039786188610518636,0.04777471943970998,-0.14197786897977527,0.2077596598792849,0.020455753624194273,0.05978605797476026,2.6,2026-07-31
315,54.60559926320762,62.214199759326114,0.09727594593769151,52.230882223071305,56.98031630334395,08859,Parlin,Middlesex County,NJ,563713.0,0.08911378031431419,-0.2763315376339186,-0.028003985743994875,0.06293383562674312,-0.15906416245942734,-0.11438505229057205,-0.03863651929103007,0.042369635329601515,2.5,2026-07-31
316,54.57376315089935,62.093862815884485,0.09727594593769151,53.53089554410633,55.616630757692384,18425,Greeley,Pike County,PA,301018.0,-0.018400402911575492,-0.9037052889609107,-0.08406902512287573,,-0.4462966329074043,-0.33945073230494793,0.03839562826302334,-0.46932088857369764,1.5,2026-07-31
317,54.57010870547984,61.973525872442835,0.09727594593769151,52.20475664705751,56.93546076390217,11789,Sound Beach,Suffolk County,NY,535124.0,0.025339227510436407,-0.3283776636456146,-0.1810338632768964,,-0.4863405559397702,-0.027886244693685003,0.02255105611987851,-0.02713152633770806,2.5,2026-07-31
318,54.535219648422405,61.8531889290012,0.09727594593769151,55.96928722791278,53.10115206893203,07865,Port Murray,Hunterdon County,NJ,517663.0,-0.00021849072517063362,-0.3615521289219057,-0.01694510580832187,,-0.32294487576594944,-0.027600222736892055,-0.3627514149530633,0.18383861812711394,2.3,2026-07-31
319,54.53287334440569,61.73285198555957,0.09727594593769151,53.48090200077104,55.58484468804033,11369,New York,Queens County,NY,847115.0,-0.06958850769983335,0.1309600938923623,0.23737163988219478,0.03588651503060833,0.4664846979523378,-0.26772119748165946,0.16216038515311304,0.032291534710603906,1.8,2026-07-31
320,54.517567683831864,61.612515042117934,0.09727594593769151,52.60454752475706,56.43058784290667,18336,Matamoras,Pike County,PA,307553.0,0.05342293314948812,-0.8822280021085707,-0.1581793068487105,,-0.4277973364282339,-0.16882784276198043,-0.20669345449019438,0.0931205150490471,2.2,2026-07-31
321,54.49102691251335,61.4921780986763,0.09727594593769151,53.73230680588952,55.249747019137175,10976,Sparkill,Rockland County,NY,771802.0,0.05864262656255051,0.037851641993212226,-0.2533088302008313,,0.3060061708426953,-0.004949000085669397,0.12984079949815097,-0.16055694073006038,2.8,2026-07-31
322,54.48756607703039,61.371841155234655,0.09727594593769151,55.03876931476462,53.93636283929615,11768,Northport,Suffolk County,NY,990562.0,0.017154797473980216,0.2873958287139615,0.09218655113660823,0.037756360826936904,-0.14215025813110604,0.14262040742417004,0.002933213402650736,-0.03527944702227766,2.9,2026-07-31
323,54.479953065875975,61.25150421179302,0.09727594593769151,55.71537151774625,53.2445346140057,11721,Centerport,Suffolk County,NY,922785.0,0.009569524828778958,0.21652044417777105,-0.09399288598307187,,-0.3463346370335778,0.2231511471897356,0.09726770310477661,-0.04187687374675848,2.8,2026-07-31
324,54.47295304447623,61.13116726835138,0.09727594593769151,53.12435397729735,55.8215521116551,11221,New York,Kings County,NY,1098219.0,-0.1315041834113174,0.3905692350570735,-0.005295632735567324,0.04009220394554702,0.6605532920607977,-0.030997393357575287,0.1787912529896829,0.07769637795066257,1.5,2026-07-31
325,54.43570597653212,61.01083032490975,0.09727594593769151,50.591271724143425,58.28014022892081,11779,Ronkonkoma,Suffolk County,NY,650441.0,0.03665038217327457,-0.13322574069774618,-0.04345946752921215,0.055477972531269036,-0.13207360036351656,-0.18490548490842462,-0.10063029429367276,0.04509489457238329,2.8,2026-07-31
326,54.42545798556603,60.89049338146811,0.09727594593769151,58.454643343600154,50.39627262753189,07677,Woodcliff Lake,Bergen County,NJ,1292469.0,0.11508262233350344,0.5534330604530133,0.2756763422781443,,-0.09119730116606317,0.3213702962895971,-0.0075647016057462935,0.0740460181854961,3.0,2026-07-31
327,54.378486406146116,60.770156438026476,0.09727594593769151,53.170215928525955,55.58675688376628,11714,Bethpage,Nassau County,NY,795556.0,0.030357756914713013,0.06816547971342324,-0.09772857933335644,,0.000498294254172249,-0.0920050719758645,-0.17929359811344447,-0.0588098697034007,2.3,2026-07-31
328,54.37612132742781,60.64981949458483,0.09727594593769151,50.11129422784799,58.640948427007636,10461,New York,Bronx County,NY,733664.0,-0.049607630045098355,-0.012825264178530915,0.3319323589722565,0.0437318393367552,0.503321157697411,-0.214585475844215,-0.09176362372254587,-0.005982587018965993,2.0,2026-07-31
329,54.28481942801835,60.5294825511432,0.09727594593769151,52.60202534087563,55.967613515161084,07933,Gillette,Morris County,NJ,789885.0,0.0117182761399576,0.061011520022780985,-0.37084901519347113,,,0.19306154641481,,0.04897675003099371,2.5,2026-07-31
330,54.27190012494059,60.40914560770156,0.09727594593769151,59.98013418790341,48.56366606197778,07092,Mountainside,Union County,NJ,1071718.0,0.04968600019513794,0.36614192150243063,0.17967834848216135,,-0.26700586546166716,0.18208897175795613,0.3294961455571084,-0.022851555888754496,2.6,2026-07-31
331,54.25976965129428,60.28880866425993,0.09727594593769151,57.86953132778454,50.65000797480401,07924,Bernardsville,Somerset County,NJ,1044061.0,0.10191697111707612,0.33999686589256406,0.03302133184264733,,-0.402756024986233,0.2375408870763489,0.12278343227568911,-0.03703389777248818,2.8,2026-07-31
332,54.2517150004393,60.168471720818296,0.09727594593769151,54.28633388726429,54.2170961136143,11501,Mineola,Nassau County,NY,845599.0,0.05263840220119356,0.129168650264063,-0.33609797187557255,0.049207037504578596,-0.0743976830036257,0.08816909677074525,0.07516565216616122,0.11564547876266422,2.5,2026-07-31
333,54.24038008318077,60.048134777376646,0.09727594593769151,53.803030298298125,54.677729868063416,07821,Byram Township,Sussex County,NJ,535173.0,0.07017174268538931,-0.32828657399179306,0.06253563729440792,,-0.5618703653513137,0.0011998320707673482,0.030775622647562173,-0.02768362060766423,2.6,2026-07-31
334,54.22636880478934,59.92779783393502,0.09727594593769151,56.02519979478885,52.42753781478983,08510,Millstone Township,Monmouth County,NJ,972849.0,0.08641588867039687,0.2693531103526734,0.3803089635476997,,-0.4297745707097118,0.08384002545832303,0.15749324013939692,-0.032626426099637576,2.6,2026-07-31
335,54.21234561899554,59.80746089049338,0.09727594593769151,51.333320610646126,57.091370627344965,11520,Freeport,Nassau County,NY,679500.0,0.01234657556327115,-0.0895194364428864,-0.20035035293968662,,-0.17021590675151654,-0.21585028686853264,0.1616118193721885,-0.026915462997736575,2.3,2026-07-31
336,54.18962397981056,59.687123947051745,0.09727594593769151,57.492668170518414,50.88657978910271,11796,West Sayville,Suffolk County,NY,711078.0,-0.10741056109038247,-0.04409398005951637,-0.04786466360344832,,-0.4788533187230233,-0.06495119957978573,0.18505898321856407,-0.006730155918030348,2.8,2026-07-31
337,54.16313032503396,59.56678700361011,0.09727594593769151,52.82147451455691,55.50478613551101,11580,Valley Stream,Nassau County,NY,762062.0,0.009928871174313875,0.025151756209581322,-0.0477079858732985,,-0.17650231509906722,-0.09900390988861069,-0.013969301320049254,-0.05164281533130195,2.1,2026-07-31
338,54.15222333517878,59.44645006016847,0.09727594593769151,53.34014690478299,54.96429976557457,07513,Paterson,Passaic County,NJ,587806.0,0.03002708613087393,-0.23448001499793136,0.03486125541186702,,0.25804709249594526,-0.361770325841829,0.20622032344145325,-0.06818595811536428,1.9,2026-07-31
339,54.13253012165421,59.32611311672683,0.09727594593769151,50.97422615831919,57.29083408498924,10603,White Plains,Westchester County,NY,683703.0,0.022440083967376984,-0.08335300432452186,-0.2571316914086612,0.05726172994305597,-0.15810153845735297,-0.031645706403297336,0.002212091956145912,0.0004721505677045962,2.8,2026-07-31
340,54.11499814171383,59.205776173285194,0.09727594593769151,59.516266446937706,48.71372983648996,07935,Green Village,Morris County,NJ,1111663.0,0.01078887154151112,0.40273583728436435,0.00872576101114042,,0.45136014818096615,0.14080223144142423,-0.7687226395422417,0.3979296478758159,2.3,2026-07-31
341,54.025565018568926,59.08543922984356,0.09727594593769151,52.95117546628717,55.099954570850684,10589,Somers,Westchester County,NY,691835.0,0.003148742819853473,-0.07152928223263899,-0.262987402560114,,-0.21174236242942013,0.18326717406224646,0.02198843358688407,-0.07485091729345479,2.1,2026-07-31
342,54.018243540902596,58.96510228640193,0.09727594593769151,48.6946422004475,59.341844881357694,11706,Bay Shore,Suffolk County,NY,647608.0,-0.04955683932970131,-0.13758987667618072,-0.09925894598632112,0.05455577984249548,-0.20051093707574386,-0.2237702910881969,0.039892955757652615,-0.022502298297371673,2.3,2026-07-31
343,53.9423835369105,58.844765342960294,0.09727594593769151,57.268745712766076,50.61602136105492,11231,New York,Kings County,NY,1788288.0,-0.17802742215941478,0.8781379959287623,0.42126778532117015,0.03288007706357997,0.6582525627755611,0.184010967000944,0.1083622859479565,0.044354781355435954,2.2,2026-07-31
344,53.92119977268909,58.724428399518644,0.09727594593769151,57.25804992641306,50.58434961896513,07058,Pine Brook,Morris County,NJ,939740.0,0.024310203588461837,0.2347270010205218,0.14665427606178838,0.036813851919424274,0.10547820062614366,0.13759038197098672,-0.2665232976089289,0.1681281603525389,2.4,2026-07-31
345,53.89875911738217,58.604091456077015,0.09727594593769151,54.81017079105902,52.98734744370531,07512,Totowa,Passaic County,NJ,668716.0,0.027450760838622662,-0.10551603828793255,0.11395246970671913,,-0.11661692288207104,-0.08316426223531509,-0.1588371529718966,0.05411976845206139,2.2,2026-07-31
346,53.89094831391472,58.48375451263538,0.09727594593769151,55.642490727263116,52.13940590056632,07647,Northvale,Bergen County,NJ,786564.0,0.04045649701033441,0.05679795566198642,-0.2629463984001621,,-0.07820087910464335,0.012376629611094314,-0.07399169151029739,-0.0038496151780662152,2.6,2026-07-31
347,53.80792583231141,58.36341756919374,0.09727594593769151,48.894366062498804,58.72148560212401,10460,New York,Bronx County,NY,521421.0,-0.21636828867620714,-0.3543176570213955,0.09334208967009161,0.06365932344003535,0.7748735629684471,-0.3387293044309798,0.045058400211170024,0.08524972631989085,1.6,2026-07-31
348,53.80764252267667,58.24308062575211,0.09727594593769151,56.38760600174636,51.22767904360699,08827,Hampton,Hunterdon County,NJ,629708.0,0.06103075260347737,-0.1656205863369422,0.10291681417097998,,-0.3542574462172461,0.005365833988264623,0.0244519663274243,-0.12028988808290438,2.6,2026-07-31
349,53.7698360408956,58.12274368231047,0.09727594593769151,62.46040841250184,45.07926366928936,07934,Far Hills,Somerset County,NJ,1038767.0,0.0589316797914389,0.3349132137627002,0.1905404702021407,,-0.44683762152677287,0.2947576587585664,0.3183422532204503,-0.04842415625230041,2.7,2026-07-31
350,53.73284897774872,58.00240673886883,0.09727594593769151,59.548920314301654,47.91677764119579,11215,New York,Kings County,NY,1525203.0,-0.15565967646965148,0.7190063299421734,0.2633058345571033,0.03366114797219946,0.21524259062002815,0.3153211255018511,0.11034331144491638,0.027675171603567514,2.6,2026-07-31
351,53.72991997861827,57.88206979542719,0.09727594593769151,57.705358441364,49.75448151587255,11962,Sagaponack,Suffolk County,NY,6802491.0,0.12262321931864797,2.214167889614261,0.983130791145447,,,0.21602364429123033,,0.018124286548229215,2.5,2026-07-31
352,53.67338810878189,57.761732851985556,0.09727594593769151,56.5076344733366,50.83914174422719,07064,Port Reading,Middlesex County,NJ,550779.0,0.10933601705428977,-0.29954187944802335,-0.0666321781200665,,-0.47503466875217026,-0.1784150988539438,0.176679910233128,-0.2625661035476942,2.7,2026-07-31
353,53.650258239408174,57.64139590854393,0.09727594593769151,55.965978484104205,51.33453799471215,07822,Augusta,Sussex County,NJ,557476.0,-0.0037050902105391914,-0.28745691730317446,0.23080742703205992,,-0.3071678117740657,-0.15793272522129326,0.18399462924557675,0.13681491499661763,2.6,2026-07-31
354,53.58891027442557,57.52105896510229,0.09727594593769151,53.52851183172206,53.64930871712909,11001,Floral Park,Nassau County,NY,873336.0,-0.02742280377906922,0.16144462584122188,0.12761492168309196,0.03921741951164455,-0.12793380384061348,0.04113215611221832,0.04940991277356588,-0.07443113462921298,1.9,2026-07-31
355,53.58876374743954,57.400722021660656,0.09727594593769151,49.748364229931624,57.429163264947455,11778,Rocky Point,Suffolk County,NY,558708.0,0.03664757458763504,-0.28524851073766655,-0.15539146908235857,,-0.4030395656029804,-0.12281977434957342,0.025039383666822346,0.008469765751176347,2.5,2026-07-31
356,53.54152697820769,57.28038507821901,0.09727594593769151,56.42694304358405,50.65611091283133,10578,Purdys,Westchester County,NY,684380.0,0.0025528385591403746,-0.0823622573381364,-0.28706134086198354,,-0.8825703107779621,0.20275420743719552,0.5800640528581198,0.6107879285298525,2.6,2026-07-31
357,53.539604203325325,57.16004813477738,0.09727594593769151,55.590090560200814,51.48911784644983,07046,Mountain Lakes,Morris County,NJ,1231359.0,0.0738434001102938,0.504997186916313,0.5849424552191156,,-0.2952108665235127,0.3683829975100028,-0.19900193799522903,0.021215548867498144,2.7,2026-07-31
358,53.512520369906085,57.03971119133574,0.09727594593769151,55.02872804543535,51.99631269437681,10952,Monsey,Rockland County,NY,1155778.0,0.18630048910558764,0.44165315866884036,0.330679970515936,,0.9988528484498598,-0.23551986344585024,-0.14980579600974586,0.15435282759017382,2.4,2026-07-31
359,53.47931930706406,56.919374247894105,0.09727594593769151,50.32714023375435,56.63149838037377,10469,New York,Bronx County,NY,705694.0,-0.030232125536037907,-0.051694506207862645,0.3616818846537271,0.055732183848895535,0.3385658946454544,-0.20275933893573234,-0.08069671755399987,0.042687369644888215,2.2,2026-07-31
360,53.47380947008587,56.79903730445247,0.09727594593769151,57.67585719268069,49.271761747491055,10594,Thornwood,Westchester County,NY,932689.0,0.035016827819909585,0.22719578293363973,-0.07976002643377633,,-0.14861719073498603,-0.01854327447813231,-0.24114610956823235,0.060338077762943684,2.7,2026-07-31
361,53.448578482387305,56.678700361010826,0.09727594593769151,55.18604884214765,51.71110812262697,10709,Eastchester,Westchester County,NY,1027870.0,0.014381030954007917,0.3243675743276171,0.12289317108202091,0.0402774754565763,-0.09262393593517193,0.16853884974802058,0.052184392960628045,-0.04196949245664579,3.1,2026-07-31
362,53.434810451341434,56.55836341756919,0.09727594593769151,49.48578305182812,57.383837850854746,07424,Woodland Park,Passaic County,NJ,644217.0,0.021343895329215462,-0.1428405060413276,0.002201911505549603,0.047611283281008304,-0.07602006891791757,-0.028740168808601863,-0.0440936550784059,0.08687184768371585,2.0,2026-07-31
363,53.43128229269342,56.438026474127554,0.09727594593769151,51.88450680120541,54.97805778418142,11552,West Hempstead,Nassau County,NY,804051.0,0.028682123871688253,0.07878635257510958,-0.03137530761450513,0.05660255418506426,-0.24437495507429507,-0.0036611246391030083,0.006207232890735881,0.001966507907555745,2.2,2026-07-31
364,53.40780516583927,56.317689530685925,0.09727594593769151,55.6735530603088,51.142057271369744,10595,Valhalla,Westchester County,NY,907010.0,0.024455408004634555,0.1992777014347169,0.07636023458456442,,0.1047955601289885,-0.00631273806912569,-0.11547292456934954,-0.017207093973235124,2.7,2026-07-31
365,53.39292886384549,56.19735258724429,0.09727594593769151,51.94405620884389,54.84180151884709,07878,Mount Tabor,Morris County,NJ,564862.0,0.03592908968049749,-0.27429446921534506,-0.26085737631328954,,-0.31045666332667854,-0.008713827316200573,-0.08078563160868413,-0.12423120020655061,2.2,2026-07-31
366,53.38135496814301,56.07701564380265,0.09727594593769151,51.975430159165114,54.7872797771209,08887,Branchburg Township,Hunterdon County,NJ,350495.0,0.25516850915594735,-0.7515296752666671,-0.7238987710558202,,-0.7246710817831457,-0.0922490142439591,-0.11856666888855116,0.0666609331602122,2.3,2026-07-31
367,53.374956528383265,55.95667870036101,0.09727594593769151,51.26585778968703,55.48405526707949,11553,Uniondale,Nassau County,NY,685324.0,0.04676193179337887,-0.08098392584490455,-0.21907404379748918,,-0.1565666433730002,-0.2616818476467809,0.18522801534687972,0.06311461283266188,2.5,2026-07-31
368,53.37308528115791,55.836341756919374,0.09727594593769151,57.178755707021914,49.56741485529392,07757,Oceanport,Monmouth County,NJ,967809.0,0.08569344198481979,0.26415898883321987,-0.10399921761755415,,0.14838819269348558,0.05223986579884865,0.11423197350050174,0.17177890492211773,3.5,2026-07-31
369,53.338795532038084,55.71600481347774,0.09727594593769151,54.537524596283546,52.14006646779262,10994,West Nyack,Rockland County,NY,814463.0,0.016662035127608027,0.0916522656927139,0.07773568445186285,,-0.32469356065099864,0.07807494395522385,-0.19627522380116247,-0.17606975142930253,2.4,2026-07-31
370,53.324763083524694,55.5956678700361,0.09727594593769151,60.64592194568874,46.003604221360646,07620,Alpine,Bergen County,NJ,3192136.0,0.12418669759469161,1.4575694069685685,1.2006812780839073,,0.6696646811077958,0.27321336618242376,0.4030681722014684,-0.05933051581217415,2.8,2026-07-31
371,53.30657811091683,55.47533092659447,0.09727594593769151,55.72728650401506,50.88586971781861,07606,South Hackensack,Bergen County,NJ,722177.0,0.037699143747890324,-0.02860550216604274,0.11748452008472476,,0.25558035229579157,-0.2111394762761456,-0.07770176519677108,0.10607337635817897,2.4,2026-07-31
372,53.27575675855792,55.35499398315282,0.09727594593769151,53.9140247780048,52.63748873911103,11715,Blue Point,Suffolk County,NY,716818.0,-0.005799297273771126,-0.03605465624744575,0.03800309223524323,,-0.4093145699099836,0.10050624571335798,0.054085484204424716,-0.05174446585217103,2.3,2026-07-31
373,53.2741455991077,55.23465703971119,0.09727594593769151,55.86097364011695,50.687317558098435,08804,Bloomsbury,Hunterdon County,NJ,506771.0,0.011114346243090628,-0.38281737769649027,0.011632554182307686,,-0.33749666456348426,-0.11318542835583872,-0.18617571019511558,0.22456131590761547,2.4,2026-07-31
374,53.254583366025045,55.11432009626955,0.09727594593769151,52.44662913721243,54.06253759483766,07410,Fair Lawn,Bergen County,NJ,739458.0,0.06365716162584825,-0.004958751072859258,0.07899262612672153,0.05493663607701511,-0.25749337385362314,0.14251418587113462,-0.07087092959755559,0.029873713796812404,2.4,2026-07-31
375,53.23954204518368,54.993983152827916,0.09727594593769151,48.7180388080695,57.76104528229787,10465,New York,Bronx County,NY,693785.0,-0.01144033384446494,-0.0687140425410071,0.11615800199476212,0.04939282156392296,0.17537647646968746,-0.17833416617565068,-0.07970099351640059,0.008295116238036734,2.0,2026-07-31
376,53.23862920805063,54.87364620938629,0.09727594593769151,48.279370004042114,58.19788841205915,11414,New York,Queens County,NY,636271.0,-0.13493218535124782,-0.15525199400861034,-0.14107028070257144,,0.011591280748176613,-0.17648823460237695,-0.0005211001382185998,0.03447136172754055,1.8,2026-07-31
377,53.23819833479524,54.75330926594465,0.09727594593769151,47.195050613077186,59.28134605651331,07419,Hamburg,Sussex County,NJ,402973.0,0.0932637143507197,-0.6120054060881923,-0.10929784915552077,,-0.503023429391795,-0.13416943224570604,-0.10156353373547411,0.06297891402604731,2.1,2026-07-31
378,53.23174452716211,54.632972322503,0.09727594593769151,53.687069006985155,52.77642004733906,07652,Paramus,Bergen County,NJ,1088485.0,0.061283491709485466,0.38166617723743457,0.2345826258452135,0.0592566571748638,0.13068906317341766,0.027093340952680234,-0.11337027073202322,-0.025718655521637948,2.7,2026-07-31
379,53.21041436544671,54.51263537906137,0.09727594593769151,54.411836768297775,52.008991962595644,11709,Bayville,Nassau County,NY,869440.0,0.026320325119187166,0.15697261795936335,-0.4233906093200339,,-0.1269978818606312,0.06710332934687646,0.08314291107492267,0.004747123297137265,2.3,2026-07-31
380,53.17513014658208,54.392298435619736,0.09727594593769151,51.28188671594658,55.06837357721758,11948,Laurel,Suffolk County,NY,1035706.0,0.02354279593996403,0.33196205192108685,-0.23370679943067785,,0.05332106278199222,-0.04280232323311017,,0.0895620301460716,2.7,2026-07-31
381,53.118053090342556,54.2719614921781,0.09727594593769151,59.25380896131549,46.98229721936961,07632,Englewood Cliffs,Bergen County,NJ,1830360.0,0.06032349729034295,0.9013919467112483,1.207446899754018,,0.18191650278052118,0.2562703812838997,0.2031999863785927,-0.01359826460215148,3.1,2026-07-31
382,53.06309137657867,54.151624548736464,0.09727594593769151,50.712110590081274,55.41407216307606,10530,Hartsdale,Westchester County,NY,752522.0,0.10007670408542638,0.012554619223573482,-0.19029444602552026,,-0.06792827240925381,0.16265101520816339,-0.12368007997033104,0.07816200741762484,2.9,2026-07-31
383,53.05241959354831,54.03128760529483,0.09727594593769151,61.3046910639683,44.80014812312832,08008,Long Beach Township,Ocean County,NJ,1959722.0,0.1589745656161984,0.9696818119507551,1.1999463885785282,,0.9029970348027649,0.15071371954763846,0.07987326258712102,-0.07981623429476743,2.7,2026-07-31
384,52.999199435728535,53.910950661853185,0.09727594593769151,52.81135712646766,53.18704174498941,07849,Lake Hopatcong,Morris County,NJ,537592.0,0.021169163947462627,-0.32377623642120135,0.05238743590741812,,-0.36723707722247245,-0.010805084059703762,-0.0912158057344925,-0.12241147157474659,2.5,2026-07-31
385,52.991396393291375,53.79061371841155,0.09727594593769151,49.233156538194876,56.74963624838787,07407,Elmwood Park,Bergen County,NJ,629564.0,-0.027103602944654165,-0.1658479394408534,0.02535583319535384,0.048872411072370774,-0.06701161442105286,-0.1400232182192156,0.04310062245519397,0.05565277353422386,1.9,2026-07-31
386,52.97631699612477,53.67027677496991,0.09727594593769151,54.15001676732676,51.802617224922784,07405,Kinnelon,Morris County,NJ,699282.0,0.04752199295086648,-0.06082252431941093,0.11158692031823314,,-0.24609150728206974,0.061299581008321224,-0.08584235590333478,0.007739616779252764,2.4,2026-07-31
387,52.93843076310628,53.549939831528285,0.09727594593769151,57.65459754167202,48.22226398454055,11217,New York,Kings County,NY,1611325.0,-0.1694397481518429,0.7739359710002098,0.22637615056113525,0.03366057548109399,0.40228347881584336,0.22936972430939084,0.07945334450916341,0.05894865474018322,2.6,2026-07-31
388,52.87238236108024,53.42960288808665,0.09727594593769151,59.682333361579396,46.062431360581094,08836,Bridgewater Township,Somerset County,NJ,894957.0,0.015258638123665597,0.185899879077283,0.3581990380385758,,-0.5297305509165693,0.24725121679692863,0.07235859863474658,-0.029577862129840773,2.4,2026-07-31
389,52.81276549974598,53.309265944645,0.09727594593769151,52.39066566702344,53.234865332468516,11010,Franklin Square,Nassau County,NY,829265.0,0.0064298172687959065,0.10966359354514132,-0.03375639508788275,0.05354138789909945,-0.1271646117926697,-0.08824551801811648,0.016153177926772955,0.020688314948902595,2.1,2026-07-31
390,52.698793245222845,53.18892900120337,0.09727594593769151,53.35019763364867,52.04738885679703,07850,Landing,Morris County,NJ,530377.0,0.05948749874071027,-0.33728894927352115,0.025440941160576713,,-0.2870461895824523,-0.03190994286640236,-0.016819084109709337,-0.007754878774096155,2.2,2026-07-31
391,52.667244236618004,53.068592057761734,0.09727594593769151,52.33334371243065,53.00114476080536,10454,New York,Bronx County,NY,813171.0,-0.07585279768164419,0.09006491720484,0.2905585992755011,0.044429168185814875,1.6296910227809718,-0.3493405727900589,-0.11514022990326467,0.06789551235018569,2.1,2026-07-31
392,52.64179093306649,52.9482551143201,0.09727594593769151,58.21712596859289,47.066455897540095,11752,Islip Terrace,Suffolk County,NY,663805.0,-0.02339038712678629,-0.112888297489393,-0.08138272986823125,,-0.4149657521486365,-0.19974876991154694,0.12431302780665199,-0.05871459285255094,3.0,2026-07-31
393,52.634555894476634,52.82791817087846,0.09727594593769151,57.10315461822126,48.16595717073201,07876,Succasunna,Morris County,NJ,673722.0,0.049454395716690774,-0.09805897273103881,0.1331874846919181,,-0.4600928916523934,0.0024500570981797476,-0.02435150258126839,-0.1321562628411656,2.4,2026-07-31
394,52.586549557540266,52.707581227436826,0.09727594593769151,50.37824887148086,54.79485024359968,11433,New York,Queens County,NY,724396.0,0.012303585575598325,-0.025538417308988315,-0.008961532588500631,0.051353149224382416,0.3451953795029261,-0.3022761371409821,0.12567856388300136,0.03248889716660512,1.9,2026-07-31
395,52.5771016183196,52.58724428399518,0.09727594593769151,48.78294093660852,56.37126230003068,11547,Glenwood Landing,Nassau County,NY,998799.0,0.10625168491332673,0.2956775698183929,-0.3866407687150062,,0.45287795197463754,0.2660934709568017,-0.0595150290201385,0.23129830682494862,2.1,2026-07-31
396,52.57665517510691,52.46690734055355,0.09727594593769151,55.07378693810622,50.079523412107605,08551,Ringoes,Hunterdon County,NJ,729962.0,-0.017874677803060374,-0.017883787915526028,0.0691639917449276,,-0.38802466619524734,0.13169696264724984,-0.07863412875880371,0.1025993306774338,2.2,2026-07-31
397,52.55425410671647,52.34657039711191,0.09727594593769151,59.38938352854917,45.71912468488378,10576,Pound Ridge,Westchester County,NY,1496599.0,0.1704350798671527,0.700074444906793,0.21580032315098485,,-0.10013360853303266,0.2786552200454968,-0.0038649642108055104,-0.12197063751563748,3.6,2026-07-31
398,52.54706521186538,52.226233453670275,0.09727594593769151,47.703570047477776,57.390560376252985,08721,Bayville,Ocean County,NJ,541997.0,0.09988756098761478,-0.31561530655133296,-0.03380585560712035,0.06365346202441056,-0.2509154181417028,-0.2087225186058168,-0.052409135404269946,0.0812832520507814,2.4,2026-07-31
399,52.49992758820805,52.105896510228646,0.09727594593769151,51.11866050936275,53.88119466705336,08846,Middlesex,Middlesex County,NJ,557290.0,0.06790429435142933,-0.2877907296416726,-0.09219749384332943,0.05810620908189526,-0.22049421538477643,-0.12188792615406796,0.09917142233263121,0.07988583407396303,2.5,2026-07-31
400,52.479386998278315,51.985559566786996,0.09727594593769151,47.36031961382538,57.598454382731255,07462,Vernon,Sussex County,NJ,301279.0,0.13150706716472485,-0.9028400349230594,-0.3907049219024419,,-0.7453582811303445,-0.16359300048332326,-0.15530562426415884,0.03176841756340058,1.6,2026-07-31
401,52.38215971882472,51.86522262334536,0.09727594593769151,52.89847907383104,51.86584036381839,07803,Mine Hill Township,Morris County,NJ,507256.0,0.03890517337235125,-0.381860964756628,-0.07954933130288389,,-0.44461479128759795,-0.07744863328369356,0.03956126894141754,0.08695982592133182,2.0,2026-07-31
402,52.37055571401597,51.74488567990373,0.09727594593769151,54.513648742339306,50.227462685692636,11769,Oakdale,Suffolk County,NY,727396.0,0.03166858975259182,-0.021405673408439796,-0.010104831093375566,,-0.11685949044528532,-0.04213280947159259,-0.057557882895414636,-0.04979212253284411,3.0,2026-07-31
403,52.36493350214426,51.624548736462096,0.09727594593769151,51.369901645380565,53.35996535890796,10591,Tarrytown,Westchester County,NY,954014.0,-0.058193347491035746,0.2498018902548118,0.07377657359708678,0.04130558414212794,0.31725079707524695,0.0645040758590103,-0.1630699618451903,0.10207951699141686,2.8,2026-07-31
404,52.36207543548241,51.50421179302046,0.09727594593769151,51.38546307573765,53.33868779522718,11413,New York,Queens County,NY,737753.0,-0.06842166456343754,-0.00726666543559773,-0.009691451006295537,,-0.060416304254567565,-0.1779656604047043,0.005986390968397259,0.0909619269040756,1.8,2026-07-31
405,52.31379098246542,51.383874849578824,0.09727594593769151,55.5894109583267,49.03817100660414,10307,New York,Richmond County,NY,843450.0,-0.061814612814572095,0.1266239529803208,0.38510264835231567,,-0.14380268734006063,-0.08340211476759762,0.31663500384415677,-0.01694807609675815,1.6,2026-07-31
406,52.30363829364776,51.26353790613718,0.09727594593769151,52.13004240702661,52.47723418026891,11557,Hewlett,Nassau County,NY,1021099.0,-0.01379123069036367,0.3177587577166392,0.057017292060592695,,-0.13302398050376252,0.20981637310926504,0.09208625615127985,-0.07288150812505174,2.0,2026-07-31
407,52.298964134049015,51.143200962695545,0.09727594593769151,57.42247829704501,47.17544997105301,11959,Quogue,Suffolk County,NY,2855534.0,-0.005497814690597375,1.3461379490447545,0.9961442660149782,,1.5839177977498078,-0.04576532661628163,0.015766932152500246,-0.15319367790293698,1.8,2026-07-31
408,52.15342690171329,51.02286401925391,0.09727594593769151,56.93923468641457,47.367619117012,08553,Rocky Hill,Somerset County,NJ,744469.0,0.046019276257331404,0.0017949441592364224,-0.028033649366381752,,-0.27453877200179133,0.22032962200146333,0.05069509760037327,0.0536752708125479,2.2,2026-07-31
409,52.1334107453664,50.90252707581227,0.09727594593769151,53.661852729740154,50.60496876099264,07662,Rochelle Park,Bergen County,NJ,649216.0,0.03627548890180812,-0.13511145997023988,-0.07333343974839934,,-0.11778355356717474,-0.0036986675504206423,0.03959533054103126,0.11312613365913764,2.4,2026-07-31
410,52.11456756489682,50.782190132370644,0.09727594593769151,51.79865182796276,52.430483301830876,11972,Speonk,Suffolk County,NY,769230.0,0.02685730617378504,0.034513628874405455,-0.37611373783269997,,,0.059898511952853895,,-0.9436598276353718,2.4,2026-07-31
411,52.11403038006931,50.661853188928994,0.09727594593769151,49.872048469497294,54.35601229064132,08533,New Egypt,Ocean County,NJ,574226.0,0.05967918820174703,-0.2578539628400609,0.18586263280721482,,-0.2691309456270059,-0.17274310160962508,-0.15182192746336476,0.10226049595062507,2.3,2026-07-31
412,52.105548726043146,50.54151624548736,0.09727594593769151,50.684749963186235,53.52634748890006,11412,New York,Queens County,NY,748446.0,-0.09885425619238539,0.007123025441380548,-0.023213974586699493,,0.14362671986197806,-0.2305883423610411,-0.04836033967512421,0.05705451049749426,2.1,2026-07-31
413,52.07733428564207,50.42117930204573,0.09727594593769151,53.80092837532736,50.353740195956775,10588,Shrub Oak,Westchester County,NY,631373.0,-0.04304529058894033,-0.1629789217198212,-0.09726440811851056,,-0.6289793632702889,0.09025847197067727,0.23880512395033193,-0.07782772355058194,2.4,2026-07-31
414,52.06462849145774,50.30084235860409,0.09727594593769151,59.380445275710244,44.748811707205235,11366,New York,Queens County,NY,1143176.0,-0.028719545985124023,0.43068912672676696,0.3425099990947391,0.029916662572945407,0.24391205970571295,0.06030170304690752,0.2424539908130896,-0.029256002397303596,1.4,2026-07-31
415,51.98817779185289,50.18050541516246,0.09727594593769151,52.50318021950561,51.47317536420017,10956,New City,Rockland County,NY,826346.0,0.05603164364107585,0.10613739293445512,0.22357899478168264,,-0.354119593656278,0.08559162871042247,-0.011901418501267358,-0.10727047836728128,2.7,2026-07-31
416,51.91630896335259,50.06016847172082,0.09727594593769151,52.20769540821513,51.624922518490045,07033,Kenilworth,Union County,NJ,639687.0,-0.012788407670960206,-0.1498975477554616,-0.013406475363865411,,-0.2044899143390133,-0.17583557956953394,0.009829462791604016,0.02045339814772555,2.2,2026-07-31
417,51.87885898048432,49.939831528279186,0.09727594593769151,49.85815813849381,53.89955982247482,07506,Hawthorne,Passaic County,NJ,650262.0,0.048560771530733154,-0.13350039744352848,-0.11633260075952734,0.0492724255039866,-0.11487612657148216,-0.02043868246181374,-0.11037329212619618,0.06227003494134058,2.3,2026-07-31
418,51.866389870390684,49.81949458483754,0.09727594593769151,52.96482746393182,50.76795227684955,11694,New York,Queens County,NY,896139.0,-0.04710257034074736,0.18721981666554122,0.21515050637190924,0.03371662834677179,0.19884738557851978,-0.013957740742289115,0.04186907840010079,-0.06602812020468259,2.3,2026-07-31
419,51.83314145585145,49.69915764139591,0.09727594593769151,49.996669669066996,53.669613242635904,07866,Rockaway,Morris County,NJ,575419.0,0.054811576048468785,-0.2557780760493067,-0.11027030417786854,0.05565801261593148,-0.4127901484750016,-0.0011638963005656255,-0.05365215530437695,-0.04121260613828577,2.2,2026-07-31
420,51.75473141540539,49.57882069795427,0.09727594593769151,44.41087704262216,59.09858578818861,11435,New York,Queens County,NY,589719.0,-0.27583660897040263,-0.23122970135972665,-0.10881840392153741,0.04767673977917658,0.11163211461486067,-0.15604695221989096,-0.044519513043008274,0.04596796631766002,1.5,2026-07-31
421,51.75101061572785,49.458483754512635,0.09727594593769151,50.73820347790691,52.7638177535488,11558,Island Park,Nassau County,NY,762408.0,-0.0030612025850015046,0.02560536468556407,-0.29489584999660146,0.05938204517251976,0.03704378104644479,-0.12889491718227142,-0.08954196153655403,0.09522217573191964,2.0,2026-07-31
422,51.74951602459353,49.338146811071,0.09727594593769151,52.04419324172317,51.4548388074639,11939,East Marion,Suffolk County,NY,1204830.0,0.04420119589531915,0.4832172446320069,-0.16687124204965187,,0.574611310467964,0.019779487800713258,0.024077466444650142,-0.03715558063691633,2.0,2026-07-31
423,51.741952145193416,49.21780986762936,0.09727594593769151,52.03547975253527,51.448424537851565,07014,Clifton,Passaic County,NJ,584611.0,0.03321906794670007,-0.23992950133949975,-0.1035448093747835,,-0.3023655064499764,0.010028277132271723,0.05995660663516311,-0.0048253849900256746,1.5,2026-07-31
424,51.71600260990343,49.09747292418773,0.09727594593769151,50.58479932380617,52.84720589600068,08733,Lakehurst,Ocean County,NJ,371578.0,0.07949624014195181,-0.6931184322960107,-0.3508946681167924,,-0.42329765392764007,-0.31897812996265984,-0.007838559514375731,0.1029739526639271,2.4,2026-07-31
425,51.698947504107366,48.97713598074609,0.09727594593769151,52.52429237919556,50.87360262901917,07418,Glenwood,Sussex County,NJ,463646.0,0.04120493059725874,-0.47175531824618666,0.04556978962156499,,-0.8031646114715987,-0.024740841616641362,-0.07026670312615124,0.04713478966493172,2.4,2026-07-31
426,51.659950119084144,48.856799037304455,0.09727594593769151,50.08699404093976,53.23290619722852,07502,Paterson,Passaic County,NJ,547196.0,0.06657946564483411,-0.3060697000041692,-0.04736208155511079,,0.0741127410677993,-0.35335438825936066,0.10364652938659624,-0.035018943129136296,2.1,2026-07-31
427,51.58471476663001,48.73646209386281,0.09727594593769151,51.917173928568495,51.25225560469152,11426,New York,Queens County,NY,800767.0,-0.07159491992061504,0.07469365472867118,-0.023326518245109895,,0.15606011667681297,-0.040418254490398875,-0.18628433920340193,-0.002445236204106485,1.4,2026-07-31
428,51.550097188657624,48.61612515042118,0.09727594593769151,54.14817182268765,48.9520225546276,11365,New York,Queens County,NY,1015551.0,-0.11198108435186568,0.3123102758465688,0.24247251654109903,0.03201253447860318,0.6359378623596992,-0.11223066394586145,-0.047786027283464705,0.004063296277184755,1.4,2026-07-31
429,51.53926505478082,48.49578820697955,0.09727594593769151,50.75898048088602,52.319549628675624,11713,Bellport,Suffolk County,NY,631437.0,0.06505213822891989,-0.16287726588245377,-0.008993751925723714,,-0.1253521988478632,-0.14326015307118345,0.021276506588820965,0.012419154297197019,2.5,2026-07-31
430,51.49254720350724,48.375451263537904,0.09727594593769151,53.0447230272552,49.94037137975928,08824,Kendall Park,Middlesex County,NJ,735489.0,0.048716413078715354,-0.010340807077120928,0.08406838958915941,,-0.4525890966864925,0.17363320202594446,-0.058854867869529315,0.06611106881940491,2.5,2026-07-31
431,51.46719581176157,48.25511432009627,0.09727594593769151,47.269329714019456,55.66506190950369,07603,Bogota,Bergen County,NJ,621695.0,0.04025335805432953,-0.17842612366558797,-0.1066340951419491,0.05804773029800945,-0.0947969547877936,-0.16730647828821804,-0.10696423048236348,0.15085487784771195,2.2,2026-07-31
432,51.46705377382322,48.13477737665463,0.09727594593769151,54.07878147454797,48.85532607309847,11968,Southampton,Suffolk County,NY,2253681.0,0.0865442156474682,1.1094439140722478,0.1509365695331919,0.22137320956753612,0.7794419095540401,0.10145913833707643,0.15408022031015634,0.058938969969702534,2.9,2026-07-31
433,51.465493708046964,48.014440433213,0.09727594593769151,48.52419393445491,54.40679348163903,07828,Budd Lake,Morris County,NJ,568820.0,0.06309498410380457,-0.2673124385924748,0.027634319611298253,0.0448293084551758,-0.18388654240569413,-0.05172539364754991,0.08214130650869578,-0.04707937172174832,2.2,2026-07-31
434,51.4097608227389,47.89410348977136,0.09727594593769151,49.150447382551675,53.66907426292613,07751,Morganville,Monmouth County,NJ,890047.0,0.05910557658818441,0.18039814577806013,0.12731282280679324,0.04567211674340705,-0.29797397685468074,0.16242260726034063,-0.06619546426711764,0.12137002150738167,2.6,2026-07-31
435,51.348216118159044,47.773766546329725,0.09727594593769151,50.356225496961414,52.340206739356674,08555,Roosevelt,Monmouth County,NJ,509901.0,0.06205718125138518,-0.37665894454525883,-0.3934688444169314,,-0.35588244592325435,-0.05997021649302442,-0.18994746527213202,0.10571747036835726,2.9,2026-07-31
436,51.34286899824117,47.65342960288809,0.09727594593769151,49.94538432835831,52.740353668124044,07022,Fairview,Bergen County,NJ,669401.0,0.050228844626041186,-0.10449356628427431,-0.06644724106252298,0.040327124798948684,0.46405549261112955,-0.25798626951824366,-0.13370091863796318,-0.020772413029422857,2.3,2026-07-31
437,51.33715038885355,47.53309265944645,0.09727594593769151,52.54957096787314,50.124729809833966,10923,Garnerville,Rockland County,NY,628625.0,0.10497892835176117,-0.1673417798228911,-0.00665403048848745,,-0.05593413761329313,-0.0936530302810954,0.030930244243975835,-0.10604595950053293,2.9,2026-07-31
438,51.31333005499016,47.41275571600481,0.09727594593769151,55.788105966916554,46.838554143063774,07930,Chester,Morris County,NJ,940521.0,0.033206302163249296,0.2355575424947034,0.09201840921185322,,-0.5277916369939792,0.2219009530800733,0.2530638548150552,-0.1386754146513282,2.5,2026-07-31
439,51.29368192034917,47.292418772563174,0.09727594593769151,51.12824202713986,51.459121813558475,11596,Williston Park,Nassau County,NY,1041179.0,-0.08955675358205326,0.3372328902431967,-0.23363836547073014,,-0.04035786167142885,0.06172835398122034,-0.0559625140663087,-0.017913396416380414,2.4,2026-07-31
440,51.23271927967055,47.172081829121545,0.09727594593769151,53.939834760613195,48.5256037987279,11023,Great Neck,Nassau County,NY,1536126.0,0.0727173588483229,0.726143071099898,0.2836199279053986,,0.49861876876674915,0.14315806639612982,-0.1504086177116406,0.04688760422303799,2.5,2026-07-31
441,51.184300162529524,47.0517448856799,0.09727594593769151,50.32381729734855,52.04478302771051,10021,New York,New York County,NY,1510567.0,-0.4439897360860844,0.7093643579827287,0.18320248776208814,0.03236837801174701,0.3637505329040269,0.30288130423195025,0.03027914413746835,-0.03305166123385535,3.4,2026-07-31
442,51.15065413680476,46.931407942238266,0.09727594593769151,50.23534630303297,52.065961970576545,08807,Bridgewater Township,Somerset County,NJ,745235.0,0.012117713047186035,0.0028239577897384294,0.10567281596292943,0.048697811386446604,-0.40401745633755515,0.11769057595921029,0.014451109880237567,0.03909839933849417,2.4,2026-07-31
443,51.133036745698796,46.81107099879663,0.09727594593769151,54.91575010467267,47.350323386724924,07848,Lafayette Township,Sussex County,NJ,490308.0,-0.0014451301077272605,-0.41584212475710736,0.023115188989589086,,-0.5490890251352287,-0.07968011485221377,0.15167875814024434,-0.18027835582921864,2.4,2026-07-31
444,51.100951242538585,46.690734055354994,0.09727594593769151,48.06905775058277,54.13284473449439,07514,Paterson,Passaic County,NJ,543461.0,0.06701908756102207,-0.31291831823507543,-0.13417281042528018,,0.15691901261273844,-0.36519646592061006,0.2411475982777933,-0.027890435343578893,2.1,2026-07-31
445,51.07925676034625,46.57039711191336,0.09727594593769151,51.12931063666062,51.029202884031875,07676,Township of Washington,Bergen County,NJ,843377.0,0.019270094233947793,0.12653765171802966,-0.18236340801639983,,-0.34590095080264693,0.0928328813426873,0.01901141053760469,-0.06471730289662121,2.4,2026-07-31
446,51.064144850487565,46.450060168471715,0.09727594593769151,54.18037981961513,47.947909881360005,11238,New York,Kings County,NY,1274575.0,-0.24654935218599902,0.5394915509654457,0.0289845767191661,0.038856309967636504,0.35901322723996887,0.24189306722126913,0.15043571340343753,0.08792103306868375,2.9,2026-07-31
447,51.03916429229122,46.32972322503009,0.09727594593769151,51.25631166437938,50.82201692020306,07960,Morristown,Morris County,NJ,917503.0,0.055449315040283415,0.2107791280789275,-0.12885969655063434,0.03859759320311722,-0.14522314693981753,0.1878510675590268,0.011824832020618459,-0.05332657329854458,2.5,2026-07-31
448,50.98346042513669,46.20938628158845,0.09727594593769151,53.58947104288872,48.377449807384664,08809,Clinton,Hunterdon County,NJ,528884.0,0.029941316341345475,-0.3401063602225971,-0.13041374691881558,,-0.4959533972799097,0.04587938378429002,0.013521515941322448,0.019239859668491108,2.6,2026-07-31
449,50.904653069779144,46.08904933814681,0.09727594593769151,51.145083726176786,50.66422241338151,10974,Sloatsburg,Rockland County,NY,558252.0,0.09491178333797592,-0.2860657907978954,-0.23906955660952356,,-0.3320639476640832,-0.06593922398980057,-0.10776424327360346,0.015786596930181404,2.5,2026-07-31
450,50.894640213906214,45.96871239470517,0.09727594593769151,47.382397124549826,54.406883303262596,07430,Mahwah Township,Bergen County,NJ,726026.0,0.040781651785982836,-0.023290578383024396,-0.21604013011107703,0.05288379216833385,-0.17972411008539102,0.11270578004996834,-0.027081374592590635,0.008166384612178043,2.0,2026-07-31
451,50.85852085514001,45.84837545126354,0.09727594593769151,51.51024245175553,50.206799258524484,10308,New York,Richmond County,NY,739738.0,-0.04685604363841697,-0.004580545492883559,0.09371439306023532,0.0421771128684786,-0.11841440265978886,-0.09646579991910248,-0.031086581507750566,-0.03789131764995597,1.5,2026-07-31
452,50.85791706846033,45.7280385078219,0.09727594593769151,54.13810969969385,47.57772443722681,08833,Lebanon Borough,Hunterdon County,NJ,752298.0,0.011158231670363256,0.012256165431244526,0.27793019224973037,,-0.4166175043972047,0.114906851266245,0.046085608034172054,0.10882975504918262,2.5,2026-07-31
453,50.82834728303243,45.607701564380264,0.09727594593769151,47.05390277640154,54.60279178966332,10989,Valley Cottage,Rockland County,NY,660837.0,0.023767634902535667,-0.11736868273448664,-0.1565702634205035,0.05084459552869526,-0.29594217311493165,0.09087380354150465,-0.059937654397154816,-0.07896438651717981,2.4,2026-07-31
454,50.793076531275204,45.48736462093863,0.09727594593769151,56.604622822401005,44.98153024014941,08853,Branchburg Township,Somerset County,NJ,886152.0,0.057482177529195516,0.17601185174244804,0.3341227713540622,,-0.4996488666307777,0.27092611817355483,0.11550363647617168,0.12167395308169775,2.3,2026-07-31
455,50.783046669605696,45.36702767749699,0.09727594593769151,35.10280412815857,66.46328921105282,10462,New York,Bronx County,NY,254850.0,-0.1286883100916217,-1.0702010921268954,-0.8054872547264615,0.11976666425304999,-0.4592605594442756,-0.22652630857105588,-0.11498886986097823,-0.0021317065251921924,2.0,2026-07-31
456,50.75398789360152,45.246690734055356,0.09727594593769151,51.88572204802679,49.62225373917624,11940,East Moriches,Suffolk County,NY,786722.0,0.03277791478204897,0.056998915789428395,-0.1040552160172421,,-0.15361765225192703,-0.08970077313531477,0.05070620464523934,0.0022854885823904575,2.7,2026-07-31
457,50.742791726987804,45.12635379061371,0.09727594593769151,49.76713819374818,51.71844526022742,11590,Westbury,Nassau County,NY,817429.0,0.03793793749604504,0.09528846376232103,-0.2336521117192909,0.051809448430542485,-0.2136311211263504,-0.09175872922146777,0.12654465255383407,0.007539796616733249,2.4,2026-07-31
458,50.729883434508075,45.006016847172084,0.09727594593769151,53.905882857219126,47.553884011797024,08092,West Creek,Ocean County,NJ,528209.0,0.09736172996542117,-0.34138468348871065,-0.1646974684414122,,-0.32522478467919425,-0.0925357779979043,0.17605408072909157,-0.21615743250785496,2.4,2026-07-31
459,50.71290687506398,44.88567990373045,0.09727594593769151,52.21227623687302,49.213537513254934,11958,Peconic,Suffolk County,NY,1264482.0,0.07037644596629136,0.531541657524162,-0.26602010848743163,,,-0.025363601257368362,,0.12068087487332084,3.0,2026-07-31
460,50.70198990988322,44.765342960288805,0.09727594593769151,50.34634025230699,51.05763956745945,11416,New York,Queens County,NY,763717.0,-0.1222615304950608,0.02732070592168334,0.10327719792995893,0.040852845387734496,0.3518101173407231,-0.2504348664397511,-0.12993389301925085,0.008453828387058146,1.5,2026-07-31
461,50.668945213933156,44.64500601684717,0.09727594593769151,50.93888896536344,50.399001462502866,08882,South River,Middlesex County,NJ,546470.0,0.0692099957933138,-0.30739613524801257,-0.04671414297972909,,-0.15201754113356292,-0.21144603629823377,-0.021965486312097937,-0.09827296941303638,2.4,2026-07-31
462,50.57054304300549,44.52466907340554,0.09727594593769151,49.565741747512554,51.57534433849843,07012,Clifton,Passaic County,NJ,666388.0,0.083963844495511,-0.1090039605313411,-0.033918771500800915,0.053324281530811486,-0.010138148149329895,-0.024732335106424697,-0.007691203973203997,0.12518205697612955,2.1,2026-07-31
463,50.532932460009974,44.4043321299639,0.09727594593769151,49.698130074520485,51.367734845499456,07457,Riverdale,Morris County,NJ,492674.0,0.0372763361036931,-0.4110275816872484,-0.2448575887223079,0.06929931102081177,-0.324014150746627,-0.020468832500624534,-0.303441363387444,-0.015838569688531215,1.9,2026-07-31
464,50.517190827895654,44.28399518652226,0.09727594593769151,47.82028551466685,53.21409614112446,10303,New York,Richmond County,NY,560831.0,-0.017196030954216818,-0.2814557176637056,-0.06727508704545748,,0.009615499422573448,-0.20611312612591037,-0.00889700286680295,0.005745433905645123,1.6,2026-07-31
465,50.515482394280866,44.163658243080626,0.09727594593769151,48.58605374393618,52.44491104462554,07666,Teaneck,Bergen County,NJ,706116.0,0.023416993597111718,-0.051096332415459855,0.03935678627106043,0.05020561526253298,-0.3001734653237691,0.08087725859223527,0.02224840553147267,-0.005346858224086495,2.4,2026-07-31
466,50.5142320006392,44.04332129963899,0.09727594593769151,45.40558027627824,55.62288372500015,11220,New York,Kings County,NY,975526.0,-0.46571798278717547,0.2721002911079964,-0.12348375098237874,0.033700543897990216,0.7465347404396503,-0.2208548205186741,0.0998004740379752,0.012495307005476783,2.4,2026-07-31
467,50.41528551077121,43.922984356197354,0.09727594593769151,46.50434660965633,54.326224411886095,11776,Port Jefferson Station,Suffolk County,NY,640413.0,0.082936727031559,-0.1487629613547874,-0.05622399468425776,0.058451122830914005,-0.21976147557143588,-0.13682599462668493,-0.061872174130868984,0.018280800188140753,2.8,2026-07-31
468,50.383688624619694,43.80264741275572,0.09727594593769151,49.380851609460336,51.386525639779045,07081,Springfield,Union County,NJ,718316.0,0.0662983143598769,-0.03396695048641263,-0.28663014014431454,0.045564654889018084,-0.36196334760425697,0.16697787052719315,0.10047036951607957,-0.006864498293266144,2.3,2026-07-31
469,50.37096870782368,43.682310469314075,0.09727594593769151,53.525048539436504,47.21688887621086,07077,Sewaren,Middlesex County,NJ,542418.0,0.10532194678701182,-0.314839377857993,-0.10914180091728198,,-0.28445321762119424,-0.1670860500275974,0.11831059422662449,0.14001000578821216,2.7,2026-07-31
470,50.34315720022417,43.561973525872446,0.09727594593769151,53.39081297393463,47.29550142651371,07853,Long Valley,Morris County,NJ,751263.0,0.03269096100641136,0.010880203854563675,0.12793121403484164,,-0.4371644096895413,0.13522925780299466,-0.1787161958309227,-0.04796133670424725,2.4,2026-07-31
471,50.324896889585496,43.4416365824308,0.09727594593769151,45.46107216162669,55.1887216175443,07843,Hopatcong,Sussex County,NJ,455778.0,0.12519524486712044,-0.4888693809542364,-0.11827477356213656,,-0.45575342706552324,-0.15611096776291372,-0.007181737970391566,-0.11012618611473153,2.5,2026-07-31
472,50.20905225049225,43.32129963898917,0.09727594593769151,50.31658977643853,50.10151472454597,11764,Miller Place,Suffolk County,NY,744768.0,0.04626151383481805,0.0021966360868734824,0.18259786642883746,,-0.2657061676165935,-0.03769805062613096,-0.11975501346486617,-0.009390232163502168,2.4,2026-07-31
473,50.20524634689341,43.20096269554753,0.09727594593769151,51.738919049247386,48.671573644539436,07073,East Rutherford,Bergen County,NJ,656825.0,-0.025261312769316285,-0.12345872146373615,-0.03487837368442115,0.055533681195690396,0.01290209540268239,-0.02351749524554031,-0.039454544825064275,0.01840921882213413,2.5,2026-07-31
474,50.19453741411387,43.080625752105895,0.09727594593769151,47.51645819431801,52.87261663390972,10314,New York,Richmond County,NY,716231.0,-0.028515297915781085,-0.036873882933589286,0.07645620623988236,0.04486385042653647,0.03411515458970693,-0.11420984155453173,-0.09731200199484924,-0.006673406733767442,1.6,2026-07-31
475,50.14432550373259,42.96028880866426,0.09727594593769151,57.83729142542462,42.45135958204055,11509,Atlantic Beach,Nassau County,NY,1503037.0,0.12049021793790296,0.7043667212345124,0.4367652633896455,,0.2984682753919461,0.1498989631960288,0.05307418358849958,-0.10742638866720595,2.2,2026-07-31
476,50.09404473327364,42.83995186522262,0.09727594593769151,41.66958704383396,58.518502422713325,10552,Mount Vernon,Westchester County,NY,556112.0,-0.07447196772428696,-0.28990734356777104,-0.4333922338082825,0.06352682634060186,-0.14043966760911286,0.022794770929073227,-0.0063403753775777005,0.08191427353016882,2.7,2026-07-31
477,49.93655746621637,42.71961492178099,-0.31673384083479306,45.2524816923982,54.620633240034536,11362,New York,Queens County,NY,699482.0,-0.15731066287139725,-0.06053601133872455,-0.3118833106751939,0.054039982998654736,-0.1440376246050683,0.0420034259087132,0.037398521325844314,-0.00980120603028363,1.7,2026-07-31
478,49.929534931688536,42.59927797833935,-0.31673384083479306,43.743159973687476,56.1159098896896,11208,New York,Kings County,NY,747512.0,-0.08659059342657435,0.005874549672309826,-0.0037050097761266443,0.05231417106304755,0.5987558641217123,-0.3101760522557996,0.14997022222439327,-0.05439024070728289,2.3,2026-07-31
479,49.922936243242845,42.478941034897716,-0.31673384083479306,43.82252738119293,56.023345105292755,11801,Hicksville,Nassau County,NY,796677.0,0.03306892541314746,0.0695733394144451,-0.2830637284739286,0.048980107692667106,-0.19132330783174045,-0.05597257606713696,0.047745239910536696,-0.07585969340198746,2.3,2026-07-31
480,49.88995763482322,42.35860409145607,-0.31673384083479306,55.72119989588115,44.05871537376528,08867,Pittstown,Hunterdon County,NJ,756814.0,-0.0036360341011004438,0.018241950039596944,0.257712649329358,,-0.5814749466573741,0.15002694520477633,0.25864581307731527,-0.08310683576758633,2.3,2026-07-31
481,49.85487554849034,42.238267148014444,-0.31673384083479306,48.227018661832524,51.48273243514816,07857,Budd Lake,Morris County,NJ,495996.0,0.018986883122428827,-0.40430737664306626,-0.08249774651036823,,-0.13621105806072653,-0.12626829275405804,-0.012132172053906487,0.2230748666932006,2.0,2026-07-31
482,49.84683990375913,42.11793020457281,-0.31673384083479306,52.06949868344625,47.62418112407201,10968,Piermont,Rockland County,NY,839908.0,0.022469551806075932,0.12241640954836797,-0.04732665051651708,,-0.13306046845778607,0.17324142678419818,-0.07134119050098775,-0.09640801437979692,3.2,2026-07-31
483,49.76923508877049,41.997593261131165,-0.31673384083479306,48.01887678726585,51.51959339027513,07422,Highland Lake,Sussex County,NJ,411809.0,0.07426643893410692,-0.5903154295415121,-0.07622682050765661,,-0.5578527306801011,-0.04894844957644834,-0.14756223372381072,-0.16222081033964092,2.6,2026-07-31
484,49.7679105031884,41.87725631768953,-0.31673384083479306,51.74720812557864,47.78861288079817,11103,New York,Queens County,NY,1049946.0,-0.23332623674879613,0.34561770160404137,0.3355415064843825,0.035523841987711094,0.5307972565176555,0.03462922453424233,-0.028916461191201392,0.013108316863281552,0.8,2026-07-31
485,49.76305519474373,41.75691937424789,-0.31673384083479306,55.93005565312177,43.596054736365694,11577,Roslyn Heights,Nassau County,NY,1417874.0,0.09341644753103787,0.6460378977814081,0.10055618598771154,,0.15959161873634886,0.16700037986637817,-0.028039927605034265,-0.03525976138333116,2.9,2026-07-31
486,49.75491248710547,41.63658243080626,-0.31673384083479306,49.73609501663354,49.773729957577395,07480,West Milford,Passaic County,NJ,499641.0,0.0402711236547372,-0.3969870650669556,-0.06595979088505999,,-0.5636402665530895,-0.09011333162946933,0.04457805288730832,-0.13592459123211825,2.5,2026-07-31
487,49.69548354909264,41.51624548736462,-0.31673384083479306,52.89630833544199,46.49465876274329,10970,Pomona,Rockland County,NY,749612.0,0.1729957782660886,0.008679055421094262,0.11770767926100056,,-0.0591046229363823,-0.01759214351538596,0.08171140923131404,0.0624601003682808,2.7,2026-07-31
488,49.69323424028977,41.395908543922985,-0.31673384083479306,50.629835463395835,48.756633017183695,11792,Wading River,Suffolk County,NY,756510.0,0.07913990883505875,0.01783900814525019,0.19006456395871751,,-0.2457018203635617,-0.02274541605340391,-0.22547122594864533,0.06008382594489374,2.3,2026-07-31
489,49.657508460031636,41.27557160048135,-0.31673384083479306,47.951612786845175,51.3634041332181,07712,Ocean,Monmouth County,NJ,766167.0,0.06093883877306752,0.030523429746777353,-0.4855735294246646,0.04760061396577344,0.17990839357461996,-0.0005459085738352965,0.0946219704399045,-0.005694729427998715,2.5,2026-07-31
490,49.65329890667729,41.15523465703971,-0.31673384083479306,47.44674843575521,51.859849377599375,11550,Hempstead,Nassau County,NY,655023.0,0.06399750096451876,-0.12620570183883473,-0.26086814890844856,0.0637544951715081,0.06593083297855773,-0.2720444380319276,0.13663208596131682,0.04449073099726446,2.3,2026-07-31
491,49.63831356216268,41.03489771359807,-0.31673384083479306,53.12981986790738,46.146807256417986,08810,Dayton,Middlesex County,NJ,649071.0,0.06679891199160118,-0.1353335234498516,0.03825682445344114,0.06193463802750338,-0.43731223510742656,0.21443489470806143,-0.06768551919377863,-0.21189608984982716,2.2,2026-07-31
492,49.633742871951696,40.91456077015644,-0.31673384083479306,48.784876335075104,50.48260940882828,08751,Seaside Heights,Ocean County,NJ,742711.0,0.22909818869289147,-0.0005690900004271526,0.09113398583093257,0.03803632530187249,0.3710810309962216,-0.09972272030659102,-0.2465616699355806,-0.04936944507961423,2.7,2026-07-31
493,49.61196204077089,40.794223826714806,-0.31673384083479306,51.348889905287244,47.875034176254545,07068,Roseland,Essex County,NJ,830914.0,0.07232577077348204,0.11165032679210718,-0.09339868396288509,,-0.2697480272504802,0.22761450347762713,0.011610090260331773,-0.033053634703243254,2.5,2026-07-31
494,49.592540790216006,40.67388688327316,-0.31673384083479306,47.08324739788783,52.10183418254418,10453,New York,Bronx County,NY,571897.0,-0.004282739908498451,-0.26191781740933706,0.2488887356400067,0.0489878680909145,0.957210946764486,-0.35799093442033963,-0.1010326360333842,-0.03752175798541453,0.8,2026-07-31
495,49.579674614678446,40.55354993983153,-0.31673384083479306,47.846757243909835,51.31259198544706,10960,Nyack,Rockland County,NY,788289.0,0.0026229925656128528,0.05898796789911387,0.021066885828519233,0.04435241565037573,-0.05436106774811589,0.1558253916165574,0.132020922213961,-0.02857127588796944,2.7,2026-07-31
496,49.54234292950501,40.43321299638989,-0.31673384083479306,42.91015163734944,56.174534221660586,07083,Union,Union County,NJ,585983.0,0.00829556945154089,-0.23758595023565654,-0.08927159987342037,0.05354404716829299,-0.31942347183068986,-0.0777188480513713,0.06136739831223892,0.01633998476370939,2.4,2026-07-31
497,49.50822789932547,40.312876052948255,-0.31673384083479306,50.22212205435528,48.794333744295656,11228,New York,Kings County,NY,1212115.0,-0.07645834129506177,0.48924586948879245,0.26334433742342256,0.02841864515296512,0.7836820039566763,-0.11411987897865528,-0.09348155682272541,-0.024438540159499048,1.9,2026-07-31
498,49.48933588528625,40.19253910950662,-0.31673384083479306,53.61695425939169,45.361717511180814,10532,Hawthorne,Westchester County,NY,818257.0,-0.03748559145564165,0.09630036318521817,-0.03691483748988489,,-0.13231551850213852,0.1167651382392505,0.014422425317357934,0.009509783840280492,2.6,2026-07-31
499,49.48737444764845,40.07220216606498,-0.31673384083479306,50.30259608895731,48.67215280633959,11758,Massapequa,Nassau County,NY,833843.0,0.009780882916395589,0.11516925015273749,0.11512246561196804,0.049469728999597,-0.2012405185801296,0.02311503630659728,0.017747780640387845,-0.05684005096517426,2.4,2026-07-31
500,49.4018988728811,39.95186522262335,-0.31673384083479306,45.68739255001812,53.11640519574408,11756,Levittown,Nassau County,NY,739765.0,0.024076159054505913,-0.004544156572729108,-0.11318051381709893,0.05344042269929164,-0.2670240423858641,-0.10619314964863169,-0.0796436616255658,-0.011592260927961909,2.3,2026-07-31
501,49.36059575848283,39.83152827918171,-0.31673384083479306,52.154315216143566,46.56687630082209,07074,Moonachie,Bergen County,NJ,665210.0,0.005158782236213716,-0.1107740268979942,-0.021583385192334603,,0.10778844311757108,-0.19664998203055378,0.06717383484653716,0.06406630204744372,1.7,2026-07-31
502,49.349292991620985,39.71119133574007,-0.31673384083479306,42.85380859948476,55.84477738375722,07003,Bloomfield,Essex County,NJ,613939.0,0.025845924109056645,-0.19098083369409302,-0.12809479794418266,0.046841267957855114,-0.11086922239035357,-0.00021776076381369025,0.05281441067215198,0.07466196869269685,2.4,2026-07-31
503,49.302430489626246,39.59085439229844,-0.31673384083479306,44.599281556053235,54.00557942319926,08731,Forked River,Ocean County,NJ,507252.0,0.1055957219045677,-0.3818677798755292,0.046399608149982896,,-0.2514996046234306,-0.15208866131929033,-0.058017021786110234,0.04801689256468249,2.4,2026-07-31
504,49.1959533572179,39.4705174488568,-0.31673384083479306,46.65002260155279,51.74188411288301,07644,Lodi,Bergen County,NJ,635606.0,0.041780414669867844,-0.15629805710492306,-0.028675356476906444,0.04464224387388676,0.07290132995305032,-0.1949825688719084,0.06224176441472373,0.05536998325855995,2.3,2026-07-31
505,49.17777843408862,39.35018050541516,-0.31673384083479306,45.78033281427448,52.57522405390277,07204,Roselle Park,Union County,NJ,553311.0,0.010372387608255457,-0.2949564013885553,-0.05011920853607421,0.05366828254352511,-0.2712574547540989,-0.10587065907184451,0.14888359095492554,0.04178907341647102,2.2,2026-07-31
506,49.17534414176486,39.229843561973524,-0.31673384083479306,44.27633326652193,54.07435501700779,08701,Lakewood,Ocean County,NJ,588170.0,0.3285601651421505,-0.23385980105423343,-0.3610892656609348,0.04360869102608827,0.3136407617139241,-0.15282568480445935,-0.011515741442998717,0.23214001421152403,2.3,2026-07-31
507,49.168042893517566,39.10950661853189,-0.31673384083479306,47.71886813809596,50.617217648939175,07034,Lake Hiawatha,Morris County,NJ,533182.0,0.01333220083143552,-0.3320131513815685,-0.4343925596994378,,-0.2615019517465289,0.026039368842493804,-0.04403564937196158,0.22445622664251302,2.3,2026-07-31
508,49.158507667568045,38.98916967509025,-0.31673384083479306,43.75581083229494,54.56120450284116,07753,Neptune Township,Monmouth County,NJ,603247.0,0.11387972057144183,-0.20854958952052272,-0.8043809867697345,0.059471500957220653,-0.04863640755364007,-0.1190223268703881,0.03227360259735512,-0.05085670852468534,2.9,2026-07-31
509,49.155443643566656,38.86883273164862,-0.31673384083479306,46.52306499942255,51.78782228771076,10459,New York,Bronx County,NY,524818.0,-0.016341469592745378,-0.3478239253185862,0.11853442692463112,0.06962154474908958,0.7356888970966675,-0.3473800993727565,0.02951653692604239,0.002350554740024699,1.7,2026-07-31
510,49.12610242556923,38.748495788206974,-0.31673384083479306,42.568894636684135,55.68331021445433,07860,Newton,Sussex County,NJ,450730.0,0.02391996038731073,-0.5000071994426296,-0.07698028299088477,0.05287419958474015,-0.4796397080748449,-0.10236486985718557,-0.005586105375664729,-0.011740828266381079,2.3,2026-07-31
511,49.10595769095818,38.628158844765345,-0.31673384083479306,49.726939511446176,48.48497587047017,08828,Helmetta,Middlesex County,NJ,434055.0,0.03203917031651607,-0.5377060122962245,-0.33585540959943216,,-0.4110840319545137,-0.08563385829861747,-0.16975279168701896,0.07049113034946623,1.7,2026-07-31
512,49.08689122378379,38.50782190132371,-0.31673384083479306,46.753311392713556,51.42047105485402,10302,New York,Richmond County,NY,645919.0,-0.0670806536579299,-0.14020170933136278,0.0006237422773018864,,0.2209802052762473,-0.20643791161297914,-0.062219494136327214,-0.07628799043352048,1.8,2026-07-31
513,49.061317316095305,38.387484957882066,-0.31673384083479306,55.2307112288185,42.89192340337211,08558,Skillman,Somerset County,NJ,1062750.0,0.10273662709935608,0.3577387203572542,0.35719048540848597,,-0.3849040145660194,0.30225537448712625,-0.11763650159122285,-0.028193424249018675,2.3,2026-07-31
514,49.058082720881586,38.26714801444043,-0.31673384083479306,54.42864756398145,43.687517877781715,07027,Garwood,Union County,NJ,707231.0,0.060338473601659365,-0.049519065437378273,-0.08880048640249605,,-0.03481500129965309,-0.03844626569530074,-0.01205556273125552,0.1637818589705929,2.8,2026-07-31
515,48.99733399508332,38.1468110709988,-0.31673384083479306,46.5634489151396,51.431219075027045,10457,New York,Bronx County,NY,509431.0,-0.2666291952204404,-0.3775812170634385,0.17229780058021227,,0.589874932853484,-0.36129321974550044,0.12921410384883814,0.06135153862894631,1.6,2026-07-31
516,48.947736349268,38.02647412755716,-0.31673384083479306,48.8809587430063,49.0145139555297,11429,New York,Queens County,NY,754509.0,-0.029643448032339842,0.015191072063968747,-0.07166523532028535,,0.10288467598908002,-0.2034591141192491,-0.07836306040933394,0.07648479668810308,1.8,2026-07-31
517,48.91096994068377,37.90613718411552,-0.31673384083479306,53.28779237290616,44.53414750846137,11222,New York,Kings County,NY,1534004.0,0.013640811889280263,0.7247602974152105,0.35399958479812454,0.037212113109361275,0.6118485975255588,0.1689325290201682,0.06514926520326192,0.16513188691200958,2.0,2026-07-31
518,48.86387366148023,37.785800240673886,-0.31673384083479306,45.37229982274798,52.35544750021246,11901,Riverhead,Suffolk County,NY,658684.0,0.0766591393171904,-0.12063195592598674,-0.5394997875307563,,0.15725626232480994,-0.2615707591095636,0.015913250930868372,0.10109861074252384,2.3,2026-07-31
519,48.8430959160244,37.66546329723225,-0.31673384083479306,50.47408382967519,47.21210800237362,11703,North Babylon,Suffolk County,NY,645294.0,-0.0010865907741607062,-0.1411695099217365,-0.031778879181308284,,-0.34104619148508,-0.12041962758900715,0.14731234250204928,-0.02078400214309513,2.2,2026-07-31
520,48.74356635017057,37.545126353790614,-0.31673384083479306,54.48274637038413,43.00438632995701,11753,Jericho,Nassau County,NY,1321700.0,0.08142773759295566,0.5757979132785209,0.10287644156810671,,0.12781587564327945,0.251489730384449,-0.23086189357492692,-0.16422507254358693,2.4,2026-07-31
521,48.74057122554679,37.42478941034898,-0.31673384083479306,41.82272291262413,55.65841953846945,11953,Middle Island,Suffolk County,NY,511202.0,0.11793334176587181,-0.3741117132359957,-0.17540120351853083,0.06718285819998115,-0.10959462963731359,-0.16331507614764584,-0.21830872007490676,-0.033511373708348294,2.5,2026-07-31
522,48.66574609731914,37.30445246690734,-0.31673384083479306,44.86086580792549,52.470626386712794,11729,Deer Park,Suffolk County,NY,658163.0,0.00495018510867809,-0.12142329196335844,-0.05873558302141468,0.040795353798556755,-0.3197019987469585,-0.11499915411957173,0.1409460061053931,-0.05131288731004498,1.9,2026-07-31
523,48.66313734984149,37.18411552346571,-0.31673384083479306,51.65114106232298,45.67513363736001,08825,Frenchtown,Hunterdon County,NJ,585500.0,-0.02054621124576847,-0.23840931009404187,-0.15171589318411627,,-0.13990711442471704,-0.009254283843007971,-0.29231124220197024,0.10501731333948365,2.0,2026-07-31
524,48.61219835865934,37.063778580024064,-0.31673384083479306,45.14647489994213,52.07792181737656,08829,High Bridge,Hunterdon County,NJ,464383.0,0.062154394494305626,-0.4701668750010626,-0.3295365886271586,0.05555760728031074,-0.47156985586714595,0.001989775424534712,-0.07570388648622028,-0.15830551330271686,2.7,2026-07-31
525,48.56862024907417,36.94344163658243,-0.31673384083479306,46.08876068396098,51.048479814187374,07524,Paterson,Passaic County,NJ,535481.0,0.030108106469910828,-0.32771041158829384,-0.08215660387893564,,0.4996263200958342,-0.401998473560734,0.0044683239454634816,-0.007832254079959092,2.3,2026-07-31
526,48.55826793589327,36.8231046931408,-0.31673384083479306,54.64648723941602,42.47004863237053,07082,Towaco,Morris County,NJ,878455.0,0.007680490250378119,0.1672882447641335,0.2428805444061286,,-0.4345770587884037,0.23894836468548175,0.21746408539484463,0.14683767590606261,2.5,2026-07-31
527,48.54754947025411,36.702767749699156,-0.31673384083479306,48.66286343485143,48.4322355056568,11581,Valley Stream,Nassau County,NY,834523.0,-0.0051965940661876375,0.11598435102042082,-0.058444847932610955,0.04245538043784464,-0.12022534252134887,0.013131035801510316,-0.03760153247545084,-0.014495910599412645,2.0,2026-07-31
528,48.52191847690595,36.58243080625752,-0.31673384083479306,48.89618040145149,48.14765655236042,10472,New York,Bronx County,NY,702826.0,-0.10312889966634273,-0.05576671991460991,0.34113126942361127,0.05259622639846625,0.9509673104058975,-0.35429622106079733,-0.028149114751094828,0.016628449431801237,1.9,2026-07-31
529,48.50447960452668,36.462093862815884,-0.31673384083479306,53.369702778280335,43.63925643077302,07460,Stockholm,Sussex County,NJ,449120.0,0.023383077530550272,-0.5035853443518814,-0.028016694518296248,,-0.7596206870772371,-0.12646301996034498,0.05251292751305847,-0.18003974929026761,2.7,2026-07-31
530,48.50285911271217,36.34175691937425,-0.31673384083479306,48.190145190789316,48.81557303463503,11563,Lynbrook,Nassau County,NY,769344.0,-0.011517822083921908,0.034661912879128565,-0.1389884965993371,0.04628185843662552,-0.1632369906671951,-0.06090819867920455,0.08332950918356907,-0.030588630664506858,2.1,2026-07-31
531,48.49988150932589,36.22141997593261,-0.31673384083479306,50.51185887128802,46.48790414736375,07834,Denville,Morris County,NJ,680530.0,0.02881043402196362,-0.08800436711310766,-0.019295415646935155,,-0.42236890932902615,0.12162123042927309,-0.0006172316583192838,-0.06392946836048781,2.3,2026-07-31
532,48.47692759386776,36.101083032490976,-0.31673384083479306,47.3565086502064,49.59734653752912,07869,Randolph,Morris County,NJ,830084.0,0.06510687506012439,0.11065040748965416,0.2951562800648677,0.029272548224938126,-0.3009279556447553,0.19095839897630384,-0.04598258025715296,-0.0781802022828086,2.3,2026-07-31
533,48.411805085736034,35.98074608904934,-0.31673384083479306,50.08663017557823,46.73697999589383,10986,Tomkins Cove,Rockland County,NY,710365.0,0.07651968500729148,-0.04509682949079341,0.23025573917813702,,,-0.004806380641885211,,0.16851447994352614,2.7,2026-07-31
534,48.39095825555379,35.860409145607704,-0.31673384083479306,47.11235064780952,49.66956586329806,11772,Patchogue,Suffolk County,NY,607502.0,0.03222096780805331,-0.20152111523436567,-0.11264825133770984,0.055268975300464734,-0.13655521631575174,-0.15797745704468147,0.04034435766214095,-0.028981454362298556,2.4,2026-07-31
535,48.377451017903255,35.74007220216607,-0.31673384083479306,44.50598429235893,52.24891774344758,10537,Lake Peekskill,Putnam County,NY,435796.0,0.08135815960909412,-0.5337016871120355,-0.3712435166981063,,-0.696132716332069,0.060648002683511226,0.05169098313508691,-0.011188350965657803,2.6,2026-07-31
536,48.34242713845094,35.619735258724425,-0.31673384083479306,45.78036444983581,50.904489827066065,07421,West Milford,Passaic County,NJ,492328.0,0.03091056178205634,-0.4117316238534272,-0.05997313078681188,0.06824722509867089,-0.5564695637089969,-0.10291594942248172,0.0769082254709943,-0.08639854732091452,2.3,2026-07-31
537,48.26628866052569,35.49939831528279,-0.31673384083479306,47.31873586543348,49.213841455617896,11432,New York,Queens County,NY,898273.0,-0.14072553219057013,0.18959763812594943,0.2247203922638814,0.03598232481422079,0.605492952801973,-0.12826902615437158,-0.05534330078008587,0.0678115288332413,1.9,2026-07-31
538,48.26511469901908,35.37906137184115,-0.31673384083479306,49.85333930430148,46.67689009373668,11957,Orient,Suffolk County,NY,1557823.0,-0.004211337087280137,0.7401681757404006,0.8319897709132782,,0.915357509761553,0.07430846561247428,0.06638607505518124,0.2464292695022448,2.3,2026-07-31
539,48.25407819825445,35.25872442839952,-0.31673384083479306,43.049276511446806,53.45887988506208,10993,West Haverstraw,Rockland County,NY,446796.0,0.07914687003482293,-0.508773296620868,-0.38222869896626044,,0.019969281799208316,-0.25396657163886177,0.10306455812383142,-0.008579063845919513,2.8,2026-07-31
540,48.23164941972493,35.13838748495788,-0.31673384083479306,50.971450464264734,45.49184837518513,08802,Asbury,Hunterdon County,NJ,620265.0,0.018043243186959407,-0.18072970852398562,0.19804193690090344,,-0.369838346500422,-0.04936158263693807,-0.20574915870469113,0.04973167053058285,2.4,2026-07-31
541,48.21080189220197,35.018050541516246,-0.31673384083479306,48.21050948015755,48.211094304246394,10801,New Rochelle,Westchester County,NY,808126.0,0.037249529425020717,0.08384174027977309,-0.07046669516330972,0.04439281952734817,0.3557287918627725,-0.04816529635976491,0.058628866789980805,0.07279400945646967,3.1,2026-07-31
542,48.20381093252314,34.89771359807461,-0.31673384083479306,49.12381825316484,47.28380361188144,10306,New York,Richmond County,NY,759750.0,-0.05084862535711884,0.022113449304704602,0.10572495008583438,0.04094248636070094,0.1700417335871911,-0.1473160622317799,-0.05025530225489305,-0.04803752330126772,1.4,2026-07-31
543,48.17590251793028,34.777376654632974,-0.31673384083479306,49.087947219730374,47.2638578161302,07847,Kenvil,Morris County,NJ,519587.0,0.012275487510671118,-0.3578427155206505,-0.053129257143305963,,-0.08307678541333563,-0.18651582036216707,-0.5115342745517193,-0.1445018873059138,2.3,2026-07-31
544,48.170998109272375,34.65703971119133,-0.31673384083479306,47.30304802175747,49.03894819678728,07871,Sparta Township,Sussex County,NJ,621719.0,0.032806240299859374,-0.17838720115230977,0.2691836575447848,,-0.5790326685960399,0.13377948218577973,-0.03448473633514837,0.02879558529896746,2.7,2026-07-31
545,48.14482121418311,34.5367027677497,-0.31673384083479306,42.82731801160496,53.46232441676126,08087,Tuckerton,Ocean County,NJ,424554.0,0.13222005413266338,-0.559836496043923,-0.23252628694937627,0.06927423175501296,-0.356851161547451,-0.19996197083439465,0.09123766907659814,-0.09475131660586884,2.4,2026-07-31
546,48.118576588884466,34.416365824308066,-0.31673384083479306,50.26767457995942,45.96947859780951,08884,Spotswood,Middlesex County,NJ,577031.0,0.1044679196679347,-0.25298013200854186,-0.0003682043901545029,,-0.1828414874849209,-0.12163873799633751,0.036980799477055015,-0.012744375913875408,2.2,2026-07-31
547,48.0425802904541,34.29602888086642,-0.31673384083479306,43.119944407699194,52.96521617320901,10305,New York,Richmond County,NY,734164.0,-0.04401196806543836,-0.012143746668046518,-0.07702064337324366,0.044866269173065985,0.2853089452292046,-0.1827726205085678,-0.18617846392515602,0.030189398560290834,1.5,2026-07-31
548,48.01482960587181,34.17569193742479,-0.31673384083479306,48.30407257044374,47.72558664129987,08826,Glen Gardner,Hunterdon County,NJ,576119.0,-0.020809920491929285,-0.2545622919370949,0.023518454038574887,,-0.35156882897147423,-0.023488464064031822,-0.09198451798627083,-0.08926883410431304,2.7,2026-07-31
549,47.972036509396446,34.05535499398315,-0.31673384083479306,54.912461073182385,41.03161194561051,08502,Belle Mead,Somerset County,NJ,1025954.0,0.12165592299034281,0.32250166215297327,0.3301510852796188,,-0.38225700235018434,0.2860135434683376,-0.11049345567163726,0.04615622730495543,2.8,2026-07-31
550,47.95296033626142,33.935018050541515,-0.31673384083479306,48.344561857820274,47.561358814702565,11942,East Quogue,Suffolk County,NY,1189760.0,0.1389688449422252,0.4706309232994066,-0.07215796213318626,,0.6516828805780939,0.004720582032892329,-0.21548358907363152,0.057460389935452036,2.6,2026-07-31
551,47.900030412836855,33.81468110709988,-0.31673384083479306,50.803357300456796,44.99670352521691,11357,New York,Queens County,NY,1010416.0,-0.06216333718406872,0.3072414245718633,0.3052253273667329,0.03591094388668976,0.4539110294759865,-0.09945286669002362,-0.10882772847925004,0.011026145533755291,1.8,2026-07-31
552,47.86053351782922,33.69434416365824,-0.31673384083479306,48.81357804654832,46.907488989110114,11427,New York,Queens County,NY,792989.0,-0.039052841409263545,0.06493283440781994,0.016713747073756835,,0.2977780734443438,-0.11954195046933236,-0.1170840214403075,0.02035060330910836,1.8,2026-07-31
553,47.841360347639124,33.57400722021661,-0.31673384083479306,52.49510025495526,43.187620440322995,07604,Hasbrouck Heights,Bergen County,NJ,729748.0,0.00851788425879399,-0.018176519766370802,0.13795158863757173,,-0.11505375551240715,-0.06940298639180842,0.03516792914317968,0.00684171755269096,2.1,2026-07-31
554,47.79121881205677,33.45367027677497,-0.31673384083479306,45.92964945285141,49.65278817126213,07072,Carlstadt,Bergen County,NJ,675578.0,-0.05243767655662132,-0.09530768013291713,-0.025669811095411887,0.04795893804752406,-0.1228363796184635,-0.18255395668317176,0.030908692774126223,0.012117023455912965,2.0,2026-07-31
555,47.789758614908095,33.33333333333333,-0.31673384083479306,47.0192999747394,48.5602172550768,11417,New York,Queens County,NY,763063.0,-0.07032580387013318,0.02646418115571514,0.1281148597432491,0.036170022791606,0.28174396377632216,-0.23374233473501016,-0.10729879656509667,-0.0009478116294354272,1.7,2026-07-31
556,47.77283207464032,33.2129963898917,-0.31673384083479306,47.861023973947944,47.684640175332696,10511,Buchanan,Westchester County,NY,628755.0,-0.21757801407503904,-0.16713436039179896,0.06052338154861481,,-0.29960943622422787,-0.00922842110517852,-0.07223661771965695,-0.15773450665613503,3.9,2026-07-31
557,47.75497963152468,33.092659446450064,-0.31673384083479306,41.34939892999522,54.16056033305414,07734,Keansburg,Monmouth County,NJ,426817.0,0.0963477070899085,-0.5545202604651305,-0.4915007386758692,0.07028769350385985,-0.24033623932910975,-0.24881487293016458,0.048413592616332934,-0.1403746309915747,3.3,2026-07-31
558,47.74105627227867,32.97232250300842,-0.31673384083479306,47.22563990811615,48.25647263644119,11421,New York,Queens County,NY,743671.0,-0.12346263890980289,0.0007222119104444147,0.10674749216629564,,0.2145871132554784,-0.21855884786962582,-0.015718371624378946,-0.0017647498670212008,1.4,2026-07-31
559,47.73009107626018,32.851985559566785,-0.31673384083479306,51.05198897813327,44.4081931743871,10526,Goldens Bridge,Westchester County,NY,740297.0,-0.18310416581931896,-0.003824740931792192,-0.28565971701729964,,-0.8040327943716179,0.17742484497474287,0.35098904753981053,-0.05427519055291326,2.7,2026-07-31
560,47.729143255718355,32.731648616125156,-0.31673384083479306,45.456175823451844,50.00211068798486,11975,Wainscott,Suffolk County,NY,3194485.0,-0.13764056861679527,1.4583050472011916,0.15168166449107012,,1.3040440291120603,0.15725847459124298,-0.31829615432742386,-0.031065957642542677,2.9,2026-07-31
561,47.70633373755689,32.61131167268351,-0.31673384083479306,53.0196798601163,42.39298761499747,07069,Watchung,Somerset County,NJ,1106303.0,0.058573953822103425,0.39790297877268443,0.4413675304756506,0.027551220518698714,-0.026618044851445477,0.14362127198187047,-0.13787630294836717,0.01762520152705553,2.6,2026-07-31
562,47.693171363050126,32.49097472924188,-0.31673384083479306,48.81716162035239,46.56918110574787,11379,New York,Queens County,NY,906378.0,-0.09178387717614064,0.1985802030064754,0.32634174604493715,0.037950319527730904,0.38125550259009233,-0.13474202087578602,-0.12202761923119176,0.035728322371060536,1.6,2026-07-31
563,47.69103699788376,32.37063778580024,-0.31673384083479306,49.41897541313365,45.96309858263387,11040,New Hyde Park,Nassau County,NY,985701.0,0.0011325915497501227,0.2824765995592262,0.04824547098761656,,-0.03772843677464377,0.067868690462353,-0.05219983432159481,0.06692853016799942,1.9,2026-07-31
564,47.68417682638475,32.250300842358605,-0.31673384083479306,47.655799281774605,47.712554370994894,11428,New York,Queens County,NY,788495.0,-0.038381904433808595,0.05924949416583303,0.007433251963254506,0.03404461678197578,0.2663993835491627,-0.16588503947161426,-0.07849491902739558,-0.009334851693217863,1.8,2026-07-31
565,47.64904912595904,32.12996389891697,-0.31673384083479306,46.908050430945366,48.39004782097271,11933,Calverton,Suffolk County,NY,654959.0,0.06028027691534668,-0.12630387564622936,-0.13813101128059735,,0.2882562263101007,-0.19863112205726507,-0.2690867668455663,-0.14777786022996303,2.5,2026-07-31
566,47.61432253055928,32.009626955475326,-0.31673384083479306,51.408129480993345,43.82051558012521,10977,Spring Valley,Rockland County,NY,895376.0,0.20636735156774258,0.18636805628235287,0.007537578221084473,,0.5974837298235165,-0.2644959976926592,0.07601323883577216,-0.014746570011917107,2.5,2026-07-31
567,47.5818002749959,31.889290012033694,-0.31673384083479306,46.424523015525914,48.73907753446589,08857,Old Bridge,Middlesex County,NJ,645250.0,0.08188310331755524,-0.14123858246828647,0.10410262114374014,0.05323415903462967,-0.11418789677991659,-0.10308593076901307,-0.10059879339253364,0.011224304407058391,2.3,2026-07-31
568,47.48050854398353,31.768953068592058,-0.31673384083479306,50.42196960346666,44.53904748450041,07927,Cedar Knolls,Morris County,NJ,759176.0,0.03768399858382701,0.021356996616963997,-0.10665073360191712,0.0551809047953012,-0.3955347533638307,0.05844520619158311,0.07395569303803207,-0.01609478808117233,2.2,2026-07-31
569,47.45904759063971,31.64861612515042,-0.31673384083479306,49.0700865380762,45.84800864320322,10547,Lake Mohegan,Westchester County,NY,611423.0,-0.0748224626790229,-0.19508758008579719,-0.1526739399034529,0.05707780223874221,-0.5651546626198087,0.039064370509979685,0.15344940448126287,0.005130538188382425,2.6,2026-07-31
570,47.457195116889466,31.528279181708786,-0.31673384083479306,46.20623272180032,48.70815751197861,11411,New York,Queens County,NY,720992.0,-0.12862916019536427,-0.03024780289553952,-0.05694992810124688,,-0.0665216314642525,-0.1377564599499681,-0.06073301622121896,0.024291256626473065,1.6,2026-07-31
571,47.201903595557646,31.40794223826715,-0.31673384083479306,46.1179051525231,48.28590203859219,08852,Monmouth Junction,Middlesex County,NJ,704460.0,0.03050651246013772,-0.053444168705635064,0.05636203552238861,0.042225514441864086,-0.22410662768248568,0.18368712553831967,-0.012665655375768026,-0.061119277078636805,2.2,2026-07-31
572,47.171197778580215,31.28760529482551,-0.31673384083479306,42.51290683991278,51.82948871724765,07095,Woodbridge,Middlesex County,NJ,489322.0,0.12879718822150324,-0.41785531496048733,-0.14718394845018068,0.0628933655492999,-0.34985379033741393,-0.12863593262215944,-0.039403884228285335,0.0076723628337538735,2.5,2026-07-31
573,47.00862914137368,31.167268351383875,-0.31673384083479306,43.44961253846943,50.56764574427793,18371,Tamiment,Pike County,PA,315290.0,0.05598816291333222,-0.857384604250317,-0.08797638829232746,,-0.7677353567964762,-0.4172505873872567,0.0188948940396525,0.12308472218471538,2.1,2026-07-31
574,46.963888044447856,31.046931407942242,-0.31673384083479306,44.34105339500458,49.586722693891126,10954,Nanuet,Rockland County,NY,648970.0,0.048520953273392925,-0.1354900831167658,-0.24709772168313648,0.06052875823831251,-0.17068139085292988,0.006304211996944975,-0.14828624296151816,0.09236637924344775,2.4,2026-07-31
575,46.95219338639632,30.9265944645006,-0.31673384083479306,48.29301869184202,45.61136808095061,07066,Clark,Union County,NJ,733349.0,0.08163794938177774,-0.013254589969193376,0.08575554521171824,,-0.18612916549302594,-0.019271694261974226,-0.03684399126430371,-0.033375427491204326,2.5,2026-07-31
576,46.88916482534476,30.806257521058967,-0.31673384083479306,47.960885635578926,45.81744401511059,07465,Wanaque,Passaic County,NJ,523601.0,-0.05230333641588167,-0.3501454527991683,-0.23760365278451623,,-0.3752023705203371,-0.004205618920023357,-0.1158078250272574,-0.07127426696403445,1.5,2026-07-31
577,46.85116481566569,30.685920577617328,-0.31673384083479306,43.943120029556916,49.759209601774465,10304,New York,Richmond County,NY,711139.0,-0.06122038506735236,-0.044007679233864394,-0.03121301451763081,0.043711259242432236,0.406698952350365,-0.171261421318944,0.04670156145057014,0.020809239583656144,1.5,2026-07-31
578,46.84147627731809,30.56558363417569,-0.31673384083479306,41.40712638740102,52.27582616723515,07110,Nutley,Essex County,NJ,662012.0,0.044043054630235196,-0.11559317949477865,-0.08710227943729798,0.0417930266220102,-0.1788736980359691,0.03458689952250593,-0.046876823781889954,0.04057419201918071,2.1,2026-07-31
579,46.78219723645225,30.445246690734056,-0.31673384083479306,43.88199412340718,49.682400349497314,11692,New York,Queens County,NY,623783.0,-0.026905112999430963,-0.1750732691775525,-0.4688609212168853,0.06433645193670315,0.6397763285943572,-0.23085970566482938,-0.1710680500870403,0.03284689275957069,2.0,2026-07-31
580,46.7635003431784,30.324909747292416,-0.31673384083479306,43.162539081973165,50.364461604383635,07080,South Plainfield,Middlesex County,NJ,598708.0,0.024295316864329314,-0.21610287896709934,-0.024957290962053236,0.05364800312793412,-0.3639561460475502,-0.05260439191147759,0.01722493060042396,0.004243796332698488,2.5,2026-07-31
581,46.74563689887265,30.20457280385078,-0.31673384083479306,47.343779526520215,46.14749427122508,11361,New York,Queens County,NY,1003418.0,-0.06603078451374209,0.30029092279424496,0.13120069182773975,0.035101244488795875,0.35875040838577976,-0.028282739342061103,-0.04449762250086309,0.04046463522725245,1.6,2026-07-31
582,46.686949401748414,30.084235860409148,-0.31673384083479306,47.590265064267875,45.783633739228954,18451,Paupack,Pike County,PA,421438.0,-0.026705842439042365,-0.5672037557980261,0.2423885702780364,,-0.8909063145238154,0.01368454028700139,0.7281499007747634,-0.3253857874246468,2.3,2026-07-31
583,46.58037634883733,29.96389891696751,-0.31673384083479306,44.47604610634754,48.68470659132712,07920,Basking Ridge,Somerset County,NJ,945658.0,0.08971043279922633,0.24100474176379905,-0.12401360337983292,0.04658837408536385,-0.2996873754579277,0.25391454129577773,0.011068629762815974,0.03436606379608191,2.7,2026-07-31
584,46.53466828185111,29.843561973525873,-0.31673384083479306,38.62093721212508,54.44839935157715,10004,New York,New York County,NY,1252150.0,-0.31098993048982815,0.5217413335937788,-0.22375209285555187,0.04663096231557784,-0.2784667198460469,0.4144339643677176,0.0420816364233616,-0.03860312478028734,1.3,2026-07-31
585,46.45039133359177,29.723225030084237,-0.31673384083479306,52.207444323073396,40.69333834411014,11963,Sag Harbor,Suffolk County,NY,2368224.0,0.05740565161358582,1.1590194856648033,0.0016066310525939542,0.2836161627992836,1.0302324326402121,0.03197677559682155,0.14507264423686017,0.02845627343549699,2.1,2026-07-31
586,46.362544650539945,29.602888086642597,-0.31673384083479306,46.26337066663562,46.46171863444427,07438,Oak Ridge,Morris County,NJ,541623.0,0.04396655845473099,-0.3163051077679402,0.05154054057122792,,-0.40943342715791364,-0.060546506451460924,-0.12785259545687389,-0.08984942723972873,2.7,2026-07-31
587,46.34210484484457,29.482551143200965,-0.31673384083479306,42.865263168989934,49.81894652069921,08758,Waretown,Ocean County,NJ,557761.0,0.10012051980112205,-0.2869449019623911,-0.13244940107551706,0.051993557489327255,-0.13936755644469234,-0.16738260924019766,0.094655422428783,-0.10185141673452032,2.3,2026-07-31
588,46.25921397581308,29.362214199759322,-0.31673384083479306,46.937202052581995,45.58122589904418,11954,Montauk,Suffolk County,NY,1944962.0,0.0562429830125403,0.9621213134645359,-0.2673612165207384,,0.7208063120886219,0.04076711830524049,0.16299356527972364,-0.04814930098230415,2.5,2026-07-31
589,46.14598917754061,29.24187725631769,-0.31673384083479306,47.08792232047837,45.204056034602864,10604,White Plains,Westchester County,NY,954757.0,0.013627488114036274,0.2505807119619483,0.08873128013545006,0.04874618111803549,0.20954399061741635,0.0207980322516208,-0.08903024063965326,0.09006407477380689,2.7,2026-07-31
590,46.139073005624795,29.121540312876053,-0.31673384083479306,40.39835857553378,51.87978743571582,10023,New York,New York County,NY,1457669.0,-0.3972528643207657,0.6737179365484369,0.04103281800334102,0.041561340399704355,0.32058879597004153,0.34895067649823197,-0.04417499272741843,0.09395350520856231,2.5,2026-07-31
591,46.083647679456114,29.001203369434414,-0.31673384083479306,42.01848848620446,50.148806872707766,07008,Carteret,Middlesex County,NJ,567756.0,0.07949200865508779,-0.26918388551978367,-0.049264690406294775,0.05192728555065725,-0.12285447102248104,-0.19001474650085354,0.048539632671319666,0.00953217565168378,2.2,2026-07-31
592,46.08192122843022,28.880866425992778,-0.31673384083479306,45.751675451288705,46.412167005571725,08530,Lambertville,Hunterdon County,NJ,655065.0,-0.0434542839195565,-0.12614213307394806,-0.2148588490393024,,-0.19626112516287475,0.10381235542026035,0.0027297047159375865,0.08852080072963835,1.9,2026-07-31
593,45.9840531698765,28.760529482551146,-0.31673384083479306,42.14032458498845,49.827781754764565,11757,Lindenhurst,Suffolk County,NY,623728.0,-0.01831704945534937,-0.17516167410482808,-0.09843379694045318,0.052946148368458436,-0.30506750988542497,-0.18201583568909036,0.05179191377016856,-0.04198002866221602,2.0,2026-07-31
594,45.90264957519038,28.640192539109506,-0.31673384083479306,45.76784646429198,46.037452686088784,08823,Franklin Park,Somerset County,NJ,430122.0,0.11842342135874376,-0.5468072073097421,-0.5085818959971338,,-0.575660347239759,0.10009682033396095,-0.1248707764691499,-0.1852582010933223,1.8,2026-07-31
595,45.891990768460786,28.51985559566787,-0.31673384083479306,47.09753754772838,44.686443989193194,10024,New York,New York County,NY,1625816.0,-0.30486689163290814,0.782889192211238,0.22623011963644757,0.03252426048895009,0.30255987903739334,0.32975883423305985,0.0032081533798784534,0.041347801690131455,3.0,2026-07-31
596,45.888220822468185,28.399518652226234,-0.31673384083479306,45.874246813465774,45.9021948314706,07950,Morris Plains,Morris County,NJ,734524.0,0.03714163948408036,-0.011653090188659121,0.006282743446863748,0.05776073791681432,-0.3258021781957059,0.17061911193988033,-0.04174529340165911,0.1130751701971227,2.3,2026-07-31
597,45.85717531091092,28.279181708784595,-0.31673384083479306,43.82197725604541,47.89237336577642,10022,New York,New York County,NY,1180192.0,-0.32075350951370896,0.46255601670441315,-0.0007906317189600998,0.052323300422836,0.036167252938626104,0.35621657591136724,-0.09895112620946556,0.026932327954656096,2.7,2026-07-31
598,45.81503519078126,28.158844765342963,-0.31673384083479306,43.08926823751719,48.54080214404534,11232,New York,Kings County,NY,841661.0,-0.25373000414315927,0.12450132623663457,-0.3980945094241797,0.047296665392702796,0.3360972042704151,-0.13662203444300258,0.16432758357363042,0.038782711928304445,2.0,2026-07-31
599,45.808042347735814,28.038507821901327,-0.31673384083479306,46.41724792692863,45.198836768542996,07663,Saddle Brook,Bergen County,NJ,676309.0,0.010503920026672026,-0.09422680406338202,0.09531047787481128,0.05546433002509752,-0.2333480754273023,-0.12430023492130943,-0.041541259682238874,-0.017818359676242415,2.1,2026-07-31
600,45.790782581582135,27.918170878459687,-0.31673384083479306,40.844018558593405,50.73754660457087,11356,New York,Queens County,NY,832691.0,-0.13845630758131086,0.11378649893553927,0.1297732964029059,0.03925825758066705,0.3722435186535946,-0.22274358385923332,0.10675602981645582,0.05294441506533713,1.5,2026-07-31
601,45.77988640641456,27.79783393501805,-0.31673384083479306,43.52772537867658,48.03204743415254,11691,New York,Queens County,NY,682588.0,-0.08116177168101543,-0.08498518020979517,-0.4180946328066302,0.05492744756757432,0.6085121802938811,-0.24370156931227926,-0.12077550756147915,0.06080630342134645,1.7,2026-07-31
602,45.73988216439886,27.67749699157641,-0.31673384083479306,39.99661099004005,51.48315333875767,07728,Freehold,Monmouth County,NJ,658949.0,0.07061546726711079,-0.12023075339711298,-0.22849173859822258,0.05244378818702929,-0.13580371696251103,-0.03100418006008926,-0.014567632069811154,-0.02888988412194289,2.4,2026-07-31
603,45.717470533709076,27.557160048134776,-0.31673384083479306,40.94518010058988,50.48976096682827,10704,Yonkers,Westchester County,NY,682585.0,-0.00427778669817655,-0.0849894145367589,0.0751282270991549,0.04593798611980957,-0.034559381913571885,-0.13116180822061552,0.11972877790042347,-0.041288043452059234,2.6,2026-07-31
604,45.707763165562156,27.436823104693143,-0.31673384083479306,44.08989507410827,47.325631257016035,10309,New York,Richmond County,NY,802808.0,-0.0558048005821373,0.07723981271818481,0.29579230171448145,0.030102660152080487,0.04406201510599206,-0.08890554482261859,-0.17228332933023793,0.04463282034834774,1.5,2026-07-31
605,45.60599076940852,27.3164861612515,-0.31673384083479306,41.521434360817594,49.69054717799945,07801,Dover,Morris County,NJ,515279.0,0.03261023296401469,-0.3661674158254815,-0.09979173944693898,0.05438152709911803,-0.0818632489714688,-0.266724862409109,-0.09146449869748707,0.06324245090526252,2.4,2026-07-31
606,45.522505580376034,27.196149217809868,-0.31673384083479306,41.88551541209069,49.159495748661385,10028,New York,New York County,NY,1487953.0,-0.35594861052787297,0.694280345017356,0.2208286720166619,0.03248798860863839,0.2500600458634412,0.3471698486471412,0.122358659193047,0.03901875356233679,2.9,2026-07-31
607,45.518368258697116,27.075812274368232,-0.31673384083479306,38.047924025705214,52.98881249168902,10075,New York,New York County,NY,1223655.0,-0.402388558297481,0.49872160774646623,0.01201880237259445,0.039138828042043716,0.17075086744307266,0.38489097324321875,-0.11383925397826467,0.10192111513371342,2.8,2026-07-31
608,45.492268738073605,26.955475330926593,-0.31673384083479306,41.0607168351554,49.92382064099182,07522,Paterson,Passaic County,NJ,496042.0,0.08667216857421281,-0.4042158853539348,-0.15625689629963446,0.05525743382355633,0.4446323642664314,-0.3840613995467399,0.012676986431088721,0.0679811669563704,2.6,2026-07-31
609,45.45645097846253,26.835138387484957,-0.31673384083479306,46.32741104491336,44.58549091201169,07086,Weehawken,Hudson County,NJ,878427.0,-0.04036438676160578,0.1672565335778824,-0.1528497115636256,0.05254643403164405,0.03833641283336742,0.19387092343898538,-0.000565437280586778,0.23063973464829274,2.4,2026-07-31
610,45.43857988679508,26.714801444043324,-0.31673384083479306,45.37721198448694,45.49994778910323,07310,Jersey City,Hudson County,NJ,1016694.0,0.0024022195441325833,0.3134352968987617,-0.49755623103690105,0.05407616100517519,-0.1773263016484894,0.41338156802463444,-0.013104394800262043,0.2152865048828992,1.3,2026-07-31
611,45.34805503302354,26.594464500601685,-0.31673384083479306,41.522014231816534,49.17409583423055,10011,New York,New York County,NY,1661716.0,-0.46514663363514297,0.8047298048989067,0.0750705292380367,0.04347938287024082,0.542469092665274,0.30591259736562615,-0.17689139639019835,-0.006046128371534912,2.9,2026-07-31
612,45.31240870840507,26.47412755716005,-0.31673384083479306,40.42698043832154,50.19783697848861,07827,Montague Township,Sussex County,NJ,324869.0,0.04410941034984042,-0.827454738904537,-0.20058311294759257,,-0.7257047965782608,-0.19989509172987424,0.06253379244840929,-0.1913260705243524,2.0,2026-07-31
613,45.27486551811662,26.353790613718413,-0.31673384083479306,43.931556171742244,46.618174864490996,07071,Lyndhurst,Bergen County,NJ,659683.0,0.0558598508006071,-0.11911603007480132,0.05674337092516524,0.04824131621203241,-0.11377434495313854,-0.07114867460629487,0.10288984891047015,0.017822109093302438,2.3,2026-07-31
614,45.26231406458114,26.233453670276774,-0.31673384083479306,51.62853284054263,38.89609528861965,11976,Water Mill,Suffolk County,NY,5090000.0,0.12742929129256667,1.924156824005827,0.8270324769506505,0.23850689795053331,1.4510689122551887,0.23924164073418486,-0.007813786963549063,0.21987803166394776,2.4,2026-07-31
615,45.19708436074595,26.113116726835138,-0.31673384083479306,38.85797336744346,51.53619535404843,07731,Howell,Monmouth County,NJ,678682.0,0.1576283823947641,-0.09072345786896463,-0.1496157844687449,,-0.2677242165529681,-0.05061014730775981,-0.027518916433724172,0.021438769506282804,2.3,2026-07-31
616,45.174593185951615,25.992779783393498,-0.31673384083479306,42.83765065703226,47.511535714870966,08816,East Brunswick,Middlesex County,NJ,639776.0,0.11147864344422978,-0.14975874069700268,0.13783810673468722,0.04917271170686255,-0.39543603510774017,0.09289923980130887,-0.009436324949367858,-0.03618999354227777,2.8,2026-07-31
617,45.12357150723558,25.872442839951866,-0.31673384083479306,44.46616402586193,45.78097898860924,10464,New York,Bronx County,NY,678572.0,-0.1416746644107519,-0.0908859548737535,0.039653191349563244,,-0.005570935114177944,-0.02343790417768632,-0.16339781094269945,0.013738549596685787,1.7,2026-07-31
618,45.09648206761945,25.75210589651023,-0.31673384083479306,41.04507401151766,49.14789012372124,11378,New York,Queens County,NY,877805.0,-0.09987448120752837,0.16654839973060298,0.056627303382290606,0.03698884840556176,0.4354366684148949,-0.20116202439882958,-0.1318015667797514,0.01143365545620538,1.4,2026-07-31
619,45.089201156828636,25.63176895306859,-0.31673384083479306,41.19570488287136,48.98269743078592,11743,Huntington,Suffolk County,NY,936342.0,0.030044379018466932,0.23110463459699027,-0.14838316305620936,0.043664955662072666,-0.2581459900121008,0.14399556994202967,0.125831140446115,-0.055622808268683335,2.7,2026-07-31
620,45.08099943906481,25.511432009626954,-0.31673384083479306,48.8169613548519,41.34503752327773,11211,New York,Kings County,NY,1426269.0,-0.049878070626266785,0.6519408196814762,0.21666159363517323,0.04249035348835409,0.6956510241322309,0.0730728377166967,0.0491004313604666,-0.42717122623901255,2.6,2026-07-31
621,44.90709128662236,25.391095066185322,-0.7562849023589946,44.21721679739194,45.59696577585277,11747,Melville,Suffolk County,NY,901605.0,-0.051419799495169366,0.19330016370185987,0.11141022619478314,0.05323839953383079,-0.1577376463667044,0.13027122253707657,2.0660753657253395e-05,-0.05456969311356526,2.1,2026-07-31
622,44.86834159702647,25.27075812274368,-0.7562849023589946,44.95403341171157,44.78264978234138,10310,New York,Richmond County,NY,705652.0,-0.05889709008841812,-0.05175331794669802,0.09791697280043365,0.04986590575630007,0.003708738663194877,-0.170349423550609,0.10288889873276474,0.01042776050771925,1.6,2026-07-31
623,44.85432572470718,25.150421179302047,-0.7562849023589946,46.14794844799373,43.560703001420634,10007,New York,New York County,NY,3181544.0,-0.12605091080673034,1.4542456973732598,0.7386907808187626,0.03336981083447078,0.6540376439334341,0.3423580545220217,-0.12164855774615546,0.08904536777343201,2.1,2026-07-31
624,44.82388651453095,25.03008423586041,-0.7562849023589946,46.563783060976135,43.08398996808576,08889,Whitehouse Station,Hunterdon County,NJ,724420.0,0.02577294091806373,-0.025504618604168527,0.1715433749972135,0.04787276943778347,-0.3654557497755093,0.11390569059787403,-0.025229849939705673,-0.01109054888265755,2.2,2026-07-31
625,44.81214675288692,24.90974729241877,-0.7562849023589946,34.78558896646388,54.838704539309965,07026,Garfield,Bergen County,NJ,592131.0,0.0004547212177467286,-0.2271480887473647,-0.07906295525931029,0.04954039983286335,0.11583918987088526,-0.23264101991914304,0.00606198876331554,-0.0718406777041662,2.1,2026-07-31
626,44.70927363831453,24.789410348977135,-0.7562849023589946,40.88239478103329,48.53615249559577,08822,Flemington,Hunterdon County,NJ,652525.0,0.03826240086428215,-0.1300273631717559,0.009420953781400954,0.04794148797010073,-0.3344867708163808,0.11337538229886335,-0.05889632581704518,0.03678023808957702,2.3,2026-07-31
627,44.615567099602,24.6690734055355,-0.7562849023589946,44.042316304009645,45.18881789519437,10455,New York,Bronx County,NY,481980.0,-0.18704125423085358,-0.4329740256749517,-0.10825233676337653,0.06808031063515073,0.7015745472366575,-0.3164673793672066,0.0026399734981481515,0.08281522299765269,1.3,2026-07-31
628,44.54915345629418,24.548736462093864,-0.7562849023589946,46.017290501151955,43.08101641143641,07727,Farmingdale,Monmouth County,NJ,833604.0,0.09449049619756736,0.11488223493297234,-0.15590268732057488,,-0.03086444096957064,0.022674727538058215,0.2515806363282813,0.03831643347997753,2.3,2026-07-31
629,44.45693034893394,24.428399518652228,-0.7562849023589946,42.329401997890024,46.58445869997786,11944,Greenport,Suffolk County,NY,983663.0,-0.0026334667573784942,0.2804068413192695,-0.5445596984498149,,0.5555126981697842,-0.06068599586808532,0.13846178351607463,0.007457324353793468,2.0,2026-07-31
630,44.4206958675544,24.30806257521059,-0.7562849023589946,33.489197527888074,55.35219420722073,11212,New York,Kings County,NY,679042.0,-0.12362635079986503,-0.09019337682989104,-0.28857571422904016,0.04889438174351461,0.9088701544406586,-0.3342252593258276,0.21307024785773798,-0.04228187982430827,1.8,2026-07-31
631,44.39932839513207,24.187725631768952,-0.7562849023589946,40.731958531628386,48.06669825863577,18458,Shohola,Pike County,PA,311210.0,-0.0101905905538274,-0.8704082688077452,-0.04862098136597659,,-0.7200923988307573,-0.21508449565805815,0.08844920607284124,0.27512198100694657,2.0,2026-07-31
632,44.371186308215144,24.067388688327316,-0.7562849023589946,45.04472299510461,43.69764962132569,11210,New York,Kings County,NY,944833.0,-0.07618669872397063,0.24013249775052792,0.040094732915944675,0.03700687938111621,0.5342459686879433,-0.09758098056100045,-0.04371352563469699,-0.06031179680382488,2.5,2026-07-31
633,44.28723862415192,23.94705174488568,-0.7562849023589946,38.20536906924379,50.36910817906005,11236,New York,Kings County,NY,704588.0,-0.09186925809570709,-0.05326314725230752,-0.13505971795759386,0.04995733668074454,0.26783251229274785,-0.2110759842126535,-0.09078513417457401,-0.0027124548380805386,2.4,2026-07-31
634,44.26816298648727,23.826714801444044,-0.7562849023589946,39.61734814692859,48.91897782604595,08753,Toms River,Ocean County,NJ,549575.0,0.10735570988091006,-0.30173088474660936,-0.23211276344917664,0.060234420108155294,-0.23656543149866605,-0.1135428536959801,0.007776898618518047,0.04707100034651672,2.7,2026-07-31
635,44.2136470043266,23.706377858002405,-0.7562849023589946,46.6518628052495,41.7754312034037,11977,Westhampton,Suffolk County,NY,1422807.0,0.08160376420979745,0.6495109346899905,0.297482391819921,,0.35100759723115327,0.08610209005425906,0.024555601988124565,-0.09274368895258318,2.5,2026-07-31
636,44.19867498804881,23.586040914560773,-0.7562849023589946,41.70448359889724,46.69286637720037,11704,West Babylon,Suffolk County,NY,633125.0,0.002588075895982561,-0.16020887696032204,-0.07312139457743427,0.05831711049808395,-0.3002749034551482,-0.16688025381108168,0.0667055732151649,-0.04063685100348531,1.8,2026-07-31
637,44.114099921664646,23.465703971119133,-0.7562849023589946,35.69309872520187,52.53510111812743,18337,Milford,Pike County,PA,356960.0,0.02423563077317184,-0.7332517462629227,0.10081453753769942,,-0.5461952434654223,-0.15608764629461885,-0.10402212184971837,0.08578347633637078,2.0,2026-07-31
638,44.11254862504967,23.345367027677497,-0.7562849023589946,39.70202386642244,48.5230733836769,07065,Rahway,Union County,NJ,543145.0,0.0507862334112307,-0.3134991898677253,-0.07852508245056455,0.055019728859378766,-0.10815497736496771,-0.14923918852655793,-0.0840376358173689,0.034652565171081215,2.3,2026-07-31
639,44.09085985714791,23.225030084235858,-0.7562849023589946,44.1169568253618,44.06476288893403,10014,New York,New York County,NY,1869785.0,-0.4233641882122715,0.9227025114403595,0.030771072737207916,0.039949754665530246,0.4712335773550087,0.36424306030012876,0.04743061676208882,-0.013212086358283151,3.1,2026-07-31
640,44.06438240118239,23.104693140794225,-0.7562849023589946,41.74393165338689,46.3848331489779,10901,Montebello,Rockland County,NY,810033.0,0.16933939421869795,0.08619904613898832,0.018933993710968267,0.03958356250557508,0.12494512584065443,-0.027873144617854118,-0.11780384321679982,0.032253005450641845,2.4,2026-07-31
641,44.0207055534253,22.984356197352586,-0.7562849023589946,36.26130374984488,51.78010735700573,07109,Belleville,Essex County,NJ,524127.0,0.05558988469104201,-0.34914154909066397,-0.22021562972192577,0.053189535156321376,-0.1325492177326908,-0.1623883229228409,0.015457165064955092,0.08549258296498534,2.1,2026-07-31
642,44.00430706046998,22.86401925391095,-0.7562849023589946,37.226763255676794,50.781850865263166,18428,Hawley,Pike County,PA,327562.0,0.02319304163594396,-0.8191988873422957,-0.016434967680403645,,-0.4357293724559963,-0.1860321018362936,0.04746932977303686,-0.07026252135910811,2.1,2026-07-31
643,43.97801303146373,22.743682310469314,-0.7562849023589946,46.48570032499396,41.470325737933514,08501,Allentown,Monmouth County,NJ,737356.0,0.027212720187146294,-0.007805766282197979,0.15739255568521848,,-0.27140132258864047,0.08651504860381287,-0.014897525464393269,0.012591768978503823,2.2,2026-07-31
644,43.87451879506839,22.623345367027678,-0.7562849023589946,38.31200431178347,49.43703327835331,10701,Yonkers,Westchester County,NY,633364.0,-0.024610521928106616,-0.1598311319586081,-0.29399268222634944,0.05303682180073924,0.3904905680719988,-0.1776707537209024,0.07849306272059131,0.049801275317827895,2.6,2026-07-31
645,43.85015998519049,22.503008423586042,-0.7562849023589946,41.11576877928809,46.584551191092885,08901,New Brunswick,Middlesex County,NJ,449510.0,-0.0012250875952869167,-0.5027191138171645,-0.2538544585091511,0.07300093226191288,0.031765948129227395,-0.255508041845169,0.17633997499189213,-0.03343646959768494,1.7,2026-07-31
646,43.82116958304543,22.382671480144403,-0.7562849023589946,44.75481383094288,42.88752533514799,08869,Raritan,Somerset County,NJ,555712.0,0.010390249848145322,-0.29062549989320274,-0.14170400976184716,0.05397613223865596,-0.24845820441019772,-0.04602496092685865,0.07388369137072104,-0.021163401103523063,2.1,2026-07-31
647,43.801464097721706,22.26233453670277,-0.7562849023589946,51.11417077785998,36.48875741758342,07931,Far Hills,Somerset County,NJ,1454207.0,0.07946056343456612,0.6713399449681425,0.4831624372012264,,0.08890391689768573,0.2065969881726476,-0.1350212734691585,0.1720587267811749,2.7,2026-07-31
648,43.74770364326061,22.14199759326113,-0.7562849023589946,42.93930509389666,44.55610219262456,07005,Boonton,Morris County,NJ,738042.0,0.01945945996877932,-0.006874843613056569,0.04533694919329179,0.047693733244344325,-0.1731737359041745,0.08038909828732033,-0.061647068752900935,0.000829665226542084,2.4,2026-07-31
649,43.7272913135596,22.021660649819495,-0.7562849023589946,44.77320451425214,42.68137811286705,08835,Manville,Somerset County,NJ,487522.0,0.06805286499163579,-0.4215407858599818,-0.2316722574020158,,-0.2364576645117531,-0.22043829776740365,0.06186383153001529,0.05769104836375254,2.0,2026-07-31
650,43.71254899633038,21.90132370637786,-0.7562849023589946,42.11243809449668,45.31265989816408,11727,Coram,Suffolk County,NY,570489.0,0.11437007105775301,-0.264382763165262,-0.11828472285641212,0.06781546468899453,-0.18063741990959703,-0.15461333822584394,-0.008350010634949001,-0.04322340796629272,2.8,2026-07-31
651,43.58736873493983,21.780986762936223,-0.7562849023589946,39.1097828556517,48.064954614227965,08805,Bound Brook,Somerset County,NJ,545111.0,0.06600063473235665,-0.3098860880222425,-0.14708552110026574,0.04684272208050545,-0.12488867759256483,-0.17224883522293555,0.02442893406077573,0.08347378183811775,2.4,2026-07-31
652,43.572952968265625,21.660649819494584,-0.7562849023589946,40.18491926989275,46.9609866666385,07031,North Arlington,Bergen County,NJ,636180.0,0.02239635229529427,-0.15539400321495656,0.03141145770242204,0.045411646464951265,0.020432063962240177,-0.10779871093407967,-0.12282642600409055,0.0053875732009205785,2.2,2026-07-31
653,43.53028554839697,21.540312876052948,-0.7562849023589946,31.166711556342165,55.89385954045177,11354,New York,Queens County,NY,683624.0,-0.2474144666853629,-0.08346790348366184,-0.13613530698722265,0.046942718544355666,0.44798271523007815,-0.12729333933512216,0.2502811471417967,0.023959208955840958,1.7,2026-07-31
654,43.51534890631811,21.41997593261131,-0.7562849023589946,44.49581377550344,42.534884037132784,07626,Cresskill,Bergen County,NJ,1045204.0,0.010831321417827416,0.34109149580540077,-0.025235635032176518,0.06176782591768578,-0.07565939918537379,0.11675952655006894,-0.11338116724784442,0.040026710162157905,2.7,2026-07-31
655,43.42650337859635,21.299638989169676,-0.7562849023589946,42.604383337332116,44.248623419860586,07063,Plainfield,Union County,NJ,496634.0,0.06811330592419154,-0.40302363056605905,-0.37834845894431446,,-0.2176297455403884,-0.28277798114045694,0.1245062514486559,-0.1265842515866617,2.5,2026-07-31
656,43.30183737832155,21.179302045728036,-0.7562849023589946,35.65768245384304,50.94599230280007,07011,Clifton,Passaic County,NJ,580197.0,0.06524690667727598,-0.24750835098190116,-0.03147992113193254,0.051333131834723746,0.1670652290624275,-0.24644373671114145,-0.010798518227064235,0.008022769557222184,1.7,2026-07-31
657,43.193042945035586,21.058965102286404,-0.7562849023589946,39.369462996189256,47.01662289388192,07088,Union,Union County,NJ,474664.0,-0.12334953564967818,-0.4482698418643274,-0.5088883269193456,,-0.2621897916174636,-0.1756586259677091,0.1430783277180563,-0.25201732685853057,1.7,2026-07-31
658,43.045333719628374,20.938628158844764,-0.7562849023589946,36.04406338836892,50.04660405088784,07032,Kearny,Hudson County,NJ,585154.0,-0.0030417512143166847,-0.23900073591013893,0.07678025847825332,0.04445243983319961,0.11086080649906083,-0.18457436496619395,-0.11764222825689252,0.03998818022857291,2.2,2026-07-31
659,42.97880498395001,20.81829121540313,-0.7562849023589946,42.772988436506395,43.18462153139363,11971,Southold,Suffolk County,NY,1130454.0,-0.016765814419522934,0.41949825674398866,-0.326645182401597,,0.2770201874256297,0.06183129120655251,0.2985313049565299,-0.1285393951427129,2.3,2026-07-31
660,42.90457292723208,20.697954271961493,-0.7562849023589946,40.82766189123674,44.98148396322743,11358,New York,Queens County,NY,1086228.0,-0.0859775363553826,0.37958990065029496,0.29897186843101053,0.029727838533619478,0.6216367062048274,-0.1030772725995619,0.016122669474915696,-0.020963776081854582,1.8,2026-07-31
661,42.88053100697378,20.577617328519857,-0.7562849023589946,43.64220486182015,42.11885715212741,07721,Cliffwood,Monmouth County,NJ,524908.0,0.010812232993706067,-0.3476523119566082,-0.22709615616203038,,-0.43906748885453273,0.046330353302823646,0.23144017670491301,0.1318567082575524,2.0,2026-07-31
662,42.83841997774351,20.45728038507822,-0.7562849023589946,39.17303317634158,46.50380677914545,18445,Newfoundland,Pike County,PA,291421.0,0.008198668781704305,-0.936108154831798,-0.08265270409483527,,-0.19320496013479915,-0.2635837472450067,-0.32612369659557494,-0.09005285983248941,2.1,2026-07-31
663,42.828436460658416,20.33694344163658,-0.7562849023589946,40.376870056949556,45.280002864367276,10009,New York,New York County,NY,1083044.0,-0.0999857247010599,0.37665456842225353,-0.4183918196475833,0.05598068430739868,0.5666461626965542,0.1335081726422822,0.14562765389717214,-0.006139223638218019,3.2,2026-07-31
664,42.76804299951438,20.216606498194945,-0.7562849023589946,41.360938214136425,44.175147784892324,07746,Marlboro,Monmouth County,NJ,906110.0,0.03092141256450312,0.19828413077777896,0.12410868791392105,,-0.4165007732859405,0.19917164035121782,0.06336779761039146,-0.015439381104439057,2.7,2026-07-31
665,42.76357418390616,20.09626955475331,-0.7562849023589946,38.48889894513531,47.03824942267701,10456,New York,Bronx County,NY,461976.0,-0.22424963523567917,-0.47536330782970637,-0.10479523447513728,0.06485979426666519,0.6918606452405445,-0.34462127653100605,-0.006389124208848074,0.003115295330431686,1.2,2026-07-31
666,42.74549021399391,19.975932611311674,-0.7562849023589946,43.940369323080105,41.550611104907716,11946,Hampton Bays,Suffolk County,NY,962500.0,0.12041735301770409,0.2586574252955156,-0.42772925084282676,0.12169674696675149,0.08268661736941563,-0.018247975637174618,0.24358090514913044,-0.026871653471759863,2.3,2026-07-31
667,42.73675372709788,19.855595667870034,-0.7562849023589946,43.671262649001186,41.802244805194576,11935,Cutchogue,Suffolk County,NY,1254063.0,0.015973140580460315,0.5232678520618776,-0.2751212944959427,,0.2764490367988379,0.04090668007035203,0.10519420146128589,-0.1886949018461263,3.2,2026-07-31
668,42.67673286206784,19.7352587244284,-0.7562849023589946,36.240116337859774,49.11334938627591,10003,New York,New York County,NY,1439315.0,-0.432186556481145,0.6610461275536572,-0.18937521776703825,0.043842352798607015,0.343650536422454,0.35219184583456553,0.03541814096870155,-0.04795472630424387,3.4,2026-07-31
669,42.45569453016191,19.614921780986762,-0.7562849023589946,38.262947348184866,46.64844171213895,08812,Dunellen,Middlesex County,NJ,597219.0,0.018991495307414757,-0.21859282897620957,-0.09802417957458687,0.0491595463546027,-0.2706949757667776,-0.08419983386805585,-0.05947117829527393,0.011225361875276271,2.5,2026-07-31
670,42.396931550847995,19.494584837545126,-0.7562849023589946,33.51292141796286,51.28094168373314,10553,Mount Vernon,Westchester County,NY,588035.0,-0.24593364449340313,-0.23409046150800172,-0.239123711348336,0.06122089081673244,0.05067525747112955,-0.07132977614642427,-0.11140954887994248,-0.006326863228215365,1.3,2026-07-31
671,42.39543541913655,19.374247894103487,-0.7562849023589946,40.951122480176444,43.83974835809664,07643,Little Ferry,Bergen County,NJ,606421.0,0.06905184908304599,-0.20330241684118988,-0.1801053356951403,0.0516638136126591,0.06651836152718071,-0.1297094137055314,0.02911138354352083,0.043891993312885,2.4,2026-07-31
672,42.284106617080916,19.253910950661854,-0.7562849023589946,38.265927035587445,46.302286198574386,10301,New York,Richmond County,NY,720880.0,-0.09437637776407434,-0.030404036459922068,0.005465550371784644,0.04504829820361132,0.24106241014672736,-0.1168728616839797,0.0906314613169581,-0.024428631640675838,1.8,2026-07-31
673,42.27129480338408,19.133574007220215,-0.7562849023589946,39.69111705263359,44.85147255413457,08854,Piscataway,Middlesex County,NJ,604961.0,0.06358004543210996,-0.20571288731742143,0.10844475795482289,0.05206367185349966,-0.3349695121012044,-0.002212432512483209,0.013817147708286015,0.030897007916151062,2.5,2026-07-31
674,42.23905275967843,19.01323706377858,-0.7562849023589946,41.298649505589715,43.17945601376715,11726,Copiague,Suffolk County,NY,591240.0,-0.07199755354421064,-0.22865412699358778,-0.16512411782503555,,-0.36274233893249996,-0.22810834668330404,0.30553805793235966,-0.036642328342194566,2.0,2026-07-31
675,42.14684871074246,18.892900120336943,-0.7562849023589946,41.3155276846426,42.97816973684231,07054,Parsippany,Morris County,NJ,746635.0,0.059071828676577814,0.004700433810169713,-0.032130995343957025,0.045150130987215764,0.07951082092465955,0.12354651190468469,-0.18239173107209083,0.05528943345249031,2.2,2026-07-31
676,42.1316764667547,18.772563176895307,-0.7562849023589946,40.63743388640252,43.625919047106876,11702,Babylon,Suffolk County,NY,734832.0,-0.06397358537303752,-0.011234875436379355,0.021797177060113526,0.05239295843319282,-0.21470677210909028,0.019436287457512913,-0.17658085611545538,0.00914483770015044,1.9,2026-07-31
677,42.10173935032684,18.65222623345367,-0.7562849023589946,38.512713171304576,45.6907655293491,10473,New York,Bronx County,NY,558158.0,-0.06907878958746458,-0.2862332492234696,0.021944826049889343,0.06256048704634966,0.4749345171937651,-0.2369573860074855,0.0030167049654252764,0.028433913833625632,1.9,2026-07-31
678,42.091002661434715,18.531889290012032,-0.7562849023589946,38.60034826329292,45.581657059576514,10566,Peekskill,Westchester County,NY,526781.0,-0.02657835004793227,-0.3440908346484228,-0.1603497885571592,0.07269304666927323,-0.07664623966525252,-0.1128029194606931,0.17918889786098724,0.07821975354213632,2.7,2026-07-31
679,42.067761367205016,18.4115523465704,-0.7562849023589946,41.29111491256127,42.84440782184876,11420,New York,Queens County,NY,762365.0,-0.0744969714639648,0.025549648619476173,0.1303191130105379,0.053517650603401766,0.14157632884573235,-0.26031196381516697,0.0011463794277712935,-0.004673383525778355,1.7,2026-07-31
680,42.00137786058104,18.29121540312876,-0.7562849023589946,38.282325769082206,45.72042995207987,07208,Elizabeth,Union County,NJ,591099.0,0.12016587982083352,-0.22889282182890547,0.1106310614322581,0.044298169605772306,0.31014597511317343,-0.26531051063532674,0.05284411621193996,0.048585406543825635,2.2,2026-07-31
681,41.90668930206243,18.170878459687124,-0.7562849023589946,40.10294348880149,43.71043511532337,08527,Jackson,Ocean County,NJ,638049.0,0.09044193757322319,-0.15246162024381782,0.006159552795596213,0.06414244175368099,-0.18036272534400344,-0.1040089476893063,-0.035473463270296435,-0.0354475803157432,2.0,2026-07-31
682,41.904456334589305,18.050541516245488,-0.7562849023589946,39.69343417207054,44.11547849710807,11004,New York,Queens County,NY,622504.0,-0.41395771082351873,-0.17712639265509722,-0.3818814532738326,,-0.20392720177731616,-0.023454517901775884,-0.04158440551508846,-0.025567410064642096,0.8,2026-07-31
683,41.86830768467186,17.930204572803852,-0.7562849023589946,37.9047979164687,45.831817452875015,07001,Avenel,Middlesex County,NJ,531269.0,0.060016912986192855,-0.3356083438617592,-0.06964538403120102,0.05816266257114349,-0.23608375373440826,-0.17216881172931597,0.14421029179012024,0.046787312102696085,2.1,2026-07-31
684,41.79830345893707,17.809867629362213,-0.7562849023589946,36.160040441351356,47.43656647652279,07735,Keyport,Monmouth County,NJ,524192.0,0.07018647885325038,-0.349017937322742,-0.1936732966743442,0.05589553699391979,-0.2079826135324485,-0.15322128039866711,-0.0263065138097609,0.06031338109574973,2.6,2026-07-31
685,41.640779166102234,17.689530685920577,-0.7562849023589946,38.49123579335263,44.79032253885183,11360,New York,Queens County,NY,627116.0,-0.24445126818376436,-0.16974449974741646,-0.4130904781909077,0.06191038605784969,-0.04234406142081437,0.0010873439229668325,-0.056929143219837997,0.015381859475276635,1.2,2026-07-31
686,41.63874877359039,17.56919374247894,-0.7562849023589946,39.82987702085412,43.44762052632667,10805,New Rochelle,Westchester County,NY,571085.0,0.003159605792449588,-0.2633383084925782,-0.4424638763019981,0.0550180892075419,-0.16812231423754764,-0.11632705789966147,0.1162737056498333,0.07991308231235932,2.1,2026-07-31
687,41.50880383995819,17.448856799037305,-0.7562849023589946,35.896617577484,47.12099010243239,11218,New York,Kings County,NY,971922.0,-0.232350756926008,0.26839984153260055,-0.10421268011679707,0.03955591294895493,0.41117963221509046,0.017920272512597757,0.05041370081101526,0.02096607511767727,2.7,2026-07-31
688,41.508304169148914,17.328519855595665,-0.7562849023589946,36.832488215644176,46.18412012265365,07055,Passaic,Passaic County,NJ,560973.0,0.04861346247575363,-0.2812037873044382,-0.14888474883940894,0.04443923182670927,0.4259970861167186,-0.32386539199551634,0.0706644982871012,-0.009114709233015453,1.9,2026-07-31
689,41.49559303989713,17.208182912154033,-0.7562849023589946,36.50864463991406,46.4825414398802,07062,Plainfield,Union County,NJ,502841.0,0.10060156610389939,-0.3906013480835906,-0.4912152966750192,0.05259113330153502,-0.2578160200342101,-0.1670036694694091,0.11466444421955302,0.06520238256725035,2.2,2026-07-31
690,41.47641459885768,17.087845968712394,-0.7562849023589946,42.236914485861625,40.715914711853735,11561,Long Beach,Nassau County,NY,826851.0,-0.030087138224817872,0.10674848055765196,-0.2475983019655441,0.05350620528250795,-0.12520561757831428,0.07757903612719252,0.12448359043805723,0.0232408324050815,1.9,2026-07-31
691,41.41709097580281,16.967509025270758,-0.7562849023589946,37.15486332477282,45.67931862683279,08880,South Bound Brook,Somerset County,NJ,460132.0,-0.006324449349470379,-0.4793629137062094,-0.3335100293526292,0.05672286048055694,-0.48514867568875464,-0.2521609273093891,0.05058506265209317,-0.032146454776297254,1.9,2026-07-31
692,41.380640064413676,16.84717208182912,-0.7562849023589946,40.8528460554305,41.908434073396855,07852,Ledgewood,Morris County,NJ,536575.0,0.041750019773555996,-0.3256705381538225,0.015457628444215388,0.061283180768502164,-0.38805635169981767,0.10642409284082155,0.09883035864590362,0.11532761205510615,1.8,2026-07-31
693,41.354007873715844,16.726835138387486,-0.7562849023589946,38.95481624240458,43.7531995050271,07202,Elizabeth,Union County,NJ,513974.0,0.12709429662257002,-0.3687033824981363,-0.03935050068007584,0.05389571526740114,0.08635866276752391,-0.3610694753550808,0.10377138150808207,0.08872839233110623,2.4,2026-07-31
694,41.324876779136865,16.60649819494585,-0.7562849023589946,39.12027544425815,43.52947811401558,10128,New York,New York County,NY,1242060.0,-0.31793363001612607,0.5136503043726108,0.12096853598116297,0.04159585551892615,0.23923662341614782,0.2882319251009666,-0.03813409009156388,0.009265500421362469,3.2,2026-07-31
695,41.27459089474817,16.48616125150421,-0.7562849023589946,39.113317019991875,43.43586476950446,11701,Amityville,Suffolk County,NY,606423.0,-0.0232896767319076,-0.20329854144535453,-0.15816647268549566,0.06340459416054946,-0.24449762334175706,-0.1718753490795995,0.07173822363489357,0.044329025954054566,1.7,2026-07-31
696,41.24009864413667,16.365824308062578,-0.7562849023589946,39.709322064780665,42.77087522349268,11205,New York,Kings County,NY,1077317.0,-0.08109112043537578,0.3713527331922766,-0.1629685609021969,0.045050599617759673,0.5505176661313136,0.03579506768751706,0.235540122562357,0.05561389099837681,2.8,2026-07-31
697,41.16157430940512,16.24548736462094,-0.7562849023589946,33.1746107638204,49.14853785498984,11368,New York,Queens County,NY,554370.0,-0.30572857724018976,-0.29304337737451824,-0.08712695758946509,0.05128942690535265,0.1478043817450121,-0.3361522107054116,0.05633905212301826,-0.010998610063257266,1.2,2026-07-31
698,41.10500705240709,16.125150421179303,-0.7562849023589946,38.0933158858889,44.116698218925286,07002,Bayonne,Hudson County,NJ,600003.0,0.0037417755560834876,-0.21394188930303315,0.026406700876043132,0.047709092331219116,0.07784432000837493,-0.09431038687333604,0.04022982653954443,0.08844825796463977,2.1,2026-07-31
699,40.98380825299965,16.004813477737663,-0.7562849023589946,31.354904119632295,50.61271238636701,07111,Irvington,Essex County,NJ,423394.0,0.0776408510834056,-0.5625732909540382,-0.2906637396084477,0.05662014348989999,0.037875609696938595,-0.27935275413723926,0.07905577810417874,0.023633102587265406,2.1,2026-07-31
700,40.942601942082,15.884476534296029,-0.7562849023589946,34.41452827962985,47.47067560453415,07726,Manalapan Township,Monmouth County,NJ,797655.0,0.042577335675265365,0.07079974769937714,0.14182005590067348,0.037663439935352316,-0.213210968215104,0.07131493849614368,0.0018132511962836162,0.025861937201791016,2.4,2026-07-31
701,40.92585304646892,15.764139590854393,-0.7562849023589946,31.671662665729656,50.18004342720819,11214,New York,Kings County,NY,774299.0,-0.21861090321364215,0.04108164870540598,-0.17548974693816533,0.039676266822556115,0.5742759470239729,-0.16313846499596496,-0.084612291257816,-0.05051663453338913,1.9,2026-07-31
702,40.587771133689806,15.643802647412755,-0.7562849023589946,39.56617166847908,41.60937059890053,07020,Edgewater,Bergen County,NJ,719770.0,-0.030083057291876963,-0.031944208152797415,0.010206728698737066,0.06609948132453533,-0.1313720538761871,0.23639696350752415,-0.2564272347699923,0.21060435839748443,1.5,2026-07-31
703,40.558634656132924,15.523465703971121,-0.7562849023589946,35.10129466782002,46.015974644445826,18426,Greentown,Pike County,PA,288029.0,0.0005959204907263482,-0.9478163782440774,-0.14172415755486512,,-0.3731644027128429,-0.2876965708940217,0.038587709335319076,-0.18012464812642442,2.2,2026-07-31
704,40.44259891514548,15.403128760529484,-0.7562849023589946,35.90232726521018,44.98287056508079,07087,Union City,Hudson County,NJ,578487.0,0.08918922056253856,-0.25045951226531926,-0.47843851523527725,0.04994102277611574,0.30708221200232866,-0.20716711235869884,0.041423169685286254,-0.012505990498748523,2.2,2026-07-31
705,40.174010326460944,15.282791817087846,-0.7562849023589946,41.71261752385706,38.63540312906483,11980,Yaphank,Suffolk County,NY,564068.0,0.06922988039552039,-0.2757005640025145,-0.03921938726533902,0.071321129824035,-0.18528163232476413,-0.10369010572332676,-0.19245349021071334,0.2004713858001364,2.4,2026-07-31
706,40.16003034238135,15.162454873646208,-0.7562849023589946,28.362349653561314,51.957711031201384,11355,New York,Queens County,NY,617860.0,-0.27563034286152865,-0.18461355380527777,-0.25892699812122366,0.052415286911830616,0.5234003498240838,-0.24995983144898298,0.03238797924613124,0.02084228188297592,1.7,2026-07-31
707,40.10198573132621,15.042117930204574,-0.7562849023589946,34.144787680208296,46.05918378244413,07060,Plainfield,Union County,NJ,533396.0,0.09310344501631498,-0.3316124111446186,-0.3678539909942842,0.04675777136290693,0.025247308865746332,-0.2913266357170364,0.06065196096514924,-0.04256289248569774,2.5,2026-07-31
708,40.09315000952439,14.921780986762936,-0.7562849023589946,29.755334004842815,50.43096601420598,11229,New York,Kings County,NY,780921.0,-0.22485498015370772,0.04959762360052267,-0.08731840758709808,0.042080966563206666,0.513781851500698,-0.07231266746002851,-0.142807748620287,-0.035383028743549,2.0,2026-07-31
709,40.01956679927757,14.801444043321299,-0.7562849023589946,36.408988971563375,43.630144626991765,07305,Jersey City,Hudson County,NJ,539819.0,-0.11235423544175269,-0.31964286433645483,-0.5374278688648904,0.05144760048647072,0.06397038033809,-0.14165195130835256,0.08190961018115672,0.07327192929494179,1.3,2026-07-31
710,40.01326430542552,14.681107099879661,-0.7562849023589946,37.47757560959778,42.54895300125327,10025,New York,New York County,NY,1162158.0,-0.2328479520450358,0.4471574419689013,0.0033548850606752723,0.048807432654812404,0.47761703442779324,0.2070476177156978,-0.058082187428615484,-0.03757927865223616,2.7,2026-07-31
711,39.96596422930212,14.560770156438027,-1.1971756775545406,33.781465855269936,46.15046260333429,07747,Matawan,Monmouth County,NJ,664536.0,0.10740962312649174,-0.1117877534337115,0.0013664479080635061,0.04706501993136145,-0.2138964040375424,0.001017557318587714,-0.10279502451861511,0.052908668295883296,2.6,2026-07-31
712,39.87897963348321,14.440433212996389,-1.1971756775545406,31.31252419376893,48.4454350731975,18328,Dingmans Ferry,Pike County,PA,262697.0,0.035647439024885236,-1.0398765689999738,-0.24047701898863671,,-0.7794690722972153,-0.19251107784505378,0.08994696298200644,0.00241734648424545,2.0,2026-07-31
713,39.8694323392894,14.320096269554753,-1.1971756775545406,37.112455773382436,42.626408905196364,08830,Iselin,Middlesex County,NJ,568366.0,0.11763936358815244,-0.2681106155132209,-0.05859595889766389,0.05758764087279931,-0.2427783003553572,0.046175757039524146,-0.09365465846133425,-0.023169023212087317,2.3,2026-07-31
714,39.85615569548609,14.199759326113117,-1.1971756775545406,38.426616177407574,41.2856952135646,11237,New York,Kings County,NY,1119079.0,-0.07246182918188246,0.40938480491417195,-0.021995927531344606,0.04101217198459263,0.6856871849522388,-0.04507436587444302,0.2377756563215403,0.014335840478003,1.7,2026-07-31
715,39.842554998107374,14.079422382671481,-1.1971756775545406,39.43984200345045,40.245267992764305,11930,Amagansett,Suffolk County,NY,3310226.0,-0.0936482556851633,1.4938954272866933,0.1734963507462517,0.18578794172253263,1.40088068525925,0.338940845008995,-0.04813258431645018,-0.2258324106007767,3.4,2026-07-31
716,39.83353396427205,13.959085439229844,-1.1971756775545406,36.97159071881755,42.69547720972654,07206,Elizabeth,Union County,NJ,514173.0,0.11615809622331633,-0.36831696282978044,-0.10497297584053733,0.04925008046800979,0.12727472203518064,-0.3963632696526921,0.2396479273540919,0.0837711581288139,2.8,2026-07-31
717,39.76378188095828,13.838748495788206,-1.1971756775545406,37.33973778890512,42.18782597301144,08837,Edison,Middlesex County,NJ,542180.0,0.06829507198283871,-0.31527846951315297,-0.07413208353443146,0.054357734028343804,-0.2249082695914606,0.02933671420004491,-0.07465464965379809,0.13441250563735735,1.9,2026-07-31
718,39.67737824368889,13.718411552346572,-1.1971756775545406,29.212341936250557,50.142414551127224,07104,Newark,Essex County,NJ,497351.0,-0.02049075763927241,-0.4015797307607336,-0.03644944729177446,0.046905235102568534,0.3311005775097644,-0.24379494323497855,0.13507813301337102,-0.005216376181216467,1.5,2026-07-31
719,39.587063052308494,13.598074608904934,-1.1971756775545406,32.88986482294803,46.28426128166897,11209,New York,Kings County,NY,844162.0,-0.40895812318136715,0.12746833435052274,-0.11860969251570808,0.040454710818126315,0.30698481543663436,0.039239593736592804,-0.04508998752682203,-0.0316701872681759,2.2,2026-07-31
720,39.57054530886308,13.477737665463296,-1.1971756775545406,36.939767287127026,42.20132333059914,08876,Somerville,Somerset County,NJ,613196.0,0.022463082758234526,-0.19219147777026535,-0.10433251256960574,0.0511552835775162,-0.2821754343087328,0.07990608067959581,-0.022662572162865047,0.07121594096030241,2.2,2026-07-31
721,39.489235966105795,13.357400722021662,-1.1971756775545406,37.08502533691454,41.89344659529705,08873,Somerset,Somerset County,NJ,581824.0,0.05537029282276898,-0.24470791751836352,0.0826553337559357,0.0561466824024354,-0.3515407653144973,0.05565663569170343,0.09949671320787168,-0.0254634509998259,2.2,2026-07-31
722,39.344104971023356,13.237063778580024,-1.1971756775545406,25.6537675276486,53.03444241439811,11415,New York,Queens County,NY,381318.0,-0.5987783391649263,-0.6672414569582905,-0.5442931454127535,0.0829123365127191,-0.4049028214980599,0.04186867374974912,-0.03353841787262013,0.005260161816403916,1.2,2026-07-31
723,39.33698754825539,13.116726835138387,-1.1971756775545406,40.08921610711988,38.58475898939089,11239,New York,Kings County,NY,679990.0,-0.05506626347642793,-0.08879747389823756,-0.05718301938385295,,0.994478571835782,-0.2372888482062207,0.033585260269685335,0.270093551532755,2.7,2026-07-31
724,39.328310402822204,12.996389891696749,-1.1971756775545406,39.722828549431526,38.93379225621288,07885,Wharton,Morris County,NJ,510086.0,0.04927590837768428,-0.3762968067481225,-0.08148187151571129,,-0.267344617222393,-0.11398983608377217,-0.009434222793354152,0.11750416737440465,2.2,2026-07-31
725,39.29329730564167,12.876052948255115,-1.1971756775545406,30.81656092732188,47.77003368396146,18324,Bushkill,Pike County,PA,267619.0,0.14079122625377352,-1.0213126997230173,-0.2789167485153392,,-0.509869647336813,-0.2392927817218698,-0.09819772726367582,-0.03670940998687451,1.9,2026-07-31
726,39.212400977499506,12.755716004813477,-1.1971756775545406,29.296215928209257,49.128586026789755,10471,New York,Bronx County,NY,437902.0,-0.25629947479862525,-0.5288819084675573,-0.3211377562769826,0.07919244409040602,-0.44280053452755586,0.08731451197982287,-0.08151860843371495,-0.023705741966187424,1.3,2026-07-31
727,39.12401618983317,12.63537906137184,-1.1971756775545406,28.75975951352184,49.488272866144506,10452,New York,Bronx County,NY,297575.0,-0.33969756131949114,-0.915208851651439,-0.5916925747478885,0.10304618278071184,0.0854761119165548,-0.3266225073013453,0.10232103747259913,0.031732086000497525,0.3,2026-07-31
728,38.98993960592594,12.515042117930205,-1.1971756775545406,34.77200587295914,43.20787333889273,07205,Hillside,Union County,NJ,521735.0,0.04667551670407591,-0.35371576254842374,0.027966299999469868,0.05520040190870369,-0.23289790974619362,-0.21298999187195938,0.04858308478172013,-0.07089510327601163,2.3,2026-07-31
729,38.79732671362425,12.394705174488568,-1.1971756775545406,34.72757698495733,42.86707644229117,18464,Tafton,Pike County,PA,359747.0,-0.002596869559416598,-0.7254750918930561,0.10694684817064903,,-0.35161459675361084,-0.2666117467877862,-0.034388707785728556,0.1570335764313005,2.0,2026-07-31
730,38.79375840382269,12.274368231046932,-1.1971756775545406,31.105936069530937,46.48158073811445,11201,New York,Kings County,NY,1394218.0,-0.36663971976210663,0.6292125154959507,0.036883057473975356,0.0400925181577436,0.19639196708107742,0.30874453249770994,0.06115816015956277,0.14030381296245437,2.7,2026-07-31
731,38.69379617081704,12.154031287605296,-1.1971756775545406,36.82092341758942,40.566668924044656,07024,Fort Lee,Bergen County,NJ,603256.0,0.005552615565738966,-0.20853396495685494,-0.10928609770987485,0.07022102038535266,-0.1638000379757678,0.1673382070764282,0.01729758896348521,0.002293741146088643,2.1,2026-07-31
732,38.56345865431169,12.033694344163658,-1.1971756775545406,36.41691925103479,40.70999805758858,07030,Hoboken,Hudson County,NJ,898287.0,-0.19884866752271932,0.18961333375917278,-0.30907458194893245,0.05290273744575454,-0.2852981569785904,0.33555705780517175,-0.029659262478451964,0.0681846898509451,2.4,2026-07-31
733,38.22591967542892,11.913357400722022,-1.1971756775545406,34.46004218168439,41.991797169173445,08861,Perth Amboy,Middlesex County,NJ,504489.0,0.042740619014276865,-0.3873307233127399,-0.14743374883304483,0.05615982904964459,0.16740046191957236,-0.3265549618264121,-0.0437999849683095,0.1482741273425126,1.9,2026-07-31
734,38.11213966255228,11.793020457280386,-1.1971756775545406,33.370230606421124,42.854048718683444,11385,New York,Queens County,NY,879961.0,-0.14242006396670667,0.16900091666032502,0.08413741834637634,0.0471413248662964,0.4034432946837352,-0.14296424532590035,-0.06638292916161426,0.009952019849596191,1.6,2026-07-31
735,38.04931044331431,11.672683513838749,-1.1971756775545406,28.859060638799804,47.23956024782882,07660,Ridgefield Park,Bergen County,NJ,607349.0,-0.01006706678239197,-0.20177282528992357,-0.1638081752414422,0.04297365373770382,-0.09284049338505374,-0.1459806007444654,-0.08388435006788342,0.029698156885624535,2.5,2026-07-31
736,37.9998894922509,11.552346570397113,-1.1971756775545406,41.45069469694059,34.54908428756121,11419,New York,Queens County,NY,775236.0,-0.139607351154838,0.04229102504219284,0.1112849072424762,,0.2266672509172476,-0.3009459591805914,-0.022865502252722436,0.050828602412068144,1.7,2026-07-31
737,37.89359626587206,11.432009626955475,-1.1971756775545406,41.818076239366384,33.96911629237774,08512,Cranbury Township,Middlesex County,NJ,767981.0,0.03998652541021955,0.032888851811913256,0.09839907956493477,,-0.021501152187789474,0.054555279250403155,0.040338076546976964,0.130758760525364,1.9,2026-07-31
738,37.62390017307355,11.311672683513839,-1.1971756775545406,32.797569356377196,42.45023098976991,11234,New York,Kings County,NY,793022.0,-0.11811615968492503,0.06497459058010335,0.010508701004864562,0.038978088529887704,0.20659448480470455,-0.09577558093720473,-0.10364983134653016,-0.008932784710546662,2.1,2026-07-31
739,37.61461960930115,11.191335740072201,-1.1971756775545406,27.049249669457275,48.17998954914503,07103,Newark,Essex County,NJ,402662.0,-0.03487496116229813,-0.6127797920998255,-0.1796125904473147,0.0652248090384153,0.16623528830245138,-0.2570551193295978,0.3062646535511302,-0.024520819737634716,1.8,2026-07-31
740,37.573066991112256,11.070998796630565,-1.1971756775545406,26.96114940919293,48.18498457303158,11207,New York,Kings County,NY,642404.0,-0.09012984135301458,-0.14565834937486777,-0.2580505516158471,0.06384555366571108,0.5409508800755798,-0.2885102128622825,0.13015256255226504,-0.005843248878510912,1.9,2026-07-31
741,37.55800940439268,10.95066185318893,-1.1971756775545406,38.22478896183969,36.891229846945656,11518,East Rockaway,Nassau County,NY,741300.0,-0.04190020224140198,-0.002470988500071769,-0.16274664486827817,,-0.043832404591675145,-0.008256772760076525,0.026999764401587356,-0.065286772989898,1.9,2026-07-31
742,37.426672696875,10.830324909747292,-1.1971756775545406,34.272059309230464,40.58128608451955,08872,Sayreville,Middlesex County,NJ,541628.0,-0.0707740051566251,-0.31629633521166944,-0.0733861519802037,0.06138466258604192,-0.17477902192351746,-0.13378307083743213,-0.02842306586035903,0.027456179148272405,1.7,2026-07-31
743,37.32150674007276,10.709987966305656,-1.1971756775545406,30.48247028830946,44.16054319183607,11106,New York,Queens County,NY,682812.0,-0.43849284051843684,-0.08465619154574178,-0.4773760438431385,0.05525778299496028,0.1955153476914233,0.040731763194371884,-0.017372493709205017,0.10240725165924429,0.7,2026-07-31
744,37.00589378344253,10.589651022864018,-1.1971756775545406,26.66462914729104,47.34715841959402,10006,New York,New York County,NY,1077071.0,-0.34550345303299645,0.37112420283736647,-0.4094633841802935,0.05524175661884835,-0.15553734171239886,0.3536384798501252,-0.17089939001482257,0.0337677110038455,1.0,2026-07-31
745,36.95200035814156,10.469314079422382,-1.1971756775545406,29.447936896256934,44.45606382002619,07114,Newark,Essex County,NJ,464867.0,-0.1628002194241965,-0.4691249720905173,-0.08087790669214989,0.054852254688468355,0.6680853153157222,-0.3736050631237549,-0.03768043775417418,0.08098817792932449,1.7,2026-07-31
746,36.93740756447126,10.348977135980746,-1.1971756775545406,35.89257595139419,37.982239177548315,08536,Plainsboro,Middlesex County,NJ,670734.0,0.11298313466400814,-0.10250406088138142,-0.06899776862344353,0.03812938298877387,-0.3056489927652877,0.31824652454252,-0.01863624556370347,-0.07394535244873497,2.0,2026-07-31
747,36.919282710976006,10.22864019253911,-1.1971756775545406,32.27918708462958,41.55937833732244,10927,Haverstraw,Rockland County,NY,460822.0,0.0742117113551565,-0.47786359670877765,-0.3474052353082371,0.08510727364988022,-0.07631903714894794,-0.24249166220171034,-0.05763579438309563,-0.011302962952113041,2.5,2026-07-31
748,36.692897170654234,10.108303249097473,-1.1971756775545406,34.07159022614238,39.31420411516609,11937,East Hampton,Suffolk County,NY,1982230.0,-0.020056008776254325,0.9811016427313568,-0.2967102719392525,0.21454383030921212,0.8357244619333588,0.032620498817327315,0.05087839164356289,0.022647864879591403,2.9,2026-07-31
749,36.69227210757591,9.987966305655837,-1.1971756775545406,34.54544165847263,38.83910255667919,08817,Edison,Middlesex County,NJ,568885.0,0.09721631581461523,-0.2671974277573632,-0.033012655210127306,0.0568769960551783,-0.25373953721574094,0.015700324207872596,-0.062107745832708616,0.06905244365203193,2.3,2026-07-31
750,36.56059703451886,9.8676293622142,-1.1971756775545406,29.60372369019078,43.51747037884694,11364,New York,Queens County,NY,636588.0,-0.2522595043012267,-0.1547542543687772,-0.3653311708791218,0.053499309775766064,-0.022121440516222224,0.014098256177798918,-0.049622815120386576,-0.009674767661225395,1.2,2026-07-31
751,36.38227665939929,9.747292418772563,-1.1971756775545406,31.004972056976843,41.75958126182173,07203,Roselle,Union County,NJ,520148.0,0.09470705552155892,-0.3567619265439763,-0.1656284686646181,0.060726893417982784,-0.1655421353021318,-0.21951900719298995,0.12881148995967706,0.027969907347188447,2.0,2026-07-31
752,36.211413465651745,9.626955475330927,-1.1971756775545406,25.781975450576013,46.64085148072748,11375,New York,Queens County,NY,521504.0,-0.5216159714506109,-0.3541587747795827,-0.11430513532400077,0.07272724378823713,-0.2954349337417306,0.12701049120024677,-0.00792226267363283,-0.022705481634081884,1.2,2026-07-31
753,35.89722849831245,9.50661853188929,-1.1971756775545406,31.07825730844328,40.71619968818162,08844,Hillsborough Township,Somerset County,NJ,687970.0,0.045719406058136874,-0.07713160757728232,0.05705074341253891,0.05086707645311059,-0.38994006450607555,0.1327051485275561,-0.06355473695706415,0.08573384173652547,2.3,2026-07-31
754,35.768715421526935,9.386281588447654,-1.1971756775545406,32.36776603216393,39.16966481088995,18435,Lackawaxen,Pike County,PA,354631.0,0.01716451563965507,-0.739799254077834,0.0674508282326105,,-0.6253312648669624,-0.009681690707930568,-0.4211048185405364,0.1967629564719185,2.0,2026-07-31
755,35.483044579761525,9.265944645006016,-1.1971756775545406,31.66146990771236,39.304619251810685,08755,Toms River,Ocean County,NJ,532266.0,0.07917552963170707,-0.3337322117643442,0.061197266395460304,0.07628887603711257,-0.08497091643347443,-0.1584740979750094,-0.01315375732003865,0.03621099877630156,2.4,2026-07-31
756,35.416987129098004,9.14560770156438,-1.1971756775545406,33.276244287512526,37.55772997068348,10606,White Plains,Westchester County,NY,773736.0,-0.032137116351593414,0.04035483395550088,-0.20734101935151728,0.045842668239899076,0.04070501389923353,-0.016725302592705937,0.10156267057783808,0.14273933411992018,2.0,2026-07-31
757,35.33166335014104,9.025270758122744,-1.1971756775545406,24.992415197911434,45.67091150237064,10032,New York,New York County,NY,566913.0,-0.2446585235716082,-0.27067046147823604,0.07672829108370038,0.06387019668745773,0.41053964412193333,-0.07840201676560582,-0.1712882889502243,-0.008355965343696162,2.6,2026-07-31
758,35.33080192313426,8.904933814681106,-1.1971756775545406,31.88166077516432,38.779943071104206,08879,South Amboy,Middlesex County,NJ,532176.0,0.03920760960614658,-0.3339012234126493,-0.11214826455123017,0.0613573878163921,-0.14294012534059175,-0.2020645743411424,0.022693465292787707,0.014615435019875542,2.2,2026-07-31
759,34.90681263889549,8.78459687123947,-1.606474692545523,34.79845119745453,35.01517408033645,11798,Wheatly Heights,Suffolk County,NY,572094.0,0.0002566969879897185,-0.26157342374390247,-0.21899326798973284,,,,,,1.3,2026-07-31
760,34.817401525749325,8.664259927797833,-1.606474692545523,28.889606811780684,40.74519623971797,11230,New York,Kings County,NY,927519.0,-0.3892780810777282,0.2216367667794792,-0.042216016765740605,0.03649341614848378,0.6940127492274584,-0.05214741481025209,0.04608287183790871,0.025165845248803984,1.9,2026-07-31
761,34.725814286634446,8.543922984356197,-1.606474692545523,31.309067491500613,38.14256108176828,10010,New York,New York County,NY,1324787.0,-0.38491028678011185,0.5781308097463089,-0.03634608041225462,0.04881264035943327,0.32286774770060656,0.31050000588466364,-0.14492518541587884,-0.021312354551575388,2.6,2026-07-31
762,34.70591823725991,8.42358604091456,-1.606474692545523,31.868227984861146,37.54360848965867,07302,Jersey City,Hudson County,NJ,902619.0,-0.17422294906414101,0.1944242554678297,-0.2991810609746519,0.05160821281324623,-0.2495447572696492,0.3309687155809028,0.01640455300222321,0.18906881446163865,1.1,2026-07-31
763,34.64517565092031,8.303249097472925,-1.606474692545523,30.00021393756328,39.29013736427734,10044,New York,New York County,NY,945596.0,-0.0073893434992765294,0.24093967965930574,-0.16934639384610506,0.05577479210004427,0.32410428594345464,0.22735353580252382,-0.24522406000982677,0.06932569581933583,1.1,2026-07-31
764,34.62751382582225,8.182912154031289,-1.606474692545523,29.312965038092102,39.942062613552395,07631,Englewood,Bergen County,NJ,629809.0,-0.009616893173107849,-0.16545952936457908,-0.2076632157988012,0.05390602190462739,-0.0747579066613604,-0.02535543417125996,-0.05186878724044064,-0.059731659959995034,2.1,2026-07-31
765,34.498910006787,8.062575210589651,-1.606474692545523,28.190806057369567,40.807013956204436,08831,Monroe Township,Middlesex County,NJ,613342.0,0.0564801446511666,-0.19195269311181384,-0.05681729285809034,0.050884891977746406,-0.1624289578103444,0.027600820062937736,-0.03180165627442122,0.0710925804302625,2.1,2026-07-31
766,33.90420789974108,7.9422382671480145,-1.606474692545523,27.177577104828277,40.63083869465389,11203,New York,Kings County,NY,738204.0,-0.09944786729410246,-0.006656343245927232,-0.2764088227760837,0.0478271730309176,0.49660867020142585,-0.21323390272657783,-0.010605761748095688,0.0428326847751264,2.2,2026-07-31
767,33.88252380663964,7.821901323706378,-1.606474692545523,28.263524626344637,39.501522986934646,10026,New York,New York County,NY,902612.0,-0.2021725311000818,0.19441638451902676,0.07767144263002912,0.050168230977319574,0.5182162766042075,0.0577238109742384,0.07708950377529078,0.0119101879545183,2.5,2026-07-31
768,33.81566247733477,7.701564380264742,-1.606474692545523,26.23243602300968,41.398888931659855,10005,New York,New York County,NY,1127894.0,-0.2961681282325689,0.4172316520524788,-0.41967191149782757,0.05039307392543009,-0.10976112017201989,0.3681554844265821,-0.22839099649777417,0.0838261653636219,1.1,2026-07-31
769,33.74541948977176,7.581227436823104,-1.606474692545523,18.752217909662704,48.738621069880814,10468,New York,Bronx County,NY,261109.0,-0.4162622781422304,-1.0459387614460471,-0.6102546523762751,0.09838862697743826,-0.15837572585297655,-0.32570285740290034,-0.029907301600188063,0.03936549212087952,1.3,2026-07-31
770,33.63764825631624,7.460890493381468,-1.606474692545523,27.760239383235557,39.51505712939693,07047,North Bergen Township,Hudson County,NJ,594171.0,0.010604417763602575,-0.22370887543879547,-0.35228947597142124,0.05844392152740652,0.12922735385791628,-0.16067458523498335,-0.020310127336344408,0.03827325600243396,2.0,2026-07-31
771,33.454588927770914,7.3405535499398304,-1.606474692545523,30.922055962970386,35.98712189257144,07201,Elizabeth,Union County,NJ,502404.0,0.08254522099664677,-0.39147073235271,-0.06971198446039395,0.05620173208300042,0.23410912460583044,-0.35897470710602014,0.0010279793543830351,0.03889541696471559,2.0,2026-07-31
772,33.452901255435734,7.2202166064981945,-1.606474692545523,23.614778040398143,43.29102447047332,10002,New York,New York County,NY,1000055.0,-0.41780109458954195,0.29693390118264595,-0.5749633337028026,0.058848926147548476,1.1389802499154704,-0.09564507603684907,0.037592994608072416,0.0937417671877852,2.6,2026-07-31
773,32.64220802842134,7.099879663056559,-1.606474692545523,21.943904968807296,43.34051108803537,11235,New York,Kings County,NY,609546.0,-0.35221360281359326,-0.19816204083267586,-0.3819386412592358,0.05153473117673207,0.43441628298627033,-0.0219325752967226,-0.1433836915903992,0.019335963216168303,2.2,2026-07-31
774,32.61260617856731,6.979542719614922,-1.606474692545523,26.993798427966727,38.2314139291679,07601,Hackensack,Bergen County,NJ,472186.0,-0.019617243183132155,-0.4535023807090415,-0.3792022344097443,0.0691219809186575,-0.16635450896346815,-0.06928624386955351,-0.046857351132114644,0.013007106497491969,2.1,2026-07-31
775,32.32878005065449,6.859205776173286,-1.606474692545523,20.456075886471957,44.20148421483701,08759,Toms River,Ocean County,NJ,276757.0,-0.04298651431174036,-0.9877359347189643,-0.5506864611601792,0.11316782459753656,-0.2211400204169245,-0.2608519769722425,0.037098412927834445,-0.025496438566294535,1.7,2026-07-31
776,32.31385288623358,6.738868832731648,-1.606474692545523,17.63785777853509,46.989847993932074,11372,New York,Queens County,NY,431391.0,-0.5777212199587499,-0.5438613718387142,-0.4852333463241649,0.07462372087310763,-0.18705253982388226,-0.12113924351975713,0.02799380231436821,-0.02436040426585047,0.7,2026-07-31
777,32.211124668656836,6.618531889290012,-1.606474692545523,26.096501585398602,38.325747751915074,07304,Jersey City,Hudson County,NJ,546628.0,-0.12850776668855132,-0.3071079095457403,-0.4456601140763006,0.05361092873463573,0.15166628036909802,-0.07467216975331437,0.15262343546426216,0.1904515314669591,1.2,2026-07-31
778,32.129242878685304,6.4981949458483745,-1.606474692545523,29.919907877237563,34.338577880133045,11216,New York,Kings County,NY,1234290.0,-0.10900965700863416,0.5073748821944779,0.020193369416016793,0.03531997829614962,0.610772409504819,0.07152904803456939,0.17018467790107827,0.0035672600334975407,1.3,2026-07-31
779,32.06215819483791,6.377858002406739,-1.606474692545523,22.345707290174584,41.77860909950124,11226,New York,Kings County,NY,801494.0,-0.3840903132302117,0.07560121123045427,-0.31637529913708917,0.04576041885718853,0.40223609640128966,-0.11126865740717407,0.09857150905526346,0.029649133515974577,1.7,2026-07-31
780,31.760542939380684,6.257521058965103,-1.606474692545523,13.846576601191025,49.674509277570344,11104,New York,Queens County,NY,532541.0,-0.6364608951560996,-0.3332160652569609,-0.4433901897843562,0.0638279341246105,-0.0028092940636554875,0.03360714221560912,-0.0561753398660958,0.004396833701875644,-0.3,2026-07-31
781,31.658882670075002,6.137184115523466,-1.606474692545523,20.09639772532216,43.22136761482784,11367,New York,Queens County,NY,513255.0,-0.33357453263469206,-0.3701036507280371,-0.2394962531422955,0.05862640082611286,0.0328520973930615,-0.03230329633696638,-0.06464915008499439,-0.05782017224622722,1.0,2026-07-31
782,31.388546774160176,6.016847172081829,-1.606474692545523,27.74364087364557,35.03345267467478,08902,North Brunswick,Middlesex County,NJ,552027.0,0.08550042944585315,-0.29727905624141115,-0.040695348796726094,0.05618740407798516,-0.3723993421970093,-0.04408000132337375,-0.0032011501405921905,0.001494606703248899,2.3,2026-07-31
783,31.284883842498946,5.896510228640193,-1.606474692545523,24.890132228794272,37.67963545620362,10017,New York,New York County,NY,782098.0,-0.34197948229884256,0.051103702927862926,-0.4785715368164407,0.06944610516725482,-0.14546475216348864,0.3709861058178908,-0.18890166944794018,-0.014683768792279131,2.1,2026-07-31
784,31.21254586278804,5.776173285198556,-1.606474692545523,30.091782038139986,32.3333096874361,10001,New York,New York County,NY,1731977.0,-0.35516084418392924,0.8461423339813425,0.3656795196550906,0.03955097179043612,0.7010038580182509,0.23566354449163285,0.10433154568254643,0.18791867932258582,1.4,2026-07-31
785,31.046120240268927,5.6558363417569195,-1.606474692545523,16.403494403130065,45.688746077407785,11377,New York,Queens County,NY,565229.0,-0.3815810168290735,-0.2736445477349658,-0.26006524049519086,0.0643967580040951,0.15615337519797978,-0.15509356468441726,-0.016382971158270365,0.01555942139487447,1.3,2026-07-31
786,31.0347175216979,5.535499398315283,-1.606474692545523,28.295180997672396,33.7742540457234,07856,Mount Arlington,Morris County,NJ,508574.0,0.06960057285204826,-0.3792645861771824,0.00607858487598989,0.06302256612982973,-0.1848487311440572,-0.011016794102044036,-0.20969505461331295,0.14486978195228445,1.7,2026-07-31
787,30.956616187698415,5.415162454873646,-1.606474692545523,28.928803239692524,32.98442913570431,08820,Edison,Middlesex County,NJ,836250.0,0.07447727595963585,0.11805177953143442,0.31951285245183136,0.04450581346082093,-0.30447546960313976,0.22625934215028742,0.026385134551812683,-0.01413037115775291,2.3,2026-07-31
788,30.885551059619598,5.294825511432009,-1.606474692545523,24.512914706411756,37.25818741282744,10037,New York,New York County,NY,585332.0,-0.24284222712532397,-0.2386969263469183,-0.11149236270710894,0.05899158866732462,0.5876220556971699,-0.07137726674149969,-0.17059083646202566,-0.016868245199381085,2.3,2026-07-31
789,30.79943699672241,5.174488567990373,-1.606474692545523,14.578592781607147,47.02028121183767,11373,New York,Queens County,NY,527239.0,-0.3876692827492537,-0.34322291696756047,-0.1705911110244731,0.06425173970619108,0.10861625715563217,-0.19826298056862934,0.03849067748937607,0.002612933275586024,0.9,2026-07-31
790,30.721848998348925,5.054151624548736,-1.606474692545523,23.735349349737067,37.70834864696078,11224,New York,Kings County,NY,563168.0,-0.3538948155073577,-0.2772983744487476,-0.5225109930719878,0.07148223379834875,0.6678010277446755,-0.13913263052769803,0.062224602715826194,0.037799248210351785,1.5,2026-07-31
791,30.72007957334352,4.9338146811071,-1.606474692545523,25.904317633697094,35.53584151298994,07094,Secaucus,Hudson County,NJ,691677.0,-0.015816909249254246,-0.07175685837327173,0.08546899043758316,0.0496513397772375,-0.29086302706975364,0.140500182745102,-0.03419757416348901,0.11388387476351296,2.0,2026-07-31
792,30.23126776747344,4.813477737665464,-1.606474692545523,24.00583991427501,36.45669562067187,11102,New York,Queens County,NY,727248.0,-0.23756270824002143,-0.021608778006598328,-0.36338943753235853,0.05483232633373284,0.12889337723576477,0.09571317875148588,0.07152275916088513,0.12190296531053262,1.5,2026-07-31
793,30.200778501052397,4.693140794223827,-1.606474692545523,26.523144394073544,33.87841260803125,07036,Linden,Union County,NJ,544370.0,0.1048965465344999,-0.31124757069836306,-0.028184248501210263,0.05468031620968468,-0.11049585139078677,-0.25839641695992477,0.0066707411245126025,-0.012941094933177147,2.1,2026-07-31
794,30.060409726004096,4.57280385078219,-1.606474692545523,25.091898694214326,35.02892075779387,10019,New York,New York County,NY,1229885.0,-0.29653936976773354,0.5037993707673323,-0.06217064038770914,0.04737838512906348,0.36866829225194553,0.29168980379709786,-0.017187166829620182,-0.03843851409465922,1.7,2026-07-31
795,29.80105209311054,4.452466907340553,-2.0336292608311934,24.11242714403459,35.489677042186486,10601,White Plains,Westchester County,NY,492191.0,-0.06432306237463123,-0.4120095968730908,-0.6866796031544382,0.08030641973089975,-0.1434591483202674,0.02472053270206498,-0.04523586255666956,0.049142436387102514,1.4,2026-07-31
796,29.550294333298808,4.332129963898916,-2.0336292608311934,19.848191931709398,39.252396734888215,10550,Mount Vernon,Westchester County,NY,565200.0,-0.2548606103330734,-0.2736973711559383,-0.23685633943531847,0.05617839043693391,0.34159932086415234,-0.24203606299185298,-0.030184148600422844,0.049502845947316396,1.0,2026-07-31
797,29.18068456474809,4.21179302045728,-2.0336292608311934,18.55471159430157,39.80665753519461,07106,Newark,Essex County,NJ,464331.0,0.0440163038835685,-0.470278813301114,-0.16827914048461778,0.051074180951667936,0.27241852188491644,-0.2908928093261165,0.02905642617210802,-0.05722073584368355,1.8,2026-07-31
798,29.17791410065323,4.0914560770156445,-2.0336292608311934,17.523087311041067,40.83274089026539,10451,New York,Bronx County,NY,338618.0,,-0.7860023191311178,-0.48269734628878247,0.10577417498825575,0.27760779360046395,-0.2697454016978914,0.013696970360589589,0.10153086993538833,1.2,2026-07-31
799,28.93091603862629,3.9711191335740073,-2.0336292608311934,26.084363890181223,31.777468187071356,11249,New York,Kings County,NY,1553651.0,-0.16614960302331702,0.7374866022993878,0.22125182047065195,0.04319992802476033,0.6461770705071455,0.10839749144090793,,,2.7,2026-07-31
800,28.740174862607468,3.850782190132371,-2.0336292608311934,13.797146667342366,43.68320305787257,11374,New York,Queens County,NY,436259.0,-0.6416895334429796,-0.5326398514627382,-0.3147325996741337,0.08566300689016997,-0.31817930492812896,-0.0009837328292628955,0.0739818771493077,-0.025804409230442096,1.2,2026-07-31
801,28.47560147696977,3.730445246690734,-2.0336292608311934,20.12678433804117,36.824418615898374,10027,New York,New York County,NY,835348.0,-0.41471929699051524,0.11697220547893927,0.20393144807271035,0.05692055610134613,0.7507916404192272,0.02448822935156003,-0.09379948333939936,0.03708286602169712,2.1,2026-07-31
802,28.33898842398935,3.6101083032490973,-2.0336292608311934,18.620173571265223,38.05780327671347,10016,New York,New York County,NY,946198.0,-0.3003081711370751,0.2415754683842053,-0.27426918651260124,0.06631797831388482,0.0184721779998529,0.3074181809801224,-0.1280797127821014,0.02470734333092066,2.1,2026-07-31
803,28.03409831951312,3.489771359807461,-2.0336292608311934,12.86457082340304,43.2036258156232,10463,New York,Bronx County,NY,367932.0,-0.46036474065459887,-0.7029777110575957,-0.39340515438027346,0.09704498640604582,-0.2988622334100406,-0.04987130202518053,0.01850230672435238,-0.0015598706997487916,1.7,2026-07-31
804,27.946949453317597,3.369434416365824,-2.0336292608311934,21.695329570372884,34.19856933626231,07010,Cliffside Park,Bergen County,NJ,637080.0,-0.05653929310809111,-0.15398026043450663,-0.2013424459138271,0.05238741871691347,0.029828668488202537,-0.07093921834977623,0.020842358192178168,-0.0443123619374874,1.4,2026-07-31
805,27.6662171595451,3.2490974729241873,-2.0336292608311934,11.298106716678841,44.03432760241136,10034,New York,New York County,NY,448580.0,-0.45245948305097594,-0.5047886628036284,-0.12107871434418627,0.06817621138042498,0.0005847030034018541,-0.10282290694348878,-0.011777156578933301,-0.04277885846638059,0.7,2026-07-31
806,27.194303421758043,3.1287605294825513,-2.0336292608311934,19.51872916085708,34.869877682659,07306,Jersey City,Hudson County,NJ,545576.0,-0.1756671057681661,-0.3090340125191311,-0.3730015322409379,0.06278530534216115,0.09536160146327144,0.03146200324776405,-0.005230284331299018,0.10172076933107226,1.1,2026-07-31
807,27.10500687395167,3.0084235860409145,-2.0336292608311934,17.168578611320903,37.041435136582436,08757,Toms River,Ocean County,NJ,347292.0,0.039515793560373075,-0.7607099566125513,-0.32942347599183996,0.09862974846829717,-0.10538103297512014,-0.3028314638708537,0.003776945194976733,-0.00015469334523361689,1.8,2026-07-31
808,27.02223765750268,2.888086642599278,-2.0336292608311934,14.085634403680935,39.95884091132442,10031,New York,New York County,NY,554814.0,-0.2687800487332265,-0.29224340635236956,-0.06492215783040756,0.0675440774220916,0.2502817925797849,-0.07926125877292806,-0.03512239280393992,-0.009859341718198869,1.0,2026-07-31
809,26.959367352818084,2.7677496991576414,-2.0336292608311934,20.694679997847867,33.2240547077883,07307,Jersey City,Hudson County,NJ,774466.0,-0.03646992364290255,0.04129756648079663,-0.12408277785314858,0.04094172859689674,0.3401418967767167,-0.019452796156577634,0.04364119471394723,0.09445723627641227,1.7,2026-07-31
810,26.80838885768862,2.6474127557160045,-2.0336292608311934,15.341270292564035,38.275507422813206,07107,Newark,Essex County,NJ,506994.0,-0.05825492709561039,-0.38237638718316624,0.05701824057324956,0.047642723708214804,0.4023209689582046,-0.36127203306411654,0.24458712191050758,0.012378685105759055,1.6,2026-07-31
811,26.549946832933554,2.527075812274368,-2.0336292608311934,16.860094713237395,36.23979895262971,07018,East Orange,Essex County,NJ,470327.0,0.036191582531234806,-0.45744794891958307,-0.06642700474506213,0.0557489762217959,0.12761888268284127,-0.24530265828895453,0.052858215150536125,0.023721868288588063,2.3,2026-07-31
812,26.416656247078905,2.406738868832732,-2.0336292608311934,18.06078191708638,34.77253057707143,07501,Paterson,Passaic County,NJ,485938.0,-0.014460800807719915,-0.42479546623254194,-0.16443001222469533,0.042460588759974785,0.5054767211307876,-0.4104204394144129,0.1431543331111822,0.05364831738909741,1.5,2026-07-31
813,26.151985789529178,2.286401925391095,-2.0336292608311934,23.311438160062703,28.99253341899565,10069,New York,New York County,NY,1942774.0,-0.1462581208832777,0.9609959348040338,0.5100465333088522,0.038799698437235276,0.22848845054900369,0.43816308413495986,0.3359954899544455,-0.2127977178991995,1.5,2026-07-31
814,25.55645752538431,2.166064981949458,-2.0336292608311934,16.80512461733106,34.30779043343756,07093,West New York,Hudson County,NJ,448784.0,-0.05634125643012097,-0.5043337530575815,-0.8979269366715528,0.06682980309085487,-0.07591705525824222,-0.1347738363592883,0.010338681020709117,0.013572905669221577,1.7,2026-07-31
815,25.346222951565856,2.0457280385078223,-2.0336292608311934,14.598713423975601,36.09373247915611,07050,Orange,Essex County,NJ,473839.0,0.003726376152038219,-0.4500077923541568,-0.26692165723913597,0.05034288537160649,0.30923662188720225,-0.2643277019493049,-0.03128044449853462,-0.022856051878308484,2.4,2026-07-31
816,25.163451930115716,1.9253910950661854,-2.0336292608311934,15.920863450935732,34.4060404092957,10039,New York,New York County,NY,653865.0,-0.046617518050033974,-0.12797526999918496,0.22285374314518513,0.05919244191781402,0.7784084599860079,-0.20823559079557297,-0.16057993505299528,0.12242060129030845,1.9,2026-07-31
817,25.054264585356908,1.8050541516245486,-2.0336292608311934,11.386607208558749,38.721921962155065,10040,New York,New York County,NY,483751.0,-0.48988684403969496,-0.42930593131423933,-0.09425036477338722,0.0741192354328424,0.10965654548004689,-0.10099358522426283,0.04556612500294932,-0.04854123165529929,0.9,2026-07-31
818,24.799532705615757,1.684717208182912,-2.4892671172031866,15.148204447632466,34.45086096359905,07017,East Orange,Essex County,NJ,490332.0,0.061801461397506335,-0.4157941121672373,-0.15748528585108978,0.048288472010836365,0.23041994277985967,-0.2769430599979449,-0.04126786538085092,0.05650677774010075,2.3,2026-07-31
819,24.646277517512612,1.5643802647412757,-2.4892671172031866,16.29216429499074,33.00039074003448,07108,Newark,Essex County,NJ,503885.0,-0.0748105745606967,-0.38852906646089735,0.06760989692660324,0.04945842155501057,0.7436686791217972,-0.3068090603683856,0.06203603953866832,0.1171194433690828,2.0,2026-07-31
820,24.215304874388416,1.444043321299639,-2.4892671172031866,19.23049914718429,29.200110601592545,07105,Newark,Essex County,NJ,558471.0,-0.061837683598580634,-0.28567284908478996,0.11011915881321777,0.05085309972122831,0.343792709895246,-0.3398888424311265,0.058731830218496484,0.0930891597928503,1.5,2026-07-31
821,24.16891536532436,1.3237063778580023,-2.4892671172031866,12.33128470893948,36.00654602170924,10029,New York,New York County,NY,769085.0,-0.39596141857238687,0.03432586653695502,-0.33290247295773945,0.05589732988813671,1.0998723382289526,-0.14418962332981267,-0.09356695369996082,0.04072590031594485,1.7,2026-07-31
822,23.624986128041325,1.203369434416366,-2.4892671172031866,20.92494790950265,26.32502434658,07029,Harrison,Hudson County,NJ,583959.0,-0.07875839929823378,-0.24104625244721056,0.1547130344462868,0.053754485122316266,-0.0009031517588777849,-0.008735574956581615,0.010199196928203591,0.3249007245245202,2.0,2026-07-31
823,23.59030857724187,1.083032490974729,-2.4892671172031866,13.334025440586291,33.846591713897446,10030,New York,New York County,NY,726848.0,-0.1577918040451923,-0.022158470976805233,0.20397032261411852,0.05139034735572949,1.0151812311534936,-0.13693743483399373,-0.29319024548574113,0.028972911433289547,1.3,2026-07-31
824,22.476399389003664,0.9626955475330927,-2.4892671172031866,11.325259049295132,33.62753972871219,10033,New York,New York County,NY,613347.0,-0.3208925822052834,-0.19194456748108024,0.235256431811532,0.06175162751896284,0.21129099223537007,-0.08089016189070553,-0.057774736960409356,-0.005566568082231618,1.7,2026-07-31
825,22.237780528153287,0.842358604091456,-2.4892671172031866,12.794943185754315,31.680617870552258,10035,New York,New York County,NY,709389.0,-0.49859076183249196,-0.04647151800339877,-0.1136909733178193,0.05508071373647952,0.8654375763462478,-0.16853578778456146,0.18368672087471616,0.07391968969954758,1.1,2026-07-31
826,22.197413819726254,0.7220216606498195,-2.4892671172031866,11.458008656711273,32.93681898274124,07112,Newark,Essex County,NJ,495799.0,0.0001190179240605771,-0.40470519436841634,0.03412176947175283,0.048988035309499404,0.2526663153086115,-0.27332158585700017,0.2423701110640053,-0.025260185342300637,2.0,2026-07-31
827,20.942114414347294,0.601684717208183,-2.4892671172031866,16.74991461516538,25.134314213529212,11101,New York,Queens County,NY,1153280.0,-0.10235245710935245,0.43948882360364294,0.24430758740184721,0.046146360892869616,0.3644428769574677,0.19145885883254576,0.23991166892455773,0.3700199712376267,1.1,2026-07-31
828,20.528354418441097,0.48134777376654636,-2.4892671172031866,9.009433143810911,32.047275693071285,07102,Newark,Essex County,NJ,404857.0,-0.2721710569662289,-0.6073412199627146,-0.2191149270301871,0.07218214165936895,0.4538472721918889,-0.11887429497426705,0.18328650940350677,0.10651371999200547,-0.3,2026-07-31
829,20.339030278709608,0.36101083032490977,-2.4892671172031866,9.65112481073529,31.026935746683925,10018,New York,New York County,NY,1328354.0,-0.4271043227486576,0.5808197965894308,0.03919825697549051,0.0459039731485431,0.31875775191369793,0.27584872293366935,-0.05584771340793715,-0.006637534213145904,0.2,2026-07-31
830,16.932956526631756,0.24067388688327318,-3.0052847878189737,9.50697004110511,24.358943012158402,10280,New York,New York County,NY,822198.0,-0.15973241366251897,0.10110449075959949,-0.6630062414630249,0.07705071407380329,-0.5069652175816952,0.3817849947864266,-0.11003345722808433,-0.10946797585861896,2.1,2026-07-31
831,16.70034269622153,0.12033694344163659,-3.0052847878189737,8.57923156278842,24.821453829654637,10036,New York,New York County,NY,996591.0,-0.29729295099163766,0.2934640173765626,-0.3030760738091729,0.05696169194384651,0.45415065117191733,0.21476900188175874,-0.22765628645420044,0.055921439394327074,0.6,2026-07-31
