rank,score,nyc_percentile,hist_relative_pct,pred_gbm,pred_ridge,zip,city,county,state,zhvi,mom_5y_rel,log_price_rel_metro,nbr_log_price_gap,rent_yield,price_to_income_rel,bachelors_share_rel,d5_log_income_rel,d5_log_housing_units_rel,zillow_1y_forecast_pct,origin
1,69.71058490735203,100.0,2.427117099025078,72.06570551876406,67.35546429594001,07711,Allenhurst,Monmouth County,NJ,2551963.0,0.3538470047321528,1.2337419486670047,0.8069844585099908,0.013871674510593861,1.2328992890664316,0.23427244684785975,-0.379025938189951,0.017339665087811526,3.6,2026-07-31
2,68.18826652237917,99.87966305655837,2.427117099025078,65.22197030310018,71.15456274165815,07456,Ringwood,Passaic County,NJ,618351.0,0.06986333345892284,-0.18381935419505524,0.05269707665482848,,-0.4891629923310472,0.034621238428602874,-0.011757524287189014,-0.03388418402638545,2.6,2026-07-31
3,67.6565384934085,99.75932611311673,2.427117099025078,68.74198513331393,66.57109185350309,07446,Ramsey,Bergen County,NJ,898748.0,0.06435837916051704,0.19012694239286,-0.1433530910030001,0.028038992666489307,-0.1699957131480503,0.1791874604687016,-0.1444819678509237,-0.09463012707672087,2.8,2026-07-31
4,67.30480971381253,99.63898916967509,2.427117099025078,77.70153469525846,56.9080847323666,08735,Lavallette,Ocean County,NJ,1222858.0,0.13471197252348902,0.49806977670815655,0.5887809729355826,0.01962615544592447,0.8758589386273179,0.033288810008428094,-0.2351925198200373,-0.0046985506586183085,3.0,2026-07-31
5,66.74413672999961,99.51865222623346,2.427117099025078,69.411438362243,64.0768350977562,08736,Manasquan,Monmouth County,NJ,1234188.0,0.14103542286771323,0.5072925060643438,0.11291276684846885,0.03359833358630678,0.0689367553292477,0.19881263187456222,0.08121240505800564,-0.05928252070011704,3.3,2026-07-31
6,66.7221334960211,99.39831528279181,2.427117099025078,71.27694274783794,62.167324244204266,11050,Port Washington,Nassau County,NY,1342500.0,0.01723592441544,0.5914123692642885,0.0561867910035847,0.03781230043447973,0.27425665858300685,0.1966760313260203,-0.08973245317569045,0.006618590114380304,2.4,2026-07-31
7,66.66876493431033,99.27797833935018,2.427117099025078,71.45563916029623,61.88189070832445,07928,Chatham,Morris County,NJ,1398136.0,0.11351373623438513,0.6320187639254389,0.25239039189427004,0.028851563611836644,-0.04480562189702764,0.3304698006392538,-0.08855136236799943,-0.031065957642542677,3.3,2026-07-31
8,66.34818981701744,99.15764139590854,2.427117099025078,72.24770175891906,60.448677875115834,07901,Summit,Union County,NJ,1421026.0,0.11089996144619577,0.6482579013806031,0.26773859651395426,0.02554845016670732,0.17822040719072052,0.22044915941827148,-0.08130203976544337,0.04844829258594201,3.3,2026-07-31
9,66.32687406744915,99.03730445246691,2.427117099025078,74.06453644138016,58.58921169351816,07760,Rumson,Monmouth County,NJ,1893311.0,0.13539339444865953,0.9352061623465779,0.7153466637674821,0.01990903906092287,0.2331222329010838,0.28185758720429277,0.06373625081854684,0.02150277933700044,3.5,2026-07-31
10,66.15700091229601,98.91696750902527,2.427117099025078,64.03212656834476,68.28187525624728,07719,Wall,Monmouth County,NJ,838165.0,0.07745897014784334,0.12033911009273801,-0.36425012268282053,0.04442446571126978,0.05553859326329191,0.03756632287519812,-0.05420139385019418,0.004438483439021021,2.7,2026-07-31
11,66.1331762074772,98.79663056558363,2.427117099025078,71.61545974780879,60.65089266714563,07090,Westfield,Union County,NJ,1328987.0,0.11799760752131441,0.5812962286140344,0.6084802792080168,0.0303722873520095,-0.1468918168425486,0.2901287165294635,0.07622094109493993,-0.004537762186536745,2.9,2026-07-31
12,66.02346340800949,98.676293622142,2.427117099025078,66.96622426391514,65.08070255210383,10803,Pelham,Westchester County,NY,1458307.0,0.1890028714544684,0.6741554659506583,0.7757918004029403,0.035449318468756874,0.023807328047221743,0.2625399233965483,0.08326257020748429,0.022292295147132088,3.7,2026-07-31
13,65.9770998553239,98.55595667870037,2.427117099025078,65.85092304741778,66.10327666323002,07040,Maplewood,Essex County,NJ,976566.0,0.10400675139355578,0.273166092843649,0.3570503255626143,0.03424107362631306,-0.1617546421288456,0.23619242729429013,-0.008546857613103143,0.05242614242970793,2.7,2026-07-31
14,65.90798536103543,98.43561973525873,2.427117099025078,63.38501427085218,68.43095645121866,10549,Mount Kisco,Westchester County,NY,966386.0,0.09014956304897695,0.26268688590696776,-0.11377186026339103,0.03346489747043763,0.0861935066193229,0.16100643257130653,-0.01822107945415752,0.05907396173381611,3.1,2026-07-31
15,65.64571564415427,98.31528279181708,2.427117099025078,63.860968224746514,67.43046306356202,07755,Oakhurst,Monmouth County,NJ,1092807.0,0.19184866228417655,0.3856289610387158,-0.03027337129728025,0.03980573755512614,0.20652681332386957,-0.0005614758452039958,0.02987175413630183,-0.07204003185284842,3.5,2026-07-31
16,65.44759592770096,98.19494584837545,2.427117099025078,72.71236206618363,58.18282978921828,08752,Seaside Park,Ocean County,NJ,889041.0,0.08942514487570499,0.17926742040475752,0.3410198575850707,,0.5342460071134354,0.04105584252934269,-0.13875062803443683,0.03148544704359173,2.9,2026-07-31
17,65.2709435334558,98.07460890493381,2.427117099025078,57.96755151258209,72.57433555432951,11790,Stony Brook,Suffolk County,NY,797463.0,0.03930900575602295,0.07055951751854828,0.05738027644825294,,-0.35062465003507737,0.20818008248455466,0.039062004498465086,-0.029626960580580522,2.6,2026-07-31
18,65.23843055783325,97.95427196149218,2.427117099025078,62.98588178976803,67.49097932589846,11735,Farmingdale,Nassau County,NY,748365.0,0.020172024822988993,0.007015014967024058,0.011553897452877493,0.04727637779043698,-0.2093840362288344,-0.023156342839049326,0.0072810795609559165,-0.1092694554525246,2.3,2026-07-31
19,65.21386646873634,97.83393501805054,2.427117099025078,64.56521078827772,65.86252214919496,07436,Oakland,Bergen County,NJ,780373.0,0.02366107674120635,0.04889607599393386,0.09296092643319298,,-0.3172643664537287,0.07746970074307324,0.01742064006008981,0.0002205394131052224,2.6,2026-07-31
20,65.09877845259884,97.71359807460891,2.427117099025078,65.80238655499903,64.39517035019864,08732,Island Heights,Ocean County,NJ,661314.0,0.11460265824789176,-0.1166480936813592,0.14836428610839114,,-0.09587159505935472,0.04786198346267956,-0.106024888514888,0.029478846158923752,2.4,2026-07-31
21,64.93869111455233,97.59326113116727,1.6025548825049807,58.271408582872894,71.60597364623176,07463,Waldwick,Bergen County,NJ,767325.0,0.0651059547576324,0.032034107898025965,-0.3831267580517448,,-0.42827907204280113,0.10447727077583246,0.1236473369585731,-0.0595949366721535,2.7,2026-07-31
22,64.80823145434705,97.47292418772562,1.6025548825049807,69.30870875447509,60.30775415421902,10510,Briarcliff Manor,Westchester County,NY,1178572.0,0.11190702828593438,0.461182617764587,0.2742042107557392,,-0.21468648301829352,0.2227941036283081,0.0018340092899222782,-0.037365587900257416,3.6,2026-07-31
23,64.80142547889076,97.352587244284,1.6025548825049807,67.22471650825462,62.378134449526925,07974,New Providence,Union County,NJ,1022120.0,0.0965889520553688,0.3187577248299931,-0.021978037173138176,0.03276980728533838,-0.11266410070273314,0.22530544077174885,-0.11970435302018068,0.19874848352310998,2.9,2026-07-31
24,64.58104277025905,97.23225030084237,1.6025548825049807,71.30223915083431,57.85984638968377,07417,Franklin Lakes,Bergen County,NJ,1649638.0,0.1604207512103585,0.7974348993990876,0.7305367286317601,0.028333490482064228,0.05476250590946452,0.28267880218428654,0.08080496686426208,-0.06297547678698452,3.4,2026-07-31
25,64.26775642826496,97.11191335740072,1.6025548825049807,69.10737202185301,59.428140834676924,10577,Purchase,Westchester County,NY,2302543.0,0.14230168224464315,1.13089314009388,0.6832497418376917,,0.33068508665405427,0.2353571223633102,0.1893092267880796,-0.10103985022466118,3.4,2026-07-31
26,64.1022314765802,96.9915764139591,1.6025548825049807,58.14218200496983,70.06228094819058,11967,Shirley,Suffolk County,NY,551177.0,0.09228023833254398,-0.2988204220679993,-0.16106927358938705,,-0.29263692574889544,-0.29043622418368925,0.01851941201380214,-0.026870702325669973,2.6,2026-07-31
27,64.04544741650815,96.87123947051745,1.6025548825049807,62.97778780465795,65.11310702835836,07642,Hillsdale,Bergen County,NJ,877598.0,0.0844881847790461,0.166312817980522,-0.17919833256963535,,-0.3418690918503142,0.142580225758689,0.013906486683241681,-0.00860572096279251,2.9,2026-07-31
28,63.881384202573,96.75090252707581,1.6025548825049807,57.42415387197186,70.33861453317414,18405,Beach Lake,Wayne County,PA,310993.0,0.05147578676522749,-0.8711046848458466,-0.02765721868095561,,-0.4330481007984137,-0.23304555726809917,-0.05930232211722952,-0.15039339515030087,,2026-07-31
29,63.84784290660143,96.63056558363418,1.6025548825049807,69.0517444587152,58.64394135448765,10514,Chappaqua,Westchester County,NY,1555980.0,0.1293200640315785,0.7389847200518904,0.46025268049294255,,-0.061223333387935286,0.35368307276164423,-0.23118621328872813,-0.0683137696198572,3.7,2026-07-31
30,63.7917095377265,96.51022864019254,1.6025548825049807,64.16666362961494,63.41675544583805,11219,New York,Kings County,NY,1285891.0,-0.028553222903041936,0.5483313158107777,0.2606240546605125,0.025454714244309905,1.203180236696119,-0.28718448150873543,0.1294114154664321,0.023378094949411385,2.9,2026-07-31
31,63.7236372343082,96.38989169675091,1.6025548825049807,59.40286123528487,68.04441323333154,11950,Mastic,Suffolk County,NY,519683.0,0.09954113394966094,-0.3576577676771784,-0.2384044977847406,,-0.21790320145064723,-0.3259735047780573,-0.20648284916351045,-0.0029118379715542125,2.6,2026-07-31
32,63.63564308442584,96.26955475330927,1.6025548825049807,63.78107072168012,63.49021544717155,10470,New York,Bronx County,NY,669136.0,-0.0911893603849677,-0.10488839302510478,0.28495194038920246,,0.11604782052073292,-0.08699720105150249,0.1539093977783974,0.05092900905907198,3.1,2026-07-31
33,63.436870829625946,96.14921780986762,1.6025548825049807,69.81460753745266,57.059134121799225,10506,Bedford,Westchester County,NY,1686023.0,0.06618841952012958,0.819251563638165,0.3312635559411756,,0.019043510198339275,0.36036987133603715,-0.12211260523010914,0.03228427490509071,3.9,2026-07-31
34,63.42727008784465,96.028880866426,1.6025548825049807,58.1505303769526,68.70400979873669,07420,Wanaque,Passaic County,NJ,506841.0,0.09067021630560249,-0.382678951283296,-0.26963730652341766,,-0.3553171809133382,-0.14799895188343426,0.034323607103836196,-0.009478503038158961,2.1,2026-07-31
35,63.37185967018199,95.90854392298436,1.6025548825049807,61.140119499494695,65.60359984086928,08734,Lanoka Harbor,Ocean County,NJ,576777.0,0.12016099229014046,-0.25341996235743736,-0.012767482458849955,,-0.2857532890493826,-0.16700136473309624,0.04656828946569824,-0.23477045192453055,2.6,2026-07-31
36,63.31635411666573,95.78820697954272,1.6025548825049807,68.29725375110081,58.335454482230645,10580,Rye,Westchester County,NY,2360370.0,0.10188932486075189,1.1556975719500393,0.630311804676353,0.04117291929483763,0.3554895185102136,0.3111111121721615,0.016397483498353793,0.018944462932118974,3.8,2026-07-31
37,63.30142633812899,95.66787003610109,1.6025548825049807,60.64212245346621,65.96073022279178,10573,Port Chester,Westchester County,NY,907577.0,0.05151314841309898,0.19990192804474027,-0.5462786256143666,0.04431397549416752,0.2606863586864143,-0.026711256794237637,-0.047789196196397654,0.08275110981440852,3.0,2026-07-31
38,63.27011833736945,95.54753309265945,1.6025548825049807,62.770132942243606,63.7701037324953,11934,Center Moriches,Suffolk County,NY,697433.0,0.0444507555772006,-0.06346903566386253,-0.1536933609674307,,-0.4827113073877094,-0.07657222564708038,0.23749394391451695,0.024563357150271067,2.1,2026-07-31
39,63.16855884218588,95.4271961492178,1.6025548825049807,67.53489152387478,58.802226160496986,11548,Greenvale,Nassau County,NY,1158180.0,0.04725160215495486,0.443728511763279,-0.24411639906427318,,0.3589172478227176,0.15204057686098915,-0.33324065640946365,-0.3622980076001993,2.5,2026-07-31
40,63.16272152425726,95.30685920577618,1.6025548825049807,56.693718866948274,69.63172418156624,11784,Selden,Suffolk County,NY,608331.0,0.09047642861355279,-0.2001577318967822,-0.08201453220801369,,-0.126833563971114,-0.1985838069012743,-0.11639049988823658,0.04219070429342002,2.9,2026-07-31
41,63.12626804911929,95.18652226233453,1.6025548825049807,65.13023229720402,61.12230380103457,10560,North Salem,Westchester County,NY,857682.0,0.0398474622022075,0.14335679603540896,0.020285853704708146,,-0.402759845105485,0.17609807783640852,0.15109254566580432,-0.055718867474228786,3.0,2026-07-31
42,63.109077852442155,95.0661853188929,1.6025548825049807,65.57468864207073,60.643467062813585,10538,Larchmont,Westchester County,NY,1787056.0,0.12517918258400798,0.8774485667955396,0.6119156016801401,0.045797860150270216,0.26131640107751575,0.33473353959687024,-0.1767166075242237,0.13336844193912284,3.7,2026-07-31
43,62.977001629301995,94.94584837545126,1.6025548825049807,62.94493510552221,63.00906815308177,10522,Dobbs Ferry,Westchester County,NY,1033034.0,0.05306285158115501,0.3293787589490158,0.14356753454853788,0.048971303658197705,-0.05783393508117496,0.20436856133380288,-0.08878684661349823,0.0637953626118473,2.9,2026-07-31
44,62.95849093113408,94.82551143200962,1.6025548825049807,66.54137520287647,59.3756066593917,07649,Oradell,Bergen County,NJ,1028168.0,0.07087001278922714,0.32465803863618703,0.17787368039436835,,-0.3537037516274293,0.22762336988373522,0.2829220687552869,-0.04223120959465172,2.8,2026-07-31
45,62.88714590792068,94.70517448856799,1.6025548825049807,63.020160457466986,62.75413135837438,08848,Milford,Hunterdon County,NJ,538295.0,0.0023516832708757873,-0.3224700614972331,-0.029774956812316233,,-0.5329062888384499,-0.04324247132031711,0.0008996209953835432,-0.1964605060762687,2.3,2026-07-31
46,62.86310001051538,94.58483754512635,1.6025548825049807,61.851664641273196,63.87453537975756,10524,Garrison,Putnam County,NY,782078.0,0.0716381023298446,0.05107807870756531,0.3227522252192454,,-0.21298254298998143,0.1045889397193327,-0.0661986787079556,0.053017159567998726,3.2,2026-07-31
47,62.80464637736802,94.46450060168472,1.6025548825049807,65.79109235925789,59.81820039547816,11530,Garden City,Nassau County,NY,1339544.0,0.07237741062370198,0.5892080494834122,0.4459849108086349,0.053637671492501586,-0.11950771143574745,0.21796091031943143,0.07470934379828087,-0.014929300807324089,2.5,2026-07-31
48,62.6602408871361,94.34416365824309,1.6025548825049807,60.680085247399184,64.640396526873,11782,Sayville,Suffolk County,NY,777743.0,-0.017696002705319097,0.045519781339711685,0.06846700305958464,,-0.22821695235216777,0.07158958332917986,0.0025483983719620795,-0.03002063536412765,3.0,2026-07-31
49,62.64828397022683,94.22382671480143,1.6025548825049807,65.33978867141717,59.95677926903649,07945,Mendham,Morris County,NJ,1147874.0,0.08650989719277327,0.43479061450071477,0.277972482498523,,-0.36541743893911094,0.2966501470358658,0.07887090200841129,0.11904866127734896,2.7,2026-07-31
50,62.5949361247787,94.1034897713598,1.6025548825049807,61.466790396904415,63.723081852652975,07874,Stanhope,Sussex County,NJ,454649.0,0.09583654568507996,-0.49135132623501043,-0.1602835493891135,,-0.6566771072468669,-0.06504003996868551,0.07986105127914733,0.009533377582622557,2.6,2026-07-31
51,62.558353495749955,93.98315282791818,1.6025548825049807,60.975072079789484,64.14163491171043,10543,Mamaroneck,Westchester County,NY,1100042.0,0.048769342833955426,0.39222784196808114,-0.08068520430678383,0.04261407030362335,0.2738987400423205,0.08998640198507257,-0.03841129209571292,0.007794372331862129,3.4,2026-07-31
52,62.5270470984205,93.86281588447653,1.6025548825049807,70.9303203081498,54.123773888691204,11030,Manhasset,Nassau County,NY,2318744.0,0.05147839086249775,1.1379048738831692,0.5553345367090241,0.03764968823058203,0.39972091547177757,0.35321755155914314,-0.07357159383660239,-0.06767919947656127,2.7,2026-07-31
53,62.390923565669894,93.7424789410349,1.6025548825049807,63.934198787033225,60.84764834430657,08739,Lavallette,Ocean County,NJ,1784797.0,0.12838582369435017,0.8761835728543215,,,,,,,3.5,2026-07-31
54,62.37591316449274,93.62214199759326,1.6025548825049807,65.3835537692551,59.36827255973037,10536,Katonah,Westchester County,NY,1153134.0,0.05403882830096443,0.43936234195404644,0.26000890878449745,,-0.36084571148577926,0.2816932946274915,0.07880000265002174,-0.05575208516963644,3.6,2026-07-31
55,62.262761335084505,93.50180505415162,1.6025548825049807,60.17299954460819,64.35252312556082,07748,Middletown,Monmouth County,NJ,801122.0,0.07718173890714511,0.07513761963738297,0.019540910820744273,0.04868169618162648,-0.23391924662274843,0.032083626211431016,-0.0007044374808273801,0.01701693208449155,2.8,2026-07-31
56,62.23066211992623,93.38146811070999,1.6025548825049807,68.22729769969267,56.23402654015979,11559,Lawrence,Nassau County,NY,2238703.0,0.24666243557105041,1.102775778618577,0.8577549984443689,,0.8623775311584605,0.11650725683570384,0.15172482683423993,-0.03766205862795653,2.7,2026-07-31
57,62.20750847350618,93.26113116726835,1.6025548825049807,64.40915581815516,60.005861128857205,11733,Setauket,Suffolk County,NY,874260.0,0.04695532187696508,0.16250216068607237,0.19553739516659618,,-0.27115552914199914,0.13128793371224,-0.12262795971690466,0.05192951426542462,2.6,2026-07-31
58,62.18919687928665,93.14079422382672,1.6025548825049807,67.02658297879222,57.351810779781076,10533,Irvington,Westchester County,NY,1321738.0,0.04430330010833608,0.5758269977956267,0.38034763451488907,0.03438652963620454,0.13781019603471978,0.2677569227004458,-0.1399358583183865,-0.028340231934517582,3.0,2026-07-31
59,62.15981818950271,93.02045728038509,1.6025548825049807,65.1891431492721,59.13049322973332,07450,Ridgewood,Bergen County,NJ,1272299.0,0.1409473287015647,0.5377043893550688,0.30391234060213,0.03790383347070692,-0.0795907348293643,0.3099500302347208,-0.11058716515188927,0.039007747046449645,3.2,2026-07-31
60,62.00664143090441,92.90012033694343,1.6025548825049807,63.02807784917568,60.985205012633145,07452,Glen Rock,Bergen County,NJ,1116906.0,0.12694675028986283,0.4074416692203737,0.36478717312285447,,-0.24238590646412317,0.2405430677533792,-0.09121039004439879,-0.08479135699870506,2.8,2026-07-31
61,61.93309274328648,92.7797833935018,1.6025548825049807,61.43133412203227,62.4348513645407,08741,Pine Beach,Ocean County,NJ,584712.0,0.15053409426915856,-0.2397565520555851,0.012944981896742647,,-0.4820014446033636,-0.0002361871254337733,0.1847532843057671,-0.005022819106523094,2.9,2026-07-31
62,61.83903976791662,92.65944645006017,1.6025548825049807,57.677159285539624,66.0009202502936,07508,North Haledon,Passaic County,NJ,649150.0,0.07796739064915528,-0.13521166256517425,-0.036965368835545576,0.04618590233460847,0.023719888353471275,-0.16496279133327274,-0.04391327072949913,0.05090821298256136,2.6,2026-07-31
63,61.82135411897764,92.53910950661853,1.6025548825049807,60.52344015039355,63.11926808756172,11717,Brentwood,Suffolk County,NY,628519.0,0.021022531523952642,-0.1675093949808364,-0.09830730742408278,,,,,,2.6,2026-07-31
64,61.812419984842194,92.4187725631769,1.6025548825049807,61.168141969355304,62.456698000329084,07946,Millington,Morris County,NJ,917473.0,0.02367622589327603,0.2107467570495647,-0.14323947452121466,,-0.40835259893059583,0.18774047006858952,-0.016066971214163672,-0.18695728194758549,2.6,2026-07-31
65,61.7887691397067,92.29843561973526,1.6025548825049807,62.45600635847761,61.1215319209358,07656,Park Ridge,Bergen County,NJ,872587.0,0.034989583852869904,0.1605863716304068,-0.12354765480531427,0.0431739096878942,-0.2599898967222398,0.08379210065185028,-0.015758579984101573,-0.047614455478157416,2.6,2026-07-31
66,61.75554488089891,92.17809867629362,1.6025548825049807,54.70195662301979,68.80913313877804,11554,East Meadow,Nassau County,NY,821945.0,0.045474323242489595,0.10079668216190285,0.0643895995681234,0.03941871979450957,-0.07556981204240576,-0.0048058120917657265,-0.0008530144664753436,-0.07938915939396347,2.3,2026-07-31
67,61.673779321994736,92.05776173285199,1.6025548825049807,58.33000658577164,65.01755205821783,07419,Hamburg,Sussex County,NJ,402973.0,0.0932637143507197,-0.6120054060881923,-0.10929784915552077,,-0.503023429391795,-0.13416943224570604,-0.10156353373547411,0.06297891402604731,2.1,2026-07-31
68,61.56111596950852,91.93742478941034,1.6025548825049807,65.33022607103429,57.79200586798275,07041,Millburn,Essex County,NJ,1330636.0,0.1866387659460255,0.5825360555318628,0.5248007938235588,0.039980883418413986,-0.008180773049239365,0.3605152998972083,0.17749985954539405,0.03570970089338514,3.1,2026-07-31
69,61.53992789829293,91.81708784596871,1.6025548825049807,57.646053117125206,65.43380267946065,10562,Ossining,Westchester County,NY,684593.0,0.05352083504376495,-0.08205117623747249,-0.3337036206156867,0.05903128964655795,-0.11176901655946492,-0.05643616288015202,0.11365478143056862,-0.04540698346372958,2.9,2026-07-31
70,61.5152082513557,91.69675090252709,1.6025548825049807,60.69417104198082,62.33624546073058,07004,Fairfield,Essex County,NJ,828234.0,0.0006371759848921299,0.10842005070744953,0.02725878029831108,,0.0762591526735743,0.018489836526819903,-0.2823057557311017,0.0832960953227098,2.3,2026-07-31
71,61.44683454813322,91.57641395908543,1.6025548825049807,60.49744720964344,62.396221886622996,07764,West Long Branch,Monmouth County,NJ,1010883.0,0.15362441121311257,0.30770378514830377,-0.19423364485487404,,0.290387829239102,-0.04036507506436865,-0.18463077579933795,0.07082052912870145,3.0,2026-07-31
72,61.43025139499871,91.4560770156438,1.6025548825049807,58.38360485290083,64.4768979370966,08742,Point Pleasant,Ocean County,NJ,885209.0,0.14452747078117625,0.1749476403712027,-0.26499091426198973,0.04417977111153211,0.08278513999366122,0.04103384745530225,-0.016073534463455275,-0.0007774296720374912,2.9,2026-07-31
73,61.4211202130014,91.33574007220217,1.6025548825049807,58.33163284826014,64.51060757774266,11749,Islandia,Suffolk County,NY,644226.0,0.19824981075108142,-0.1428260124255516,-0.0892793689509066,,-0.1778539811684674,-0.16522996425768416,-0.013450878777588215,0.08749377708201349,2.8,2026-07-31
74,61.34696981511023,91.21540312876053,1.6025548825049807,58.7503215610743,63.943618069146154,07044,Verona,Essex County,NJ,780536.0,0.10495295486109271,0.04910480818156948,-0.149808391745875,0.049401088425647964,-0.31626505691819173,0.20982739133449047,0.027126778923152628,0.035292804180519874,2.5,2026-07-31
75,61.14725035581243,91.0950661853189,1.6025548825049807,60.97406726066461,61.32043345096025,11770,Mastic Beach,Suffolk County,NY,1422535.0,0.14247479171958624,0.6493199026642138,0.6312293215727589,,0.5537608774161746,-0.34780614294281226,,0.00041260911632816366,1.8,2026-07-31
76,61.14276353489445,90.97472924187726,1.6025548825049807,65.16107945161464,57.12444761817426,07079,South Orange,Essex County,NJ,1087816.0,0.11779870202495282,0.38105076349869194,0.4639794131149859,0.03284324927951919,-0.17282810893474232,0.28072433401550667,0.11289870880571229,0.06982871600696532,2.5,2026-07-31
77,61.11654750422357,90.85439229843561,1.6025548825049807,58.634211084565834,63.5988839238813,10502,Ardsley,Westchester County,NY,1088740.0,0.0005787114368466517,0.38190060252000535,0.12734213804877825,,-0.41830745091982036,0.2804834466291448,0.17111790866827903,-0.007477640387405685,3.2,2026-07-31
78,61.077819724031315,90.73405535499398,1.6025548825049807,59.0121573695645,63.143482078498124,11755,Lake Grove,Suffolk County,NY,742918.0,0.08226474044308354,-0.0002900079648942011,0.03951333609622054,0.03747383394467188,-0.06121079150875208,-0.03841678444959912,-0.20936889072046228,-0.08519654263963945,2.8,2026-07-31
79,61.072327797992116,90.61371841155234,1.6025548825049807,61.44153915873451,60.703116437249726,10590,South Salem,Westchester County,NY,944392.0,0.06528534012421475,0.23966565737379675,-0.2598965532861559,0.06067392601681627,-0.39440824808625163,0.223312237295189,0.08998155578085942,-0.11096709644966714,4.0,2026-07-31
80,61.06300131160249,90.49338146811071,1.6025548825049807,62.597316691985185,59.52868593121979,11786,Shoreham,Suffolk County,NY,770681.0,0.040177726374610506,0.03639842247716807,0.2057695039584786,,-0.3389497307505611,-0.012221004854197137,-0.02576456226086421,-0.004370844367453677,2.7,2026-07-31
81,61.0055031900703,90.37304452466908,1.6025548825049807,65.18025289325753,56.830753486883076,07481,Wyckoff,Bergen County,NJ,1180972.0,0.08410705797100562,0.46321683512895895,0.18706552081899552,,-0.13358746904125351,0.21595762321486034,0.05163810966577742,0.00213481348946791,3.1,2026-07-31
82,60.9843134233309,90.25270758122743,1.6025548825049807,65.76210619481847,56.20652065184334,10706,Hastings on Hudson,Westchester County,NY,1169338.0,0.13082944591233706,0.4533171946557566,0.15837397865568192,0.03258252729030401,-0.07682464096369235,0.2514570580395864,0.060870487036435605,0.05625052995204731,3.2,2026-07-31
83,60.8978586073863,90.1323706377858,1.6025548825049807,62.98898049633432,58.80673671843828,10520,Croton-on-Hudson,Westchester County,NY,883853.0,-0.04308594884340486,0.17341459397816195,0.34539003718809447,,-0.06671056431664657,0.14328489162648317,0.02886126308962922,0.005615213205683298,3.7,2026-07-31
84,60.880766001568766,90.01203369434417,1.6025548825049807,57.29840585977318,64.46312614336435,07013,Clifton,Passaic County,NJ,638113.0,0.06878997757062102,-0.15236038845716315,-0.026836396598948653,0.049285920702039986,-0.18704439840295106,-0.07709600543420692,-0.00041948282088632993,0.1193438619516967,1.6,2026-07-31
85,60.852636593552944,89.89169675090253,1.6025548825049807,66.42985178332249,55.2754214037834,10583,Scarsdale,Westchester County,NY,1615554.0,0.09189126805977246,0.7765569626087352,0.5603342289951101,0.06565343676235023,-0.023651090831090515,0.3108611721294462,-0.04827808684201784,-0.0355989649648369,3.8,2026-07-31
86,60.83114684020628,89.7713598074609,1.6025548825049807,66.2113255162844,55.450968164128156,07627,Demarest,Bergen County,NJ,1577112.0,0.21890370839539522,0.752474226260917,0.3800539242861767,,0.13601994902702397,0.26848305566345954,0.06633083202178547,-0.03049371156111809,3.3,2026-07-31
87,60.82276759173483,89.65102286401925,1.6025548825049807,61.546931037317286,60.09860414615238,07922,Berkeley Heights,Union County,NJ,959460.0,0.04555216835249745,0.25549396337898145,0.0247528677930422,0.04198613685551232,-0.3361792511224799,0.25950468732434495,-0.11891656964808917,-0.00321150633427765,2.8,2026-07-31
88,60.815949272466085,89.53068592057761,1.6025548825049807,69.54326692169937,52.08863162323281,10504,Armonk,Westchester County,NY,1746645.0,-0.009372547004701554,0.8545758658576741,0.3406369869543031,,0.05436781241784838,0.31096084413043934,-0.06687816200495256,-0.17401464060124344,3.3,2026-07-31
89,60.808774785472785,89.41034897713598,1.6025548825049807,66.64696852490479,54.97058104604078,07704,Fair Haven,Monmouth County,NJ,1601958.0,0.16826159602653093,0.76810549472013,0.5290482398872101,,-0.032102558719695695,0.37776451620055784,0.10212224603317566,0.08624814482822556,3.8,2026-07-31
90,60.78664886006355,89.29001203369434,1.6025548825049807,63.03563222101046,58.53766549911664,08559,Stockton,Hunterdon County,NJ,695570.0,-0.0193706766366116,-0.06614391979271694,-0.12410089825029047,,-0.5356192112463962,0.145289513597484,0.21303245652588387,-0.08546805106654505,2.2,2026-07-31
91,60.725012746653,89.16967509025271,1.6025548825049807,53.465999456142356,67.98402603716364,08740,Ocean Gate,Ocean County,NJ,452864.0,0.13752500250998914,-0.4952837020321663,-0.3194348462944081,,-0.013870476530456033,-0.15591392301320917,-0.04183973681784359,-0.06017404180061421,2.3,2026-07-31
92,60.68335622171921,89.04933814681108,1.6025548825049807,59.678888350477166,61.68782409296125,11754,Kings Park,Suffolk County,NY,764968.0,0.050979023154442166,0.028958037429321237,-0.09523924113835847,,-0.06515948192455778,0.015081181776573582,-0.03793745615793398,-0.06693031244736299,2.4,2026-07-31
93,60.667018005094064,88.92900120336944,1.6025548825049807,53.70881588682228,67.62522012336585,11961,Ridge,Suffolk County,NY,521407.0,0.07940121426801064,-0.3543459710646655,-0.1923578783851312,,0.03333947894527678,-0.20161875307990496,-0.14958969419785895,-0.029765567342259394,2.7,2026-07-31
94,60.57976323891209,88.8086642599278,1.6025548825049807,64.1479243245161,57.0116021533081,07940,Madison,Morris County,NJ,1079886.0,0.0718395002536493,0.37373492927738816,0.0009677633245033235,0.038727839246303554,-0.05661051349159085,0.25088076159159844,-0.06742811190076914,-0.02693372035763071,2.8,2026-07-31
95,60.55421814274577,88.68832731648617,1.6025548825049807,68.22034398397709,52.88809230151445,07458,Upper Saddle River,Bergen County,NJ,1666600.0,0.08627442883181083,0.8076649163864786,0.553937409688773,,0.03166339563779341,0.2613987602421476,0.17332247140119783,0.02320723685194208,3.0,2026-07-31
96,60.52995046498303,88.56799037304452,1.6025548825049807,55.78008257561176,65.2798183543543,10512,Carmel,Putnam County,NY,520032.0,0.07480676741531803,-0.3569856644999909,-0.20465751776173136,,-0.40387631049242967,-0.05707721447167652,-0.048934322125264273,-0.07515407900793543,2.5,2026-07-31
97,60.52749027627472,88.4476534296029,1.6025548825049807,55.434012674739485,65.62096787780996,11741,Holbrook,Suffolk County,NY,678810.0,0.0384369885532351,-0.09053531983605367,-0.03381905613633407,0.05030025092966445,-0.3414916507205892,-0.14375160700660444,0.0661441836108363,-0.05584748631972376,3.0,2026-07-31
98,60.45289893527957,88.32731648616125,1.6025548825049807,58.08958077460197,62.81621709595717,11795,West Islip,Suffolk County,NY,753976.0,-0.06824756898987303,0.014484931412665603,0.15029424035094685,,-0.44192655707026884,0.00859981624567363,0.11265562562110532,-0.025998274836192173,2.8,2026-07-31
99,60.44710787799936,88.20697954271961,1.6025548825049807,55.812447127641285,65.08176862835742,11751,Islip,Suffolk County,NY,671396.0,-0.037816373007183296,-0.10151732567713978,-0.0807108497882627,,-0.1386580438403897,-0.13320390618400235,-0.17288710541053476,-0.040610336262147675,2.9,2026-07-31
100,60.41440784274734,88.08664259927798,1.6025548825049807,60.40292957274181,60.425886112752856,07630,Emerson,Bergen County,NJ,811972.0,0.023664295751855496,0.08858996171585787,-0.15928769583488034,,-0.2370303899484345,0.07896662644727881,-0.03706555981087867,-0.02153663071927321,2.9,2026-07-31
101,60.37990106539793,87.96630565583634,1.6025548825049807,64.77100635522365,55.98879577557221,08720,Allenwood,Monmouth County,NJ,1033186.0,0.12584500815909508,0.3295258562962271,0.048764169660801215,,-0.3638543891813708,-0.005930461372474216,0.49439922663449565,-0.0633268198607639,2.7,2026-07-31
102,60.36559738283188,87.84596871239471,1.6025548825049807,66.2163747960352,54.51481996962857,11516,Cedarhurst,Nassau County,NY,1248848.0,0.102834817500597,0.5191009443129104,0.22913987610059827,0.0422789501971777,0.5927892713226217,-0.03564145173881972,-0.27545167846962393,0.26819789490720264,2.2,2026-07-31
103,60.35513353369099,87.72563176895306,1.6025548825049807,59.55372115216767,61.15654591521431,18336,Matamoras,Pike County,PA,307553.0,0.05342293314948812,-0.8822280021085707,-0.1581793068487105,,-0.4277973364282339,-0.16882784276198043,-0.20669345449019438,0.0931205150490471,2.2,2026-07-31
104,60.29580596677979,87.60529482551144,1.6025548825049807,54.8592856913576,65.73232624220198,07718,Belford,Monmouth County,NJ,644357.0,0.101384000369546,-0.14262262354425914,-0.2163210667526556,,-0.3006083244098765,-0.03789661212017392,-0.18758249109605885,-0.0005819877735457474,2.8,2026-07-31
105,60.292311257163846,87.48495788206979,1.6025548825049807,65.08504467494643,55.49957783938127,07640,Harrington Park,Bergen County,NJ,1010026.0,0.0711189528602926,0.30685491246257435,0.07197234962934829,,-0.16761900089594062,0.23998419621443334,0.0615835718960458,0.06589575020025533,2.9,2026-07-31
106,60.28455564510129,87.36462093862815,1.6025548825049807,61.49097674679608,59.0781345434065,07733,Holmdel Township,Monmouth County,NJ,1120866.0,0.09208327337046499,0.41098086399304457,0.4632374272188109,0.041396555618946305,0.015148516635293374,0.18196315240880245,-0.11798290295313762,0.012471558332318985,2.8,2026-07-31
107,60.276200756379595,87.24428399518652,1.6025548825049807,58.58267203819453,61.96972947456465,11510,Baldwin,Nassau County,NY,737186.0,0.01880060651003604,-0.008035851047106135,-0.051834398412553995,,-0.27937929024190145,-0.04221116493759475,0.009359560497182784,-0.008858488791643374,2.3,2026-07-31
108,60.244288360865426,87.12394705174489,1.6025548825049807,54.13024044762914,66.3583362741017,07701,Red Bank,Monmouth County,NJ,732744.0,0.09965025250364548,-0.01407979525246894,-0.29056064433459916,0.053703651285164196,-0.012597773449683602,0.02551173339074564,-0.0287007108880033,0.012271837728759658,3.1,2026-07-31
109,60.23876842194776,87.00361010830325,1.6025548825049807,56.06666588048843,64.41087096340709,07628,Dumont,Bergen County,NJ,683641.0,0.07154716308855705,-0.08344343501484452,-0.3988617731294113,0.050465091689050265,-0.19903181091335687,0.012178699800651227,-0.0016987644092996135,-0.0012219492489557587,2.2,2026-07-31
110,60.201417262166515,86.8832731648616,1.6025548825049807,54.476242801945155,65.92659172238788,07461,Sussex,Sussex County,NJ,461077.0,0.03603219359151169,-0.47731170371606346,0.1271318180686194,,-0.42870608790265696,-0.17542526287079258,-0.051275261330671285,-0.01625271608814112,2.3,2026-07-31
111,60.167236994832436,86.76293622141998,1.6025548825049807,62.039843433110555,58.294630556554324,11507,Albertson,Nassau County,NY,1096759.0,0.02806485355200508,0.3892384635418846,-0.24583576467217227,,0.010458182997788112,0.16200846992523577,-0.02393132431996925,-0.06983205051349702,2.2,2026-07-31
112,60.128857008247955,86.64259927797833,1.6025548825049807,56.76016494610757,63.49754907038834,07758,Port Monmouth,Monmouth County,NJ,638455.0,0.09734616103796015,-0.15182556398266556,-0.17402177139954667,,-0.17808878063904143,-0.09114504767194409,-0.04266671735917349,-0.03703612462904689,3.0,2026-07-31
113,60.07855959932087,86.5222623345367,1.6025548825049807,63.77765694435289,56.379462254288846,07423,Ho Ho Kus,Bergen County,NJ,1376648.0,0.11832536506752903,0.616530573498471,0.2924638128998325,,-0.18367747994135475,0.3349856874662208,-0.08904244613560586,-0.07476381290826213,3.5,2026-07-31
114,60.05380734553363,86.40192539109506,1.6025548825049807,61.27378735078091,58.83382734028635,10570,Pleasantville,Westchester County,NY,1041395.0,0.016955748547914956,0.33744037812346406,0.0068535993026692665,0.03860206228138531,-0.15533049424929257,0.2435731674020153,-0.007380156687315065,-0.0016487696263831203,2.7,2026-07-31
115,60.01154063547397,86.28158844765343,1.6025548825049807,53.71888565526318,66.30419561568476,07052,West Orange,Essex County,NJ,701211.0,0.12442297564605057,-0.058067098935085326,-0.1625371101883033,0.049237980309523685,-0.20029804683062058,0.035172220244131136,-0.027205245619839502,-0.016764717334689386,2.5,2026-07-31
116,59.881287279171175,86.16125150421179,0.8317172812764895,67.05441875134979,52.708155806992565,11545,Glen Head,Nassau County,NY,1615217.0,0.11118571099429744,0.7763487043341613,0.20822376364282214,,0.29070198283686,0.2117411746484129,-0.12174372568977532,-0.0063733450521714224,2.9,2026-07-31
117,59.8434733032489,86.04091456077015,0.8317172812764895,62.145444129680335,57.54150247681746,11718,Brightwaters,Suffolk County,NY,852003.0,0.026102548608133352,0.13671441163906195,0.193469590176921,,-0.5265237867356067,0.1357976772668985,0.3018177934271691,-0.07469236526391461,3.2,2026-07-31
118,59.8229351198675,85.92057761732852,0.8317172812764895,55.22400337804642,64.42186686168859,12563,Patterson,Putnam County,NY,485898.0,0.05296766700227665,-0.4248773189163213,-0.15999185126872106,,-0.2928136859668513,-0.17676773311495786,-0.27767297401644164,-0.2505173079051805,2.5,2026-07-31
119,59.81758254180248,85.80024067388689,0.8317172812764895,65.22533983430047,54.4098252493045,07720,Bradley Beach,Monmouth County,NJ,1139087.0,0.10763512046053095,0.4271062267408663,-0.21915059350172328,0.023615402427584798,0.5736005675886211,0.15724712119266981,0.18085684524998236,-0.020390817020197807,3.4,2026-07-31
120,59.81283841996243,85.67990373044525,0.8317172812764895,54.731401404003,64.89427543592186,08005,Barnegat,Ocean County,NJ,508616.0,0.10305684455325129,-0.37918356179810964,-0.2789251983279115,,-0.19678612608435953,-0.15298827726295328,0.004770960204050212,0.07221856477306181,2.5,2026-07-31
121,59.805029046874026,85.5595667870036,0.8317172812764895,62.80161806856116,56.80844002518688,10516,Cold Spring,Putnam County,NY,745555.0,0.02732227958073566,0.003252674313344528,0.2688257240679892,,-0.21873873666663646,0.13898495540607503,0.03763637245481277,0.027202950481433327,2.6,2026-07-31
122,59.58238655117499,85.43922984356198,0.8317172812764895,57.13262024760394,62.03215285474604,10312,New York,Richmond County,NY,769211.0,-0.044510992233795926,0.034489513438568764,0.17668765578092405,0.03557756700306297,0.048750917816323236,-0.08891469613416497,-0.1030888299012922,-0.01009597524266477,1.6,2026-07-31
123,59.56736683437286,85.31889290012033,0.8317172812764895,64.64335070073747,54.49138296800826,11960,Remsenburg,Suffolk County,NY,1849910.0,0.08604196150084356,0.9120163194593456,0.6719680909083934,,0.15133094355177934,0.09424237457740336,0.31748425505773703,-0.08513317891281842,2.7,2026-07-31
124,59.50275744875907,85.1985559566787,0.8317172812764895,58.286768132462974,60.71874676505517,11725,Commack,Suffolk County,NY,818651.0,0.028011453600289477,0.0967821440168457,0.11846414885510725,,-0.30759619275022243,0.1009000390668211,-0.002591985618565218,-0.10240767630337518,2.3,2026-07-31
125,59.41039806419874,85.07821901323706,0.8317172812764895,54.87102877093347,63.949767357464005,07439,Ogdensburg,Sussex County,NJ,437204.0,0.054769264163363834,-0.5304764786089731,-0.09479282619913931,,-0.4684138626268546,-0.14460730615618922,-0.06800555027592736,-0.012295854960552702,2.1,2026-07-31
126,59.38656346244042,84.95788206979543,0.8317172812764895,55.41653166339825,63.35659526148258,07057,Wallington,Bergen County,NJ,695631.0,0.033995097067450436,-0.06605677159967449,0.07514513576364834,0.04068248520041021,0.20245873655564028,-0.10508514824110793,-0.010302457925957853,-0.053467528765542574,2.7,2026-07-31
127,59.35378137288302,84.83754512635379,0.8317172812764895,56.02914842364004,62.678414322125995,07756,Neptune Township,Monmouth County,NJ,931703.0,0.05667752499835679,0.2261380018105399,-0.3455067913270984,0.03303627536191356,0.45555016554899086,0.20249881069431774,0.11604865901758998,-0.11250034005258121,2.1,2026-07-31
128,59.332844967323126,84.71720818291215,0.8317172812764895,55.13221484022267,63.53347509442357,07621,Bergenfield,Bergen County,NJ,650019.0,0.05173541169767085,-0.13387483318302706,-0.3737678452033517,,-0.2804985131729236,-0.007239567392096746,0.06886263078286525,-0.007475174780717089,2.4,2026-07-31
129,59.309693136396845,84.59687123947052,0.8317172812764895,59.97344081628332,58.645945456510375,08863,Fords,Middlesex County,NJ,540869.0,0.12412561784272605,-0.31769828592816296,-0.07555685505520238,,-0.34883261825148115,-0.07084327062051243,0.007360924154941273,0.021870002612930414,2.1,2026-07-31
130,59.309103438476384,84.47653429602889,0.8317172812764895,60.92278081299415,57.69542606395862,07661,River Edge,Bergen County,NJ,877678.0,0.06697657626918954,0.16640366509145998,0.1949397331168612,,-0.18141975783938702,0.1771717416565235,0.012801519196376177,0.10352419633022185,3.1,2026-07-31
131,59.266000511136326,84.35619735258724,0.8317172812764895,59.06880509828785,59.46319592398481,10980,Stony Point,Rockland County,NY,666297.0,0.08331502314326969,-0.10914074518723993,0.13181518157517935,,-0.2264172196023797,-0.1261317991087627,-0.09879897778726132,-0.11805976102070632,2.6,2026-07-31
132,59.22319291144768,84.23586040914562,0.8317172812764895,58.278874282864756,60.16751154003062,07403,Bloomingdale,Passaic County,NJ,568080.0,0.06175273403874684,-0.2686133451809507,-0.06138421585843368,,-0.3994648666345484,-0.11944288507135764,0.07657475303698291,-0.06068049914240854,2.3,2026-07-31
133,59.201375556791476,84.11552346570397,0.8317172812764895,56.51726041168102,61.88549070190192,08722,Beachwood,Ocean County,NJ,475088.0,0.13052657295139306,-0.4473759084852169,-0.12744255451748288,,-0.39761989434816347,-0.21593801107468036,0.06107939462777878,0.03344125037952876,2.2,2026-07-31
134,59.198752440161094,83.99518652226233,0.8317172812764895,57.97560691692897,60.42189796339322,07035,Lincoln Park,Morris County,NJ,549063.0,0.051506003401203065,-0.30266217531299233,-0.27291496091401335,,-0.3954902979501391,-0.04084566019694297,-0.0034554979676126862,0.0032231158360896267,2.0,2026-07-31
135,59.19571764323524,83.8748495788207,0.8317172812764895,56.32678993245873,62.06464535401176,07442,Pompton Lakes,Passaic County,NJ,566244.0,0.07509132460045045,-0.27185191778475115,-0.20177406590076785,,-0.37453122308966624,-0.05247664607271679,-0.0358535129402231,0.013944008160353058,2.6,2026-07-31
136,59.150682368102295,83.75451263537906,0.8317172812764895,61.84548079802189,56.45588393818271,07933,Gillette,Morris County,NJ,789885.0,0.0117182761399576,0.061011520022780985,-0.37084901519347113,,,0.19306154641481,,0.04897675003099371,2.5,2026-07-31
137,59.14260431545043,83.63417569193743,0.8317172812764895,55.07290271130777,63.21230591959309,11762,Massapequa Park,Nassau County,NY,823092.0,0.022396106875302385,0.10219138632513314,0.125631538128939,,-0.3101359720406969,0.029576235158128683,0.016374010645229475,-0.0441891743692044,2.3,2026-07-31
138,59.09703277527649,83.51383874849579,0.8317172812764895,63.688428849890755,54.50563670066222,07059,Warren Township,Somerset County,NJ,1158497.0,0.0985902027339364,0.4440021874991178,0.4919443247962061,0.034467085256217715,-0.19358410803815507,0.1894104825323537,-0.008706036883284085,0.029915500016972893,2.8,2026-07-31
139,59.01307730969154,83.39350180505414,0.8317172812764895,54.30078080503817,63.72537381434491,07724,Eatontown,Monmouth County,NJ,709962.0,0.10456888365928166,-0.0456648399426971,-0.34452460414062713,0.03907171250014278,0.04323477863966718,-0.049200573447522045,-0.015051693758417528,0.05153620977159461,2.8,2026-07-31
140,58.99574100460882,83.27316486161251,0.8317172812764895,54.76542031732874,63.22606169188889,11763,Medford,Suffolk County,NY,624741.0,0.06296759787234799,-0.17353950891578052,0.008532940388636945,0.05389275892571309,-0.24627819162207243,-0.2084326529249491,0.08050759230016169,-0.012239044658489198,2.9,2026-07-31
141,58.97566600233826,83.15282791817089,0.8317172812764895,54.23540954023049,63.71592246444602,07462,Vernon,Sussex County,NJ,301279.0,0.13150706716472485,-0.9028400349230594,-0.3907049219024419,,-0.7453582811303445,-0.16359300048332326,-0.15530562426415884,0.03176841756340058,1.6,2026-07-31
142,58.942865411714976,83.03249097472924,0.8317172812764895,62.94097570860872,54.94475511482124,07739,Little Silver,Monmouth County,NJ,1195269.0,0.1633513787101645,0.4752500122579715,0.15294960627226395,,-0.2876799122116698,0.3191017994142319,0.06343279445313499,0.001008061221728071,3.8,2026-07-31
143,58.84999860985259,82.91215403128761,0.8317172812764895,55.31327032483648,62.386726894868694,11436,New York,Queens County,NY,699970.0,0.04638478729808285,-0.059839331292526055,-0.06207143921035829,,0.18354677031038302,-0.25980889663611034,-0.07375919183916047,0.121454214297595,2.3,2026-07-31
144,58.83410683325858,82.79181708784597,0.8317172812764895,57.31250973331273,60.35570393320443,07009,Cedar Grove,Essex County,NJ,778140.0,-0.015590459068966916,0.04602979849441624,-0.13024262425780897,,-0.25412370435537857,0.11602477714651971,-0.028184691441280663,0.0834084365721444,2.4,2026-07-31
145,58.824138760674835,82.67148014440433,0.8317172812764895,64.92957698806416,52.718700533285514,11560,Locust Valley,Nassau County,NY,1287119.0,0.05565838293867245,0.5492850982200306,0.051728287530227846,,0.17220108811908896,0.12270653437205425,-0.07853669622895687,-0.057692432757864245,2.9,2026-07-31
146,58.816795341552776,82.5511432009627,0.8317172812764895,57.36964302567531,60.26394765743025,07470,Wayne,Passaic County,NJ,762952.0,0.07170327788410127,0.026319102708464825,0.2447155011740918,0.03988110966220931,-0.28322790037500245,0.07808158704664048,-0.014223863895669098,-0.026143098800334122,2.6,2026-07-31
147,58.814001719275524,82.43080625752106,0.8317172812764895,54.301338328268166,63.32666511028289,10913,Blauvelt,Rockland County,NY,816271.0,0.007615332201523023,0.09387004325518866,0.07873756217948547,,-0.3516969882794705,0.045382182342431965,-0.08348813140888112,-0.027136679502653485,2.7,2026-07-31
148,58.77895033734412,82.31046931407943,0.8317172812764895,63.114348529770545,54.443552144917696,10282,New York,New York County,NY,2207793.0,0.10067841129754598,1.0888726250424359,0.3834425884634367,0.04193870738031331,0.28866457160261016,0.3459209197185986,-0.23118621328872813,-0.006478936098148494,2.5,2026-07-31
149,58.740070866254335,82.19013237063778,0.8317172812764895,60.181073281554596,57.299068450954074,11021,Great Neck,Nassau County,NY,1122444.0,0.022101413087931482,0.41238746674317817,0.013105425476313215,0.045436568323083924,0.3442377561707797,0.1684060399360373,-0.072578583923816,0.00665226371118903,2.4,2026-07-31
150,58.72852261972973,82.06979542719614,0.8317172812764895,64.47816049769966,52.9788847417598,07641,Haworth,Bergen County,NJ,1253595.0,0.17968509436266125,0.5228946250626123,0.2899300096518207,,-0.22291659855466794,0.23711707715956098,0.05157342480680249,-0.02503924977568213,3.1,2026-07-31
151,58.715091696120865,81.94945848375451,0.8317172812764895,57.76226132844382,59.66792206379792,07646,New Milford,Bergen County,NJ,747054.0,0.07439949049282682,0.005261852870846795,-0.1458579330584655,,-0.01744772756440871,-0.016419070295817295,-0.03416744522672133,0.010403203584943108,2.3,2026-07-31
152,58.68660389024275,81.82912154031288,0.8317172812764895,66.15359610579212,51.21961167469339,11932,Bridgehampton,Suffolk County,NY,4746937.0,0.10183761455317822,1.8543786443294188,0.5761582812541022,,1.418467045957384,0.1596003345866881,0.2907097196931918,-0.314560168753849,2.0,2026-07-31
153,58.62383785543925,81.70878459687124,0.8317172812764895,61.443221493723065,55.80445421715544,11739,Great River,Suffolk County,NY,1074948.0,0.1938938439540351,0.36915122790647636,0.33162047372290004,,-0.01120071911000875,0.1284856503702576,-0.16625723980187956,0.3562947969996338,3.7,2026-07-31
154,58.61563768255549,81.58844765342961,0.8317172812764895,54.53176327838057,62.699512086730394,07737,Leonardo,Monmouth County,NJ,677484.0,0.13824756152397058,-0.09249022331635359,-0.2243771503238321,,-0.30799244885598154,0.040620232255103916,0.0021967077608771035,-0.029768098926942613,3.0,2026-07-31
155,58.60056041006141,81.46811070998797,0.8317172812764895,53.51665856596238,63.684462254160444,10579,Putnam Valley,Putnam County,NY,636616.0,0.06508036269006326,-0.15470942366369833,-0.07627641653195028,,-0.3200352046755548,0.0062605192166090284,-0.0336552378312458,-0.017178736504152872,3.0,2026-07-31
156,58.58863334077127,81.34777376654633,0.8317172812764895,56.23866589412063,60.93860078742191,10509,Brewster,Putnam County,NY,540585.0,0.04241279924151656,-0.3182251003019445,-0.25025398010104105,,-0.3576966820252985,-0.05631514110606395,-0.12029534463420433,0.03401034248083183,2.6,2026-07-31
157,58.5551055381865,81.2274368231047,0.8317172812764895,58.662572091238786,58.44763898513422,11803,Plainview,Nassau County,NY,991049.0,0.07030816492183903,0.287887663685229,0.06649129515110275,0.0614500466737247,-0.22470898119006688,0.17700366666265321,0.009049311801341275,0.013509399835484978,2.2,2026-07-31
158,58.55357305016285,81.10709987966305,0.8317172812764895,59.811391441221495,57.29575465910421,10964,Palisades,Rockland County,NY,969144.0,0.06980473592759964,0.2655369901871474,-0.0656968708608634,,-0.24643017025777003,0.1146536876151778,-0.16408441203065394,-0.05011415261323711,3.0,2026-07-31
159,58.55148005436089,80.98676293622142,0.8317172812764895,57.93928145550831,59.163678653213466,11941,Eastport,Suffolk County,NY,825759.0,0.016557902909858063,0.10542678716707776,-0.215280394613103,,0.008420250132698426,-0.06868636658269467,-0.22612291133218143,0.32196599501768947,2.7,2026-07-31
160,58.532582689848,80.86642599277978,0.8317172812764895,61.03029018286896,56.03487519682703,11767,Nesconset,Suffolk County,NY,789984.0,0.0665858741297182,0.06113612358492837,0.08727283875123248,,-0.24794688937124332,0.023980665195450723,0.04041296653158,-0.11288865586221215,2.6,2026-07-31
161,58.48643653732228,80.74608904933814,0.8317172812764895,53.788763000257426,63.184110074387135,10548,Montrose,Westchester County,NY,657941.0,0.041506543943456015,-0.12176123236882042,0.06109507738431752,,-0.3582521150613538,-0.06616405621597976,0.23151876267563942,-0.11988593533097776,4.1,2026-07-31
162,58.48442842092915,80.62575210589651,0.8317172812764895,55.451633559737324,61.51722328212098,10965,Pearl River,Rockland County,NY,727299.0,0.04898140983698199,-0.02153826320479091,-0.16740187259612327,0.04509835913883736,-0.18807086288778163,0.012466456233428791,-0.05517667023766748,0.01377386043270716,2.5,2026-07-31
163,58.481348835425095,80.50541516245488,0.8317172812764895,68.04412374891591,48.918573921934275,11020,Great Neck,Nassau County,NY,1636312.0,0.12476050685851661,0.7893237620623346,0.49334252557909863,,0.39170097898286005,0.13104134691056446,-0.176766946585996,-0.10016805309334016,2.3,2026-07-31
164,58.443447874936986,80.38507821901324,0.8317172812764895,63.14399955051907,53.7428961993549,07401,Allendale,Bergen County,NJ,1130097.0,0.0697738048107567,0.41918298684099753,0.01872050877775777,,0.06425404825398817,0.23419439920953256,-0.2964768147751897,0.1104633448503443,2.8,2026-07-31
165,58.3648826676574,80.26474127557161,0.8317172812764895,61.227021805086025,55.50274353022876,10984,Thiells,Rockland County,NY,770018.0,0.1865900237755639,0.035538261059594234,0.2165140144822466,,-0.04105940434357902,-0.15851498717120954,-0.28022376953462924,-0.06278108933576805,2.9,2026-07-31
166,58.3428739974632,80.14440433212997,0.8317172812764895,57.38934591064944,59.29640208427697,11949,Manorville,Suffolk County,NY,726825.0,0.12970891552356037,-0.02218990307133417,0.09135607248016697,0.0371973788892558,-0.2344280755588024,-0.1436050268499599,0.1327140031389895,-0.016551374581417824,2.5,2026-07-31
167,58.30262132137079,80.02406738868832,0.8317172812764895,65.0095480394422,51.5956946032994,11804,Old Bethpage,Nassau County,NY,1035707.0,0.09385012895225878,0.3319631249638313,0.15454108347535467,,-0.19626946228780473,0.17087043763706367,0.29139340999035745,-0.13084470536774412,2.4,2026-07-31
168,58.298440122316535,79.9037304452467,0.8317172812764895,55.90418587118731,60.69269437344577,07826,Branchville,Sussex County,NJ,465172.0,0.0006159845920134244,-0.46846822960420553,0.21443210240441246,,-0.5059434863004075,-0.1130393465413575,0.0833546612546403,-0.02038589884631721,2.5,2026-07-31
169,58.259960169253446,79.78339350180505,0.8317172812764895,55.84213562166751,60.677784716839376,10541,Mahopac,Putnam County,NY,639735.0,0.04432786496396482,-0.14982199711614363,-0.070648803368897,,-0.36027986705865733,-0.03179495065305632,0.026018857001501416,-0.030649204146200495,2.7,2026-07-31
170,58.247418897240166,79.66305655836342,0.8317172812764895,60.97900169899796,55.51583609548237,08733,Lakehurst,Ocean County,NJ,371578.0,0.07949624014195181,-0.6931184322960107,-0.3508946681167924,,-0.42329765392764007,-0.31897812996265984,-0.007838559514375731,0.1029739526639271,2.4,2026-07-31
171,58.21041322849334,79.5427196149218,0.8317172812764895,59.12011253888655,57.30071391810012,10920,Congers,Rockland County,NY,679298.0,-0.025761446655538117,-0.08981621792424832,-0.024482324558915636,,-0.34919581523214593,0.0747046795680103,-0.041186543492528926,-0.12436666353973687,2.5,2026-07-31
172,58.17363199223908,79.42238267148014,0.8317172812764895,59.325435935239604,57.021828049238565,07738,Lincroft,Monmouth County,NJ,1055659.0,0.09593577213739515,0.3510444421620633,0.07601379777801931,,-0.1694457084831591,0.16156601356310218,-0.016977494933566817,0.10372437649303672,2.4,2026-07-31
173,58.143629876250316,79.30204572803851,0.8317172812764895,55.83982522401656,60.44743452848408,08050,Manahawkin,Ocean County,NJ,605126.0,0.11658334220362612,-0.205438704730998,-0.15249036176574826,0.05155946924390858,-0.2349750199825842,-0.09297750783248698,0.10380712159647487,0.0329078698962955,2.7,2026-07-31
174,58.11536999537836,79.18170878459688,0.8317172812764895,60.85094932711135,55.37979066364536,07043,Montclair,Essex County,NJ,1427857.0,0.18301672882764955,0.6530534788264468,0.6654603966904808,,-0.14715457461337889,0.34779914597335815,-0.03631022832431441,0.03977011716541794,3.1,2026-07-31
175,58.10833383610782,79.06137184115524,0.8317172812764895,55.24607043969729,60.970597232518344,07416,Franklin,Sussex County,NJ,380608.0,0.03983586709002687,-0.6691050167264425,-0.22063029881632445,,-0.4909620671626709,-0.2787154716548418,0.08886749048441267,0.02026522916842248,2.1,2026-07-31
176,58.09581694830471,78.9410348977136,0.8317172812764895,56.348845986864504,59.842787909744914,10607,White Plains,Westchester County,NY,852476.0,0.057917589097242234,0.13726867611112326,-0.0463092152362794,,-0.2690212984782143,0.011769546863467761,-0.018130807828324436,-0.0947564003976848,3.0,2026-07-31
177,58.060073036389724,78.82069795427196,0.8317172812764895,53.56387744419532,62.556268628584135,11730,East Islip,Suffolk County,NY,736563.0,-0.0005384632143773105,-0.008881371028765628,0.02704659147216404,,-0.2688447214737437,-0.061034359160494156,-0.06073471811586906,0.03511187638352302,3.1,2026-07-31
178,58.05861210537425,78.70036101083032,0.8317172812764895,62.852777416477615,53.26444679427088,10528,Harrison,Westchester County,NY,1496329.0,0.12346164887557123,0.6998936893876824,0.1978259783787042,0.036615394072284604,0.38150029463732227,0.11372536279166845,0.08607098109014011,0.050632183777853876,3.3,2026-07-31
179,58.00813841237107,78.58002406738869,0.8317172812764895,56.402818638913246,59.6134581858289,07016,Cranford,Union County,NJ,786111.0,-0.00020276722544351755,0.056221940885816224,0.1064222880426069,0.04453508372896954,-0.2721976986600627,0.1712063760697068,-0.04735812383927751,0.01500561975720087,2.6,2026-07-31
180,58.00376710654473,78.45968712394705,0.8317172812764895,54.621825920036,61.385708293053455,11778,Rocky Point,Suffolk County,NY,558708.0,0.03664757458763504,-0.28524851073766655,-0.15539146908235857,,-0.4030395656029804,-0.12281977434957342,0.025039383666822346,0.008469765751176347,2.5,2026-07-31
181,57.96268754447445,78.33935018050542,0.8317172812764895,58.984117986269936,56.94125710267897,11570,Rockville Centre,Nassau County,NY,987962.0,-0.0008458946805159628,0.2847679269521137,0.27906159595965363,0.042086643760052625,-0.05125869196820898,0.130000589798131,0.06300922326142455,0.005767084219052074,1.9,2026-07-31
182,57.943296910111954,78.21901323706378,0.8317172812764895,66.23823121220262,49.64836260802128,08738,Mantoloking,Ocean County,NJ,2232332.0,0.17339811085507897,1.0999260189709403,0.9096316875121762,,0.2997179655311146,0.21649899887819535,0.6906840329106121,-0.09182832999297803,2.9,2026-07-31
183,57.8929551256344,78.09867629362213,0.8317172812764895,60.04606676528864,55.73984348598017,07023,Fanwood,Union County,NJ,818392.0,0.07139278077915137,0.09646545563642661,0.007829211534172487,,-0.457986385969549,0.23951597866132746,0.047952316960245156,0.09177643887401414,2.6,2026-07-31
184,57.85163616202872,77.9783393501805,0.8317172812764895,63.658572480107075,52.04469984395036,07624,Closter,Bergen County,NJ,1225881.0,0.12152645130456677,0.5005388356147034,0.11138994623947518,,-0.027693751636932662,0.17221897019711507,0.07411406150144728,-0.045777256232853517,3.2,2026-07-31
185,57.831933856212686,77.85800240673886,0.8317172812764895,65.58455756042342,50.07931015200195,07078,Short Hills,Essex County,NJ,2412277.0,0.1623208143260463,1.1774502539571028,0.9902153582726836,0.03579467115202094,0.3772422005172771,0.43664187642548813,-0.23118621328872813,0.04337856753828566,2.6,2026-07-31
186,57.798456180266896,77.73766546329723,0.8317172812764895,54.19127224147028,61.40564011906352,11742,Holtsville,Suffolk County,NY,660320.0,0.050442676462444075,-0.11815128773097427,-0.018811849732538022,,-0.22650332153574415,-0.1296232175987616,-0.07492937710999925,0.0031640551955603308,2.6,2026-07-31
187,57.7970691991256,77.6173285198556,0.8317172812764895,58.2226513324345,57.37148706581671,11787,Smithtown,Suffolk County,NY,826083.0,0.06202339209938082,0.1058193491753947,0.11570333198410587,,-0.13647446106837013,0.0383620416387922,-0.12161702268142172,-0.06636183453163165,2.5,2026-07-31
188,57.79689391790361,77.49699157641395,0.8317172812764895,63.705338509357226,51.888449326449994,11965,Shelter Island,Suffolk County,NY,2079927.0,0.13842349753800712,1.0292118305956937,0.1360232476407095,,,0.3469435518068825,,-0.21456053509886058,2.9,2026-07-31
189,57.78475910201232,77.37665463297232,0.8317172812764895,56.446662181917716,59.12285602210693,11731,East Northport,Suffolk County,NY,779556.0,0.10417616988634074,0.04784881179697642,-0.06031660645406767,0.036174420414238864,-0.31311822863491234,0.040991622670557226,0.0584008740681945,-0.0033598201797510746,2.5,2026-07-31
190,57.75893808975975,77.25631768953069,0.8317172812764895,56.55339125076265,58.96448492875685,10466,New York,Bronx County,NY,679970.0,-0.05176122117751944,-0.08882762225278462,0.1271995305115965,0.056785844686397156,0.44324430744708176,-0.22698621128027785,-0.10919729821051227,-0.0010159462745240183,2.6,2026-07-31
191,57.738018114628446,77.13598074608905,0.8317172812764895,60.394063560079225,55.081972669177674,11777,Port Jefferson,Suffolk County,NY,800022.0,-0.011371997265607087,0.07376264768242535,0.13662664518045986,0.0516207669776622,-0.21897679413158966,0.18924873766045547,0.03627924321276055,0.07196817995615871,2.5,2026-07-31
192,57.72346149482349,77.01564380264742,0.8317172812764895,63.50919158341096,51.93773140623602,07650,Palisades Park,Bergen County,NJ,1012589.0,0.09332975722667172,0.30938925950589535,0.4250820248925624,0.03170119289188524,0.4794781613149073,0.019047601781496115,0.09687757800852026,-0.05276216431703036,2.5,2026-07-31
193,57.715908764032974,76.89530685920577,0.8317172812764895,49.07804109465848,66.35377643340748,10931,Hillburn,Rockland County,NY,517857.0,0.011952727491559761,-0.361176101766862,-0.583973866759365,,-0.06314779436486373,-0.23438187876477923,-0.05422183993618823,0.17113145567340854,2.3,2026-07-31
194,57.680331032422615,76.77496991576413,0.8317172812764895,59.91174819598909,55.44891386885613,07432,Midland Park,Bergen County,NJ,765589.0,0.041117403366581234,0.02976963450346659,-0.28336747080156677,,-0.23832386982103704,0.0845960604517576,-0.03896433767065233,0.05010128559293596,2.6,2026-07-31
195,57.64686778044525,76.6546329723225,0.8317172812764895,57.66691353106529,57.626822029825206,08887,Branchburg Township,Hunterdon County,NJ,350495.0,0.25516850915594735,-0.7515296752666671,-0.7238987710558202,,-0.7246710817831457,-0.0922490142439591,-0.11856666888855116,0.0666609331602122,2.3,2026-07-31
196,57.620544152498674,76.53429602888086,0.8317172812764895,59.89989467440427,55.341193630593075,07645,Montvale,Bergen County,NJ,947320.0,0.03948432619337652,0.24276092006124728,0.0007570539784023111,,-0.21927586100358742,0.05931264874199904,-0.0363367845322049,0.06220981880021119,2.6,2026-07-31
197,57.583189263180444,76.41395908543923,0.8317172812764895,58.817892357268065,56.348486169092816,07042,Montclair,Essex County,NJ,961161.0,0.022407990313370624,0.257265348174359,0.1890167343096376,0.03685691700750333,0.16758253394418499,0.1973247177162557,-0.10891192311928499,0.03360008375290162,3.1,2026-07-31
198,57.57352313680349,76.2936221419976,0.8317172812764895,55.77448437004613,59.372561903560836,08801,Annandale,Hunterdon County,NJ,632361.0,0.0044863892792438576,-0.16141546484912794,-0.013062514035047101,,-0.44971998476289987,0.1598459559955937,-0.0668350139225673,0.01651058212655014,2.5,2026-07-31
199,57.53596155557619,76.17328519855594,0.8317172812764895,58.898710731130066,56.17321238002233,07730,Hazlet Township,Monmouth County,NJ,635307.0,0.07002902704499761,-0.15676722596076687,0.0030027154196030637,0.05661196497717688,-0.26652444961751454,-0.1745045828613005,-0.02366344948184107,0.10327828218020789,2.7,2026-07-31
200,57.4589301421785,76.05294825511432,0.8317172812764895,56.19879957522909,58.719060709127916,10598,Yorktown Heights,Westchester County,NY,742477.0,0.03502499940493778,-0.0008839912384992488,-0.07610183482519517,,-0.4362253870003745,0.08420888366680901,0.06913300930356314,-0.06904350058731064,2.8,2026-07-31
201,57.43516542728865,75.93261131167269,0.8317172812764895,62.87419749932602,51.99613335525128,07750,Monmouth Beach,Monmouth County,NJ,1164499.0,0.1122966622503764,0.4491699608666231,0.12426154974177983,0.03303996216018657,0.15853898261802857,0.18485073289163367,-0.13128391475558487,-0.061837616309296364,2.6,2026-07-31
202,57.434121035598764,75.81227436823104,0.8317172812764895,59.54983589387041,55.31840617732713,08535,Millstone Township,Monmouth County,NJ,966233.0,0.07857218778986699,0.2625286489057448,0.3542670087505062,,-0.36204501189655613,0.007102576577167341,-0.0639374890170874,-0.07181233493715729,2.6,2026-07-31
203,57.42978903048473,75.69193742478942,0.8317172812764895,57.750299239895554,57.10927882107389,07006,West Caldwell,Essex County,NJ,861915.0,0.04305237299587575,0.14828041586749663,-0.0467040882268126,0.03889594866693971,-0.13509335521504195,0.16175611159332226,-0.07796846367277865,0.0049722043138092226,2.7,2026-07-31
204,57.42785780833219,75.57160048134777,0.8317172812764895,54.24012421416381,60.61559140250058,07836,Flanders,Morris County,NJ,675015.0,0.01667366380491267,-0.09614058694091732,0.14558496661477704,0.03770481493448465,-0.39820487642993574,0.028736857023182294,-0.01427668701984608,-0.06966277558997698,2.4,2026-07-31
205,57.42235912202663,75.45126353790613,0.8317172812764895,61.92850961200733,52.91620863204592,07028,Glen Ridge,Essex County,NJ,1194061.0,0.05727015829946894,0.47423923606750584,0.6088442310237525,,-0.3153527075997744,0.3227483835679541,-0.011756030063908796,-0.004687391706233959,3.1,2026-07-31
206,57.38201546112709,75.3309265944645,0.8317172812764895,58.07370404636805,56.69032687588613,07716,Atlantic Highlands,Monmouth County,NJ,853221.0,0.08337714076533445,0.1381419798127972,-0.0710507490149439,0.04013029984055821,0.018437427091552605,-0.017820755905127272,0.08557649003397039,0.03647130951170778,3.2,2026-07-31
207,57.34070825244845,75.21058965102286,0.8317172812764895,50.10587941187746,64.57553709301945,11575,Roosevelt,Nassau County,NY,659034.0,0.0707039395524344,-0.12010106197169002,-0.2261293266129787,,-0.23628416385782924,-0.19892239511169602,0.10005343532625588,-0.06862905921819058,2.6,2026-07-31
208,57.323217514921815,75.09025270758123,0.8317172812764895,55.55988585801428,59.08654917182935,11418,New York,Queens County,NY,761379.0,-0.10601536188831914,0.024255699183424184,0.22755826544731228,0.04452444658210027,0.24397106042281957,-0.1619288627541548,0.03740887822656802,-0.011296649241511594,1.8,2026-07-31
209,57.3231257042107,74.9699157641396,0.8317172812764895,53.01526562783392,61.63098578058749,11766,Mount Sinai,Suffolk County,NY,774401.0,0.04913033313204487,0.04121394152153002,0.18833140130531412,,-0.2695018848076629,0.0127440842151888,-0.08993851996881297,-0.06229242518737595,2.4,2026-07-31
210,57.30276756781127,74.84957882069796,0.8317172812764895,57.369012683534315,57.236522452088224,07981,Whippany,Morris County,NJ,764723.0,0.00976836243608084,0.028636914268235003,-0.07424194575867205,,-0.2600279275369879,0.06329138927133415,0.00047792083928932527,0.009403551854676714,2.2,2026-07-31
211,57.25058441888634,74.72924187725631,0.8317172812764895,60.2797159080589,54.221452929713784,08828,Helmetta,Middlesex County,NJ,434055.0,0.03203917031651607,-0.5377060122962245,-0.33585540959943216,,-0.4110840319545137,-0.08563385829861747,-0.16975279168701896,0.07049113034946623,1.7,2026-07-31
212,57.20336113555415,74.60890493381469,0.8317172812764895,58.5006238653333,55.90609840577498,11579,Sea Cliff,Nassau County,NY,1144940.0,0.07263681767364219,0.43223107539268923,-0.2524365760510978,,-0.11225458080874806,0.12241409872314024,0.13591831855100267,-0.09709979426800137,2.7,2026-07-31
213,57.19944752242424,74.48856799037304,0.8317172812764895,62.01780081990177,52.3810942249467,10804,New Rochelle,Westchester County,NY,1277528.0,0.15286591337964275,0.5418062891621975,0.2954832360876569,,-0.2584017642776282,0.36187127641202643,0.08409855699031077,-0.009970430848546832,3.5,2026-07-31
214,57.1940198582122,74.36823104693141,0.8317172812764895,51.42636332658069,62.9616763898437,07740,Long Branch,Monmouth County,NJ,835841.0,0.09193780316096536,0.117561856636895,-0.4033897662174244,0.039376826439545605,0.45841840812201684,-0.12979057823829643,0.05283826850939022,0.0023194369469321935,2.8,2026-07-31
215,57.123745083366146,74.24789410348977,0.8317172812764895,54.53174968985138,59.71574047688092,11789,Sound Beach,Suffolk County,NY,535124.0,0.025339227510436407,-0.3283776636456146,-0.1810338632768964,,-0.4863405559397702,-0.027886244693685003,0.02255105611987851,-0.02713152633770806,2.5,2026-07-31
216,57.07006404769457,74.12755716004813,0.8317172812764895,57.611058477100244,56.529069618288894,11746,South Huntington,Suffolk County,NY,798482.0,0.07764828179127684,0.07183616021479189,-0.107097456729079,0.04992807536751549,-0.31035843270504526,-0.009530632113314452,0.1138590821585801,-0.05935582733595064,2.4,2026-07-31
217,57.02444335325504,74.0072202166065,0.8317172812764895,59.31453196743141,54.73435473907866,07830,Califon,Hunterdon County,NJ,783340.0,0.02799444704077772,0.05269018018595517,0.1554829154012598,,-0.4237319726251638,0.1731298176483208,0.06585840505488427,0.09673505088412009,2.6,2026-07-31
218,57.01658993443846,73.88688327316486,0.8317172812764895,52.906849559933335,61.12633030894358,07921,Bedminster,Somerset County,NJ,524551.0,0.07916393633378363,-0.3483330983828843,-0.4630034457355343,0.06646443290885448,-0.44010576053834893,0.1405377585864679,-0.17389973118630841,-0.03854169642065104,2.1,2026-07-31
219,57.00429622700328,73.76654632972323,0.8317172812764895,56.58388936214842,57.424703091858134,11204,New York,Kings County,NY,1272714.0,-0.003870367355813892,0.5380309921285953,0.2701548966078935,0.02363190651061467,1.0182633079046581,-0.19044756931305218,0.037793242533640026,0.03389046278738332,2.6,2026-07-31
220,56.97655546890459,73.6462093862816,0.8317172812764895,63.168394223470216,50.78471671433897,11363,New York,Queens County,NY,1129137.0,-0.043718317078389995,0.41833243438657597,0.20630567238971587,0.0317915450873237,0.311155568698118,0.07043795753929893,-0.01806110114686632,0.007373915664390204,2.1,2026-07-31
221,56.97574311668862,73.52587244283995,0.8317172812764895,63.04165343216429,50.90983280121295,07723,Deal,Monmouth County,NJ,4524126.0,0.2918855243384296,1.8063035152395877,1.436802181739834,,1.4523865644201812,-0.1546110835161052,0.6616169000014924,-0.024239992572143,3.7,2026-07-31
222,56.97087803864006,73.40553549939831,0.8317172812764895,56.5054419920479,57.43631408523222,10567,Cortlandt Manor,Westchester County,NY,710809.0,0.004415280440359132,-0.044472501328169045,0.12353385833535668,,-0.2943752520223637,0.028120256239400843,-0.1632177258437313,-0.03874916928770285,3.3,2026-07-31
223,56.91747461569884,73.28519855595668,0.8317172812764895,57.90507487774278,55.92987435365491,10707,Tuckahoe,Westchester County,NY,921436.0,-0.11423113888594791,0.2150568043454708,0.04405829030007169,0.036912505064943486,0.06144464371749225,0.13529195437471742,-0.09589588208089772,-0.04143118589660029,2.3,2026-07-31
224,56.909784886302674,73.16486161251504,0.8317172812764895,56.726074506222716,57.09349526638263,11952,Mattituck,Suffolk County,NY,1020621.0,0.03066234156394501,0.31729069167420576,-0.25560268735753233,,0.2498981503236919,-0.022667483071728445,0.03521819786237934,-0.1578977070389837,2.7,2026-07-31
225,56.878901555106836,73.04452466907341,0.8317172812764895,57.41802575537424,56.33977735483944,10605,White Plains,Westchester County,NY,1021141.0,0.05181235061963854,0.31779957238416934,-0.047976309633599,0.038206808718057934,0.03523094351981437,0.1855937904571211,0.011363184026413009,0.1028725182361259,2.6,2026-07-31
226,56.77830707129721,72.92418772563177,0.8317172812764895,54.83106199761776,58.72555214497667,07702,Shrewsbury,Monmouth County,NJ,1005838.0,0.12244936322680858,0.3027004666876838,-0.058145140089980174,,-0.16319381033560565,0.16786514229369043,0.13186806939472007,0.0378807127309531,3.1,2026-07-31
227,56.73637536511882,72.80385078219012,0.8317172812764895,59.82193437172158,53.65081635851605,07980,Stirling,Morris County,NJ,770320.0,0.03152978402135567,0.03592995871656868,-0.3647401424907972,,-0.33628726594080516,0.15290107063568847,0.052904186584921575,-0.2642386244259513,2.4,2026-07-31
228,56.70766178203918,72.6835138387485,0.8317172812764895,60.28697173047749,53.12835183360088,11724,Cold Spring Harbor,Suffolk County,NY,1790690.0,-0.04236777074345674,0.87948019739855,0.4370158769495145,,0.07927214395872428,0.3034692382263474,-0.23118621328872813,-0.03480427975314955,3.3,2026-07-31
229,56.70160744399861,72.56317689530685,0.8317172812764895,57.91763439179586,55.48558049620136,11721,Centerport,Suffolk County,NY,922785.0,0.009569524828778958,0.21652044417777105,-0.09399288598307187,,-0.3463346370335778,0.2231511471897356,0.09726770310477661,-0.04187687374675848,2.8,2026-07-31
230,56.62789677862396,72.44283995186522,0.8317172812764895,55.34051432883695,57.91527922841097,07865,Port Murray,Hunterdon County,NJ,517663.0,-0.00021849072517063362,-0.3615521289219057,-0.01694510580832187,,-0.32294487576594944,-0.027600222736892055,-0.3627514149530633,0.18383861812711394,2.3,2026-07-31
231,56.603320541082994,72.3225030084236,0.8317172812764895,51.57359939715946,61.63304168500653,11720,Centereach,Suffolk County,NY,666661.0,0.07974770109854426,-0.10859469825710732,-0.04098017762472317,0.0748706494753554,-0.2918567711496085,-0.12389132737321779,-0.023048342023281876,-0.024643868928229742,2.8,2026-07-31
232,56.586536343451314,72.20216606498195,0.8317172812764895,59.5749384455557,53.598134241346926,11732,East Norwich,Nassau County,NY,1035962.0,0.018698650985110282,0.3322098512859526,-0.32160195711832884,,0.04975533667694054,0.16790395341244535,-0.006833593817153982,-0.1678472718795631,2.6,2026-07-31
233,56.578899983016825,72.08182912154031,0.8317172812764895,57.2034966914517,55.95430327458195,11566,Merrick,Nassau County,NY,905655.0,0.013176911784063355,0.19778197927578134,0.17052724779692774,,-0.25755711699267114,0.11515800465394277,-0.08068542456415351,-0.021304770454775926,2.1,2026-07-31
234,56.578434419187346,71.96149217809868,0.8317172812764895,51.141251507716426,62.015617330658266,10523,Elmsford,Westchester County,NY,717407.0,-0.002732013796781979,-0.035233150635637145,-0.15502545896393372,,-0.08836590312493553,0.00981871934143308,-0.07009366958470942,0.08806990615085679,2.9,2026-07-31
235,56.57685927012072,71.84115523465704,0.8317172812764895,64.54209629233495,48.611622247906496,08730,Brielle,Monmouth County,NJ,1328666.0,0.23025926047997416,0.5810542660801268,0.1404333790990684,,0.15336422060077903,0.1773791670302336,-0.025459052798614934,-0.007368166212719365,3.3,2026-07-31
236,56.55383341019285,71.72081829121541,0.8317172812764895,60.37939668893908,52.72827013144662,11740,Greenlawn,Suffolk County,NY,845101.0,0.06818694716096588,0.12857940944070378,-0.15038393617557944,,-0.17658050166064965,0.051441239911128034,-0.029291997635246148,-0.03551782921336662,2.4,2026-07-31
237,56.53817547114671,71.60048134777377,0.8317172812764895,60.226249792885625,52.85010114940779,08006,Barnegat Light,Ocean County,NJ,1721061.0,0.1528647676013403,0.8398200300694221,0.9908389671135396,,0.7294327092850892,0.24200998152677755,0.28994076545454917,0.047598661418369034,2.6,2026-07-31
238,56.53428596424513,71.48014440433214,0.8317172812764895,63.205884404960464,49.862687523529786,11978,Westhampton Beach,Suffolk County,NY,1655284.0,0.05769023814053256,0.8008517997274787,0.4358726105244699,,0.6923639511738162,0.08420141654520419,-0.04573624099278639,-0.005474997641104998,2.3,2026-07-31
239,56.512545283653125,71.3598074608905,0.8317172812764895,53.04981924063924,59.97527132666701,07503,Paterson,Passaic County,NJ,564711.0,0.1314359319551265,-0.2745616084740483,0.005511666326569298,0.04723829874986825,0.34499448376501074,-0.3162686438628093,0.03063223123616865,0.06914871944268546,2.6,2026-07-31
240,56.48335652240485,71.23947051744885,0.8317172812764895,62.14972318737932,50.816989857430364,11771,Oyster Bay,Nassau County,NY,1349672.0,0.10444407058609287,0.5967410438845331,0.036394356847486264,,0.25589033583373566,0.0912332659241828,0.031163487225116526,-0.0220311838704121,3.0,2026-07-31
241,56.445046215803444,71.11913357400722,0.8317172812764895,56.50343639787943,56.386656033727455,11948,Laurel,Suffolk County,NY,1035706.0,0.02354279593996403,0.33196205192108685,-0.23370679943067785,,0.05332106278199222,-0.04280232323311017,,0.0895620301460716,2.7,2026-07-31
242,56.441419833222895,70.99879663056558,0.8317172812764895,57.79805226959761,55.08478739684817,11547,Glenwood Landing,Nassau County,NY,998799.0,0.10625168491332673,0.2956775698183929,-0.3866407687150062,,0.45287795197463754,0.2660934709568017,-0.0595150290201385,0.23129830682494862,2.1,2026-07-31
243,56.436859691718574,70.87845968712395,0.8317172812764895,63.64084140394783,49.23287797948932,07976,New Vernon,Morris County,NJ,2108860.0,0.07411795680764258,1.043026537546945,0.7688052051141643,,0.2520771769645058,0.23863607725736968,0.7331400129476027,-0.7242131382024881,2.9,2026-07-31
244,56.436009128671,70.7581227436823,0.8317172812764895,58.63025028560469,54.24176797173732,10597,Waccabuc,Westchester County,NY,1659063.0,-0.21605736930470484,0.8031321727302121,0.5407755776779286,,0.02373100667193806,0.19200894802050417,-0.20139871708578028,-0.47719240479628117,3.9,2026-07-31
245,56.42966300792705,70.63778580024066,0.8317172812764895,60.10661833823243,52.75270767762166,11791,Syosset,Nassau County,NY,1222600.0,0.05857336147998318,0.4978591955030023,-0.09333146849165708,0.05152950804901426,-0.09390270948350765,0.21303821737870332,-0.08109454832631258,-0.06671236124843612,2.8,2026-07-31
246,56.386905708058535,70.51744885679904,0.8317172812764895,56.1789319247608,56.594879491356274,10708,Bronxville,Westchester County,NY,980539.0,-0.06642214928945264,0.27722589779286366,0.2609199344837574,0.052369173336192565,0.15948233156985903,0.15623027144415447,-0.140893383635591,0.01484173606277421,2.7,2026-07-31
247,56.369266832572634,70.3971119133574,0.8317172812764895,57.20102023571726,55.53751342942802,08555,Roosevelt,Monmouth County,NJ,509901.0,0.06205718125138518,-0.37665894454525883,-0.3934688444169314,,-0.35588244592325435,-0.05997021649302442,-0.18994746527213202,0.10571747036835726,2.9,2026-07-31
248,56.36415343365972,70.27677496991576,0.8317172812764895,57.051991614560514,55.676315252758926,07648,Norwood,Bergen County,NJ,927081.0,0.01468383622165384,0.22116464588988904,-0.1940829306460774,,-0.24110770643634116,0.11534465858931997,0.14668395671442624,-0.13267130553804546,2.6,2026-07-31
249,56.353054212695724,70.15643802647413,0.8317172812764895,55.75759249165807,56.94851593373337,11964,Shelter Island,Suffolk County,NY,1794059.0,0.11329527112623197,0.8813599120569222,-0.15972494197869302,,0.7001607818887752,0.11795094640978276,0.2552282680326794,0.02130603260836876,2.9,2026-07-31
250,56.32902386034658,70.03610108303249,0.8317172812764895,52.3795477691389,60.27849995155425,07732,Highlands,Monmouth County,NJ,602419.0,0.06771158280432701,-0.20992375545554331,-0.4539230578101172,,-0.009095848574124377,0.02388412799314832,0.1712467616908917,-0.20314079068273355,3.0,2026-07-31
251,56.318062396954005,69.91576413959085,0.8317172812764895,57.362851148332915,55.2732736455751,07045,Montville,Morris County,NJ,833261.0,0.01896603768112684,0.11447096983762606,0.08662676931365532,,-0.38504952359047917,0.2102603515097886,-0.14086954261080642,-0.04638326904170116,2.3,2026-07-31
252,56.28364353535814,69.79542719614922,0.8317172812764895,55.90183421995657,56.66545285075971,11710,North Bellmore,Nassau County,NY,832608.0,0.009699647721234689,0.11368657113830416,0.08281601199903221,,-0.31866024896822087,0.04995032170424352,0.00769854063250186,-0.03893368571947571,2.4,2026-07-31
253,56.261366273813564,69.67509025270758,0.8317172812764895,54.837840379410075,57.68489216821706,11719,Brookhaven,Suffolk County,NY,722677.0,0.006631048431753689,-0.027914216756832033,0.15582904792254837,,-0.14492142049788126,-0.09637997348385591,0.378552111178621,-0.26427540889146756,2.6,2026-07-31
254,56.234148130892706,69.55475330926595,0.8317172812764895,57.88381835670358,54.584477905081826,11565,Malverne,Nassau County,NY,824506.0,0.013705436646692354,0.10390836466929265,0.02009856861337056,,-0.1723780709662368,0.06719100709202064,-0.08802197906226361,0.014642539989481215,2.2,2026-07-31
255,56.22783398380591,69.4344163658243,0.8317172812764895,55.12544385891675,57.33022410869506,11716,Bohemia,Suffolk County,NY,721265.0,0.010856996911766364,-0.029870029467774728,0.04040100913548095,,-0.16756473388613924,-0.08562564827824115,0.09176305635720361,-0.07119864376040726,3.0,2026-07-31
256,56.22046773915889,69.31407942238266,0.8317172812764895,62.96352801137118,49.4774074669466,11598,Woodmere,Nassau County,NY,1390549.0,0.12221159185959998,0.6265778545399012,0.33215792587687787,,0.10042124893481197,0.20602597384550891,0.038535352803933165,-0.07817967548472256,2.4,2026-07-31
257,56.101300543517716,69.19374247894103,0.8317172812764895,55.04159811511943,57.161002971916005,07607,Maywood,Bergen County,NJ,709943.0,0.06976397945804927,-0.0456915036424963,0.0719272567092002,0.05006035667308238,-0.09437322276253401,-0.02490619644736014,-0.007909078861768393,0.050258330121314906,2.7,2026-07-31
258,56.07473454634823,69.0734055354994,0.8317172812764895,50.78218450863024,61.367284584066226,11738,Farmingville,Suffolk County,NY,668812.0,0.08826560469450265,-0.10537251530294967,0.012277874320497872,,-0.3266219859322874,-0.17371785582867616,0.008732886063427259,-0.06716968417993359,2.9,2026-07-31
259,56.05739490366039,68.95306859205776,0.8317172812764895,64.66764652551348,47.4471432818073,11797,Woodbury,Nassau County,NY,1551974.0,0.11287673674628387,0.7364070341157714,0.33681532134448133,0.02712931285425261,0.19700167128596813,0.17160357216274214,-0.1776521698037694,-0.05605963902940632,2.7,2026-07-31
260,56.010428381862816,68.83273164861613,0.8317172812764895,55.845299669261706,56.175557094463926,10983,Tappan,Rockland County,NY,761537.0,0.04012293756869881,0.02446207220861396,-0.10993822394558173,,-0.33051681455717064,0.11623484119867444,0.0683828417482637,0.03426539632812302,2.8,2026-07-31
261,55.96599508279921,68.71239470517449,0.8317172812764895,46.12441346639337,65.80757669920504,11722,Central Islip,Suffolk County,NY,578597.0,-0.006029696452797134,-0.2502706867955702,-0.19725699416809306,0.06450188568297638,-0.26564200298893437,-0.2973229649098479,0.1876738929754289,0.015891025445228288,2.6,2026-07-31
262,55.954514775150784,68.59205776173285,0.8317172812764895,51.95116693268168,59.957862617619895,11706,Bay Shore,Suffolk County,NY,647608.0,-0.04955683932970131,-0.13758987667618072,-0.09925894598632112,0.05455577984249548,-0.20051093707574386,-0.2237702910881969,0.039892955757652615,-0.022502298297371673,2.3,2026-07-31
263,55.949142273507704,68.47172081829122,0.8317172812764895,53.969330442367834,57.928954104647566,08533,New Egypt,Ocean County,NJ,574226.0,0.05967918820174703,-0.2578539628400609,0.18586263280721482,,-0.2691309456270059,-0.17274310160962508,-0.15182192746336476,0.10226049595062507,2.3,2026-07-31
264,55.94656336030842,68.35138387484957,0.8317172812764895,44.41822155932358,67.47490516129325,10458,New York,Bronx County,NY,431786.0,-0.35907720954361333,-0.5429461124042358,-0.04059196257498421,0.07702607631423693,0.46962867060006874,-0.3075948196052724,-0.08986545855741923,0.01202008429849348,1.4,2026-07-31
265,55.93081042387337,68.23104693140795,0.8317172812764895,55.07483584478048,56.786785002966255,11788,Hauppauge,Suffolk County,NY,806774.0,0.07654811236182049,0.08216756972548822,0.13655702049052465,0.046958205977400344,-0.20538252289965198,0.014291230119473086,0.020004186587605943,-0.0570633704563865,2.7,2026-07-31
266,55.89655580461681,68.1107099879663,0.8317172812764895,58.56315413158272,53.22995747765089,10013,New York,New York County,NY,3742256.0,-0.17414457134416814,1.6165677877666251,0.910923153099116,0.020932393931611854,1.255464222632862,0.24050660522783995,0.12209755895143992,0.06457999779079442,2.7,2026-07-31
267,55.887400167227725,67.99037304452466,0.8317172812764895,48.50284453257475,63.271955801880694,08723,Brick,Ocean County,NJ,526199.0,0.08918379014696712,-0.34519614408298516,-0.5094290718206071,0.06372743735830987,-0.312006557236127,-0.15787202568820463,0.12296857232838221,-0.06335852915000269,2.2,2026-07-31
268,55.8242503333711,67.87003610108303,0.8317172812764895,62.628992631330625,49.01950803541156,10505,Baldwin Place,Westchester County,NY,1075598.0,0.09935213051770156,0.3697558749223244,0.3528818173674697,,0.05779437324022996,0.14178284854731993,-0.16081247745212046,0.14762583110083255,3.6,2026-07-31
269,55.75597554474131,67.7496991576414,0.8317172812764895,58.23170740305932,53.280243686423304,10501,Amawalk,Westchester County,NY,873154.0,0.034471926751667686,0.1612353516560816,0.0964577755010172,,-0.5131741595471528,0.20171339581439462,-0.2085503503609658,0.07385198221695459,2.9,2026-07-31
270,55.74219240794133,67.62936221419976,0.8317172812764895,59.3593691944692,52.12501562141346,07647,Northvale,Bergen County,NJ,786564.0,0.04045649701033441,0.05679795566198642,-0.2629463984001621,,-0.07820087910464335,0.012376629611094314,-0.07399169151029739,-0.0038496151780662152,2.6,2026-07-31
271,55.720203093872044,67.50902527075813,0.8317172812764895,60.061095938030306,51.379310249713775,07064,Port Reading,Middlesex County,NJ,550779.0,0.10933601705428977,-0.29954187944802335,-0.0666321781200665,,-0.47503466875217026,-0.1784150988539438,0.176679910233128,-0.2625661035476942,2.7,2026-07-31
272,55.68383106066777,67.38868832731649,0.8317172812764895,57.19726465674279,54.170397464592746,11096,Inwood,Nassau County,NY,839157.0,0.0636368730333551,0.12152149638434295,-0.19093728855307823,,0.305662201436127,-0.2104953949290212,0.2003981944612434,0.038026784013271794,2.0,2026-07-31
273,55.65174156805175,67.26835138387484,0.8317172812764895,57.35954179035944,53.94394134574405,08514,Cream Ridge,Monmouth County,NJ,734331.0,0.09474466639987114,-0.011915925886567535,0.15530979586561955,,-0.18878240331081142,-0.0489157129844211,0.053987282743021225,-0.05051309257806365,2.4,2026-07-31
274,55.61586949789012,67.14801444043322,0.8317172812764895,55.172377814434526,56.0593611813457,11783,Seaford,Nassau County,NY,815537.0,0.012549575680207786,0.09297115848210957,0.03275769659053829,,-0.36188216087265634,-0.014863180868160797,0.045376673908089415,-0.018514934321998758,2.4,2026-07-31
275,55.58166172037723,67.02767749699157,0.8317172812764895,63.067003978430016,48.09631946232443,11569,Point Lookout,Nassau County,NY,1446249.0,0.14272646071147435,0.6658521490482965,0.584841036460757,,0.9848509218845887,0.035795330210899756,-0.8835803012236312,0.08688669891154203,2.9,2026-07-31
276,55.57021387759039,66.90734055354994,0.8317172812764895,52.20858499766564,58.93184275751515,08721,Bayville,Ocean County,NJ,541997.0,0.09988756098761478,-0.31561530655133296,-0.03380585560712035,0.06365346202441056,-0.2509154181417028,-0.2087225186058168,-0.052409135404269946,0.0812832520507814,2.4,2026-07-31
277,55.56914645591853,66.78700361010831,0.8317172812764895,54.84153232334443,56.296760588492624,07067,Colonia,Middlesex County,NJ,649678.0,0.0904442796505304,-0.13439888854261106,0.08848694077000907,,-0.22299031970306094,-0.0037503333620251267,-0.14992855257574256,-0.04244947977784337,2.2,2026-07-31
278,55.53881526871013,66.66666666666666,0.8317172812764895,55.97513827761409,55.10249225980617,07936,East Hanover Township,Morris County,NJ,880920.0,0.05512516280009941,0.17009030078028964,0.002783425197545597,0.045856619163780574,-0.11650425752492954,0.09577369102886935,-0.13610731644409135,0.014546205002169452,2.4,2026-07-31
279,55.523555810565576,66.54632972322503,0.8317172812764895,57.974364965418054,53.0727466557131,11514,Carle Place,Nassau County,NY,864616.0,0.02583988969432341,0.15140983886167803,-0.19874295544642173,,-0.15097694741339507,0.007146933178147075,0.38155184317650637,-0.00533746912652662,2.6,2026-07-31
280,55.44967331786434,66.4259927797834,0.8317172812764895,59.847789811195284,51.051556824533385,10527,Granite Springs,Westchester County,NY,939650.0,0.06481987817464976,0.23463165260123553,0.25723286743229856,,-0.5655764008385902,0.17397086054150834,0.07629992645450834,-0.894558503949727,3.3,2026-07-31
281,55.44924581094993,66.30565583634176,0.8317172812764895,52.35849126906792,58.54000035283195,11542,Glen Cove,Nassau County,NY,836459.0,0.02033052708302599,0.11830176937103865,-0.45865791183889115,0.05337846065461473,0.30436036982649983,-0.06516370020275464,-0.08557344370646369,0.06263549896203484,2.3,2026-07-31
282,55.44440067392419,66.18531889290013,0.8317172812764895,63.25776083857318,47.63104050927521,11024,Great Neck,Nassau County,NY,2425669.0,0.14607364016282212,1.182986506552444,0.7377109251805027,,0.7377445790396748,0.05585526210720615,0.07977285508256848,0.06943696400783876,3.3,2026-07-31
283,55.411230944322874,66.06498194945848,0.8317172812764895,51.561967911629544,59.2604939770162,11003,Elmont,Nassau County,NY,743134.0,0.014919615982668694,0.0,-0.060496413634465895,0.04621912914411601,-0.09995169075783328,-0.16385827597677238,-0.0577187084600812,-0.058698728289383786,2.1,2026-07-31
284,55.386008645500205,65.94464500601684,0.8317172812764895,57.85846034501465,52.91355694598576,10065,New York,New York County,NY,1721303.0,-0.2877660094937774,0.8399605462513833,0.3758008123410779,0.033026310742896095,0.5156590867803181,0.3743287364559055,-0.1858154623015924,0.019083826042928728,3.4,2026-07-31
285,55.38321804326162,65.82430806257521,0.8317172812764895,54.313551669161306,56.452884417361936,08859,Parlin,Middlesex County,NJ,563713.0,0.08911378031431419,-0.2763315376339186,-0.028003985743994875,0.06293383562674312,-0.15906416245942734,-0.11438505229057205,-0.03863651929103007,0.042369635329601515,2.5,2026-07-31
286,55.38139333673169,65.70397111913357,0.8317172812764895,59.1149692447012,51.64781742876219,07039,Livingston,Essex County,NJ,1113222.0,0.0905002254806643,0.4041376495362865,0.08019154239512005,0.047158733966131655,-0.3118409607836725,0.24400201155790135,0.09027947723341789,-0.022806877377527804,2.7,2026-07-31
287,55.3770317877054,65.58363417569194,0.8317172812764895,57.33730179162993,53.41676178378086,11780,Saint James,Suffolk County,NY,859233.0,0.053402737544557516,0.14516358752617364,0.11243781370363415,,-0.10739178565835883,0.03075541525946457,-0.0905558443889376,-0.07907517682890282,2.6,2026-07-31
288,55.321838853164806,65.46329723225031,0.8317172812764895,57.336728792499024,53.306948913830595,11768,Northport,Suffolk County,NY,990562.0,0.017154797473980216,0.2873958287139615,0.09218655113660823,0.037756360826936904,-0.14215025813110604,0.14262040742417004,0.002933213402650736,-0.03527944702227766,2.9,2026-07-31
289,55.31360628697753,65.34296028880865,0.8317172812764895,65.98626814678074,44.640944427174325,11765,Oyster Bay,Nassau County,NY,2797199.0,0.1303126246174994,1.3254977675856061,0.8471819610743463,,0.7640484889662076,0.2355724556449118,-0.4699449881091553,-0.17146708188669785,4.5,2026-07-31
290,55.2631519058191,65.22262334536703,0.8317172812764895,49.479700378706355,61.046603432931846,10703,Yonkers,Westchester County,NY,627543.0,-0.014274732894152459,-0.16906383573314443,-0.3899747231199999,0.054921592637190264,0.054908766734300896,-0.22852675765818548,0.07157638147047507,0.01929815200588285,2.5,2026-07-31
291,55.2410581634839,65.1022864019254,0.8317172812764895,55.68484076134993,54.797275565617866,11580,Valley Stream,Nassau County,NY,762062.0,0.009928871174313875,0.025151756209581322,-0.0477079858732985,,-0.17650231509906722,-0.09900390988861069,-0.013969301320049254,-0.05164281533130195,2.1,2026-07-31
292,55.2396886702899,64.98194945848375,0.8317172812764895,53.76256477355219,56.71681256702761,08840,Metuchen,Middlesex County,NJ,695321.0,0.09905054322612408,-0.06650247525105613,0.17530889962028873,0.047239567136695096,-0.33319211667820103,0.13125078922409106,-0.08483288144063472,0.0027675003676573134,2.6,2026-07-31
293,55.20298282328166,64.86161251504213,0.8317172812764895,54.671147654435224,55.73481799212809,11714,Bethpage,Nassau County,NY,795556.0,0.030357756914713013,0.06816547971342324,-0.09772857933335644,,0.000498294254172249,-0.0920050719758645,-0.17929359811344447,-0.0588098697034007,2.3,2026-07-31
294,55.20083326199716,64.74127557160048,0.8317172812764895,50.754486858573955,59.64717966542036,10465,New York,Bronx County,NY,693785.0,-0.01144033384446494,-0.0687140425410071,0.11615800199476212,0.04939282156392296,0.17537647646968746,-0.17833416617565068,-0.07970099351640059,0.008295116238036734,2.0,2026-07-31
295,55.16412160140245,64.62093862815884,0.8317172812764895,53.069600272851424,57.258642929953474,10710,Yonkers,Westchester County,NY,773851.0,0.005051160174529917,0.04050294770309648,-0.17339720069089992,0.04093812186043995,0.071834960264616,-0.030572806885702075,-0.021185734386168775,-0.003658965976325937,2.7,2026-07-31
296,55.14172509745688,64.50060168471721,0.8317172812764895,59.74798918347509,50.53546101143866,07932,Florham Park,Morris County,NJ,1066318.0,0.10509375510073796,0.36109033557458403,-0.025221662509098408,,0.029559596633661256,0.20682942557030726,-0.024732995593211626,0.13081762539356517,2.7,2026-07-31
297,55.13231572703947,64.38026474127557,0.8317172812764895,55.05922159729548,55.20540985678346,07675,River Vale,Bergen County,NJ,932968.0,0.03492914162352748,0.22749509893931297,0.010021113944793214,0.042991811415597644,-0.26157536565443995,0.17696495294965153,0.09679384192472007,-0.10578705060026446,2.6,2026-07-31
298,55.131893691403306,64.25992779783394,0.8317172812764895,55.24404831057741,55.0197390722292,07878,Mount Tabor,Morris County,NJ,564862.0,0.03592908968049749,-0.27429446921534506,-0.26085737631328954,,-0.31045666332667854,-0.008713827316200573,-0.08078563160868413,-0.12423120020655061,2.2,2026-07-31
299,55.13093337806005,64.13959085439231,0.8317172812764895,57.9824660339291,52.27940072219099,11709,Bayville,Nassau County,NY,869440.0,0.026320325119187166,0.15697261795936335,-0.4233906093200339,,-0.1269978818606312,0.06710332934687646,0.08314291107492267,0.004747123297137265,2.3,2026-07-31
300,55.10795553207505,64.01925391095065,0.8317172812764895,55.24449497761677,54.971416086533345,10507,Bedford Hills,Westchester County,NY,838462.0,0.07422969869501586,0.12069266561973357,-0.21376169734091377,,0.16660050942481486,-0.02160187212672221,0.1977840892430116,-0.251189879083032,3.1,2026-07-31
301,55.08612633407692,63.898916967509024,0.8317172812764895,51.314234324824184,58.85801834332967,11422,New York,Queens County,NY,747119.0,-0.07877583180028722,0.005348556754185552,-0.16132927954666876,,-0.015688447437221642,-0.1411863069678984,0.03229465820552946,-0.018287431792390854,1.7,2026-07-31
302,55.04874006005758,63.77858002406739,0.8317172812764895,61.21291518066813,48.88456493944703,07924,Bernardsville,Somerset County,NJ,1044061.0,0.10191697111707612,0.33999686589256406,0.03302133184264733,,-0.402756024986233,0.2375408870763489,0.12278343227568911,-0.03703389777248818,2.8,2026-07-31
303,55.03744574129787,63.65824308062575,0.8317172812764895,52.289300791357206,57.78559069123853,07435,Newfoundland,Morris County,NJ,641201.0,0.03705593565806567,-0.14753313460702344,0.1477486946048998,,-0.40536585612307197,-0.11634386656220558,-0.07196681803765337,0.07781595796432343,2.7,2026-07-31
304,54.9997792851637,63.537906137184116,0.14186432666927207,45.64857664720931,64.35098192311808,08724,Brick,Ocean County,NJ,524165.0,0.12888381454651246,-0.34906894325292903,-0.7682161984722935,0.05793336920615965,-0.2637733172446872,-0.12469784867191974,0.02705766203166604,-0.03654327963049982,2.5,2026-07-31
305,54.97668993841744,63.41756919374247,0.14186432666927207,58.70286329846252,51.25051657837235,08809,Clinton,Hunterdon County,NJ,528884.0,0.029941316341345475,-0.3401063602225971,-0.13041374691881558,,-0.4959533972799097,0.04587938378429002,0.013521515941322448,0.019239859668491108,2.6,2026-07-31
306,54.97479758170008,63.29723225030084,0.14186432666927207,57.73588890433832,52.213706259061844,08804,Bloomsbury,Hunterdon County,NJ,506771.0,0.011114346243090628,-0.38281737769649027,0.011632554182307686,,-0.33749666456348426,-0.11318542835583872,-0.18617571019511558,0.22456131590761547,2.4,2026-07-31
307,54.94502614778395,63.1768953068592,0.14186432666927207,53.26503362508124,56.62501867048666,11434,New York,Queens County,NY,721946.0,,-0.028925354285492588,-0.014166041315514022,,0.34078985646776583,-0.2585908453150712,-0.039886094873519795,0.010463982946060477,2.0,2026-07-31
308,54.940174712008485,63.05655836341757,0.14186432666927207,55.38199331078415,54.498356113232816,10546,Millwood,Westchester County,NY,1013227.0,0.10218854194023344,0.3100193110009428,0.07652302699217195,,-0.3002341584884374,0.3483813663288091,-0.3707189090534726,0.24729331627411383,3.6,2026-07-31
309,54.935085791246735,62.936221419975936,0.14186432666927207,58.551193886167795,51.31897769632568,07046,Mountain Lakes,Morris County,NJ,1231359.0,0.0738434001102938,0.504997186916313,0.5849424552191156,,-0.2952108665235127,0.3683829975100028,-0.19900193799522903,0.021215548867498144,2.7,2026-07-31
310,54.914212496042076,62.8158844765343,0.14186432666927207,56.83844803415129,52.98997695793286,11793,Wantagh,Nassau County,NY,825548.0,0.0028052085531683757,0.10517095319950442,-0.00137424563929045,,-0.291973097554002,0.014780226604114155,-0.05115809561248241,-0.00249124662239604,2.2,2026-07-31
311,54.861213421901,62.69554753309266,0.14186432666927207,61.662770948104686,48.059655895697304,07021,Essex Fells,Essex County,NJ,1482341.0,0.1268809596795432,0.6905018337226263,0.4710904323513727,,-0.1097062197171994,0.3223448442813457,-0.07246311411446804,-0.06752199960353052,2.9,2026-07-31
312,54.847815864756384,62.57521058965102,0.14186432666927207,54.38299790738974,55.312633822123026,07803,Mine Hill Township,Morris County,NJ,507256.0,0.03890517337235125,-0.381860964756628,-0.07954933130288389,,-0.44461479128759795,-0.07744863328369356,0.03956126894141754,0.08695982592133182,2.0,2026-07-31
313,54.82260727610442,62.454873646209386,0.14186432666927207,55.462482986822856,54.182731565385986,07657,Ridgefield,Bergen County,NJ,793090.0,0.008580558243711428,0.06506018004354175,0.1320185496726829,0.038482404501623976,0.015132544950646531,-0.026137255815301574,0.2675214857116668,-0.007969107822425506,2.3,2026-07-31
314,54.775170025173374,62.33453670276775,0.14186432666927207,59.661473349591496,49.88886670075525,11105,New York,Queens County,NY,1151798.0,-0.0908305378853008,0.4382030760371016,0.3855852503767512,0.03181824018315061,0.5343694870282991,0.05641302738141263,0.013341175957599205,-0.0019146963188291927,1.6,2026-07-31
315,54.752356781874084,62.214199759326114,0.14186432666927207,55.37022583848585,54.13448772526232,10974,Sloatsburg,Rockland County,NY,558252.0,0.09491178333797592,-0.2860657907978954,-0.23906955660952356,,-0.3320639476640832,-0.06593922398980057,-0.10776424327360346,0.015786596930181404,2.5,2026-07-31
316,54.741741839488185,62.093862815884485,0.14186432666927207,52.96072514413773,56.522758534838644,07070,Rutherford,Bergen County,NJ,767735.0,0.004058334741478126,0.03256794978103095,0.16743732355077867,0.039168568606262125,-0.21008917416714934,0.11480272681392012,0.11293502183114335,-0.04471899780789608,2.7,2026-07-31
317,54.721765070878774,61.973525872442835,0.14186432666927207,53.294360674711186,56.14916946704637,11572,Oceanside,Nassau County,NY,802115.0,0.013074715386441588,0.07637612605653565,-0.0636241125444883,0.051987540664648106,-0.20490292536865096,-0.007228097636558517,-0.003394467408664781,-0.0035952962971525643,2.2,2026-07-31
318,54.701947220399866,61.8531889290012,0.14186432666927207,62.29194879481884,47.11194564598089,07722,Colts Neck Township,Monmouth County,NJ,1362510.0,0.13474296921720033,0.6062078562225235,0.4741559072862529,,0.03419004712076368,0.1835736590864907,-0.10060962127914053,0.030678644231621185,3.1,2026-07-31
319,54.650997839114474,61.73285198555957,0.14186432666927207,57.24277019270168,52.05922548552727,08850,Milltown,Middlesex County,NJ,625186.0,0.11845071006951749,-0.17282665982569156,0.1359967196288867,,-0.4045830387928462,-0.04111299961843423,0.029241382101805158,0.06515899581910771,2.5,2026-07-31
320,54.63305820397694,61.612515042117934,0.14186432666927207,54.208818148486806,55.05729825946707,07512,Totowa,Passaic County,NJ,668716.0,0.027450760838622662,-0.10551603828793255,0.11395246970671913,,-0.11661692288207104,-0.08316426223531509,-0.1588371529718966,0.05411976845206139,2.2,2026-07-31
321,54.56907480427017,61.4921780986763,0.14186432666927207,59.30559650190303,49.83255310663732,11705,Bayport,Suffolk County,NY,785856.0,0.03341684417085347,0.0558969143687591,0.08191559371237034,,-0.3245402462600435,0.060126007267992776,0.15028720920394711,0.0044611447685299205,3.1,2026-07-31
322,54.566198312839234,61.371841155234655,0.14186432666927207,51.832384120469435,57.30001250520903,10460,New York,Bronx County,NY,521421.0,-0.21636828867620714,-0.3543176570213955,0.09334208967009161,0.06365932344003535,0.7748735629684471,-0.3387293044309798,0.045058400211170024,0.08524972631989085,1.6,2026-07-31
323,54.546060328795065,61.25150421179302,0.14186432666927207,53.39199231762121,55.70012833996893,07075,Wood Ridge,Bergen County,NJ,712668.0,0.0273336262191414,-0.041860036174686144,0.0655860843655578,0.04706031946412461,-0.23405185999878886,0.045720910022846506,-0.023883628378298383,0.1357823680550932,1.8,2026-07-31
324,54.40037624386153,61.13116726835138,0.14186432666927207,58.3252325385392,50.47551994918387,07670,Tenafly,Bergen County,NJ,1335447.0,0.1071729863139538,0.5861455132706865,0.5561445459915451,0.04515714828138568,-0.0310967784957612,0.29656861431080916,-0.04555081443162656,0.07449958108109582,3.0,2026-07-31
325,54.40005084111378,61.01083032490975,0.14186432666927207,63.18908519307727,45.61101648915029,08750,Sea Girt,Monmouth County,NJ,2606252.0,0.28067009516795627,1.25479228112812,0.9351625194186219,,1.076963852883069,0.21860427772769808,-0.2145164049216035,0.00831954766700553,4.3,2026-07-31
326,54.36700624371986,60.89049338146811,0.14186432666927207,52.83646570853858,55.89754677890113,07849,Lake Hopatcong,Morris County,NJ,537592.0,0.021169163947462627,-0.32377623642120135,0.05238743590741812,,-0.36723707722247245,-0.010805084059703762,-0.0912158057344925,-0.12241147157474659,2.5,2026-07-31
327,54.3561576085538,60.770156438026476,0.14186432666927207,61.201151787842065,47.51116342926553,07762,Spring Lake,Monmouth County,NJ,1500460.0,0.1987068000316782,0.7026508183271769,0.2702862158312378,0.041054076501667536,0.6677776164025644,0.18842325266158333,0.12666254429592883,-0.026594286927009228,3.7,2026-07-31
328,54.333435660243126,60.64981949458483,0.14186432666927207,56.698960342854164,51.967910977632094,10012,New York,New York County,NY,2914364.0,-0.2524516814436698,1.3665305700110544,0.5494297663846748,0.02221205899656143,1.1670330851386577,0.35925496418595004,0.021733058019805185,-0.008935618163066386,4.1,2026-07-31
329,54.3305832657114,60.5294825511432,0.14186432666927207,51.05508765958364,57.60607887183915,10461,New York,Bronx County,NY,733664.0,-0.049607630045098355,-0.012825264178530915,0.3319323589722565,0.0437318393367552,0.503321157697411,-0.214585475844215,-0.09176362372254587,-0.005982587018965993,2.0,2026-07-31
330,54.32573363464515,60.40914560770156,0.14186432666927207,47.800753055698735,60.85071421359155,11955,Moriches,Suffolk County,NY,639851.0,0.03819221127689368,-0.14964102337122753,-0.1559613975762808,0.0459486514590135,0.19154111009455543,-0.18812047313778596,-0.03657563792967622,-0.24825634008732117,2.1,2026-07-31
331,54.31119770407285,60.28880866425993,0.14186432666927207,55.5509896811019,53.071405727043796,07076,Scotch Plains,Union County,NJ,856113.0,0.07857238205909348,0.1415260791560744,0.058416790125271234,,-0.35027605402563045,0.1569265318566616,0.10187782787008004,-0.056751345120035615,2.9,2026-07-31
332,54.280698929460485,60.168471720818296,0.14186432666927207,54.381979125087184,54.17941873383379,10976,Sparkill,Rockland County,NY,771802.0,0.05864262656255051,0.037851641993212226,-0.2533088302008313,,0.3060061708426953,-0.004949000085669397,0.12984079949815097,-0.16055694073006038,2.8,2026-07-31
333,54.27853000065839,60.048134777376646,0.14186432666927207,40.14130119853517,68.41575880278161,10467,New York,Bronx County,NY,429079.0,-0.36817995807629667,-0.5492356801312095,-0.06241018202391757,0.06633181001067025,0.2734887690375636,-0.2701877718046072,-0.00570870181004679,0.018150862214870764,2.2,2026-07-31
334,54.26877753735426,59.92779783393502,0.14186432666927207,50.39830322035219,58.13925185435633,11520,Freeport,Nassau County,NY,679500.0,0.01234657556327115,-0.0895194364428864,-0.20035035293968662,,-0.17021590675151654,-0.21585028686853264,0.1616118193721885,-0.026915462997736575,2.3,2026-07-31
335,54.25651737292068,59.80746089049338,0.14186432666927207,56.08128640599315,52.43174833984823,11939,East Marion,Suffolk County,NY,1204830.0,0.04420119589531915,0.4832172446320069,-0.16687124204965187,,0.574611310467964,0.019779487800713258,0.024077466444650142,-0.03715558063691633,2.0,2026-07-31
336,54.248419854353315,59.687123947051745,0.14186432666927207,48.8659356455819,59.630904063124724,07860,Newton,Sussex County,NJ,450730.0,0.02391996038731073,-0.5000071994426296,-0.07698028299088477,0.05287419958474015,-0.4796397080748449,-0.10236486985718557,-0.005586105375664729,-0.011740828266381079,2.3,2026-07-31
337,54.24035941118285,59.56678700361011,0.14186432666927207,48.9688289025578,59.51188991980789,07843,Hopatcong,Sussex County,NJ,455778.0,0.12519524486712044,-0.4888693809542364,-0.11827477356213656,,-0.45575342706552324,-0.15611096776291372,-0.007181737970391566,-0.11012618611473153,2.5,2026-07-31
338,54.22503248751289,59.44645006016847,0.14186432666927207,57.58975169776812,50.86031327725766,08510,Millstone Township,Monmouth County,NJ,972849.0,0.08641588867039687,0.2693531103526734,0.3803089635476997,,-0.4297745707097118,0.08384002545832303,0.15749324013939692,-0.032626426099637576,2.6,2026-07-31
339,54.171130223730934,59.32611311672683,0.14186432666927207,59.82581394635783,48.516446501104035,07092,Mountainside,Union County,NJ,1071718.0,0.04968600019513794,0.36614192150243063,0.17967834848216135,,-0.26700586546166716,0.18208897175795613,0.3294961455571084,-0.022851555888754496,2.6,2026-07-31
340,54.14740586421338,59.205776173285194,0.14186432666927207,52.378737868161096,55.91607386026567,10469,New York,Bronx County,NY,705694.0,-0.030232125536037907,-0.051694506207862645,0.3616818846537271,0.055732183848895535,0.3385658946454544,-0.20275933893573234,-0.08069671755399987,0.042687369644888215,2.2,2026-07-31
341,54.06935985209603,59.08543922984356,0.14186432666927207,63.23311966211491,44.905600042077154,11568,Old Westbury,Nassau County,NY,3079808.0,0.18072074078295622,1.4217464735265555,0.9806980154959515,,0.6215384200867298,0.2976387657059375,-0.07686485291237233,-0.15012531765853127,3.1,2026-07-31
342,54.065965348568,58.96510228640193,0.14186432666927207,46.561149488092354,61.57078120904364,11414,New York,Queens County,NY,636271.0,-0.13493218535124782,-0.15525199400861034,-0.14107028070257144,,0.011591280748176613,-0.17648823460237695,-0.0005211001382185998,0.03447136172754055,1.8,2026-07-31
343,54.05569525613061,58.844765342960294,0.14186432666927207,50.62094286321959,57.490447649041634,07424,Woodland Park,Passaic County,NJ,644217.0,0.021343895329215462,-0.1428405060413276,0.002201911505549603,0.047611283281008304,-0.07602006891791757,-0.028740168808601863,-0.0440936550784059,0.08687184768371585,2.0,2026-07-31
344,54.043868842994314,58.724428399518644,0.14186432666927207,52.53669973341728,55.55103795257135,08904,Highland Park,Middlesex County,NJ,601053.0,0.04933889362827984,-0.21219292375004706,0.039786188610518636,0.04777471943970998,-0.14197786897977527,0.2077596598792849,0.020455753624194273,0.05978605797476026,2.6,2026-07-31
345,54.031408632814376,58.604091456077015,0.14186432666927207,60.65923338596604,47.40358387966271,07935,Green Village,Morris County,NJ,1111663.0,0.01078887154151112,0.40273583728436435,0.00872576101114042,,0.45136014818096615,0.14080223144142423,-0.7687226395422417,0.3979296478758159,2.3,2026-07-31
346,54.00517693443736,58.48375451263538,0.14186432666927207,54.49256858622494,53.517785282649776,07014,Clifton,Passaic County,NJ,584611.0,0.03321906794670007,-0.23992950133949975,-0.1035448093747835,,-0.3023655064499764,0.010028277132271723,0.05995660663516311,-0.0048253849900256746,1.5,2026-07-31
347,53.89347152336835,58.36341756919374,0.14186432666927207,51.23912091407832,56.54782213265837,10589,Somers,Westchester County,NY,691835.0,0.003148742819853473,-0.07152928223263899,-0.262987402560114,,-0.21174236242942013,0.18326717406224646,0.02198843358688407,-0.07485091729345479,2.1,2026-07-31
348,53.87249709415195,58.24308062575211,0.14186432666927207,53.10344334099475,54.64155084730915,11412,New York,Queens County,NY,748446.0,-0.09885425619238539,0.007123025441380548,-0.023213974586699493,,0.14362671986197806,-0.2305883423610411,-0.04836033967512421,0.05705451049749426,2.1,2026-07-31
349,53.86766199823819,58.12274368231047,0.14186432666927207,52.58210359609692,55.15322040037945,11713,Bellport,Suffolk County,NY,631437.0,0.06505213822891989,-0.16287726588245377,-0.008993751925723714,,-0.1253521988478632,-0.14326015307118345,0.021276506588820965,0.012419154297197019,2.5,2026-07-31
350,53.843424869850345,58.00240673886883,0.14186432666927207,47.56241083893452,60.12443890076617,18425,Greeley,Pike County,PA,301018.0,-0.018400402911575492,-0.9037052889609107,-0.08406902512287573,,-0.4462966329074043,-0.33945073230494793,0.03839562826302334,-0.46932088857369764,1.5,2026-07-31
351,53.8177071337926,57.88206979542719,0.14186432666927207,54.24761418015521,53.387800087429994,08846,Middlesex,Middlesex County,NJ,557290.0,0.06790429435142933,-0.2877907296416726,-0.09219749384332943,0.05810620908189526,-0.22049421538477643,-0.12188792615406796,0.09917142233263121,0.07988583407396303,2.5,2026-07-31
352,53.79743404977485,57.761732851985556,0.14186432666927207,56.67392258376244,50.92094551578725,10962,Orangeburg,Rockland County,NY,768492.0,0.02466995940888808,0.033553526809074086,-0.06219969140901149,,-0.24577456701926015,0.10613806100139167,0.043117733216876175,-0.09205059189965921,2.8,2026-07-31
353,53.78090131876134,57.64139590854393,0.14186432666927207,59.478383260444105,48.08341937707857,07058,Pine Brook,Morris County,NJ,939740.0,0.024310203588461837,0.2347270010205218,0.14665427606178838,0.036813851919424274,0.10547820062614366,0.13759038197098672,-0.2665232976089289,0.1681281603525389,2.4,2026-07-31
354,53.76510399420743,57.52105896510229,0.14186432666927207,49.26675642409295,58.26345156432191,11779,Ronkonkoma,Suffolk County,NY,650441.0,0.03665038217327457,-0.13322574069774618,-0.04345946752921215,0.055477972531269036,-0.13207360036351656,-0.18490548490842462,-0.10063029429367276,0.04509489457238329,2.8,2026-07-31
355,53.72324956646722,57.400722021660656,0.14186432666927207,50.18543084732342,57.26106828561102,07821,Byram Township,Sussex County,NJ,535173.0,0.07017174268538931,-0.32828657399179306,0.06253563729440792,,-0.5618703653513137,0.0011998320707673482,0.030775622647562173,-0.02768362060766423,2.6,2026-07-31
356,53.718594607021174,57.28038507821901,0.14186432666927207,56.497761422595126,50.93942779144722,07676,Township of Washington,Bergen County,NJ,843377.0,0.019270094233947793,0.12653765171802966,-0.18236340801639983,,-0.34590095080264693,0.0928328813426873,0.01901141053760469,-0.06471730289662121,2.4,2026-07-31
357,53.700674083679495,57.16004813477738,0.14186432666927207,55.39190972908584,52.00943843827315,07822,Augusta,Sussex County,NJ,557476.0,-0.0037050902105391914,-0.28745691730317446,0.23080742703205992,,-0.3071678117740657,-0.15793272522129326,0.18399462924557675,0.13681491499661763,2.6,2026-07-31
358,53.6953064000749,57.03971119133574,0.14186432666927207,54.966939918558865,52.42367288159093,08551,Ringoes,Hunterdon County,NJ,729962.0,-0.017874677803060374,-0.017883787915526028,0.0691639917449276,,-0.38802466619524734,0.13169696264724984,-0.07863412875880371,0.1025993306774338,2.2,2026-07-31
359,53.656816930911944,56.919374247894105,0.14186432666927207,59.6642604433339,47.64937341848998,11023,Great Neck,Nassau County,NY,1536126.0,0.0727173588483229,0.726143071099898,0.2836199279053986,,0.49861876876674915,0.14315806639612982,-0.1504086177116406,0.04688760422303799,2.5,2026-07-31
360,53.61159092433236,56.79903730445247,0.14186432666927207,52.224009581257306,54.999172267407424,07866,Rockaway,Morris County,NJ,575419.0,0.054811576048468785,-0.2557780760493067,-0.11027030417786854,0.05565801261593148,-0.4127901484750016,-0.0011638963005656255,-0.05365215530437695,-0.04121260613828577,2.2,2026-07-31
361,53.59502693396732,56.678700361010826,0.14186432666927207,56.083065379933764,51.10698848800087,11694,New York,Queens County,NY,896139.0,-0.04710257034074736,0.18721981666554122,0.21515050637190924,0.03371662834677179,0.19884738557851978,-0.013957740742289115,0.04186907840010079,-0.06602812020468259,2.3,2026-07-31
362,53.575521052205914,56.55836341756919,0.14186432666927207,57.472912454386446,49.678129650025376,07440,Pequannock,Morris County,NJ,695211.0,0.08304138069448577,-0.06666055971298768,0.010225645420302243,,-0.33711437653113596,0.0405959734593041,-0.14301547320087238,-0.043042148689258666,2.9,2026-07-31
363,53.56886796081325,56.438026474127554,0.14186432666927207,54.73886523961063,52.39887068201586,10956,New City,Rockland County,NY,826346.0,0.05603164364107585,0.10613739293445512,0.22357899478168264,,-0.354119593656278,0.08559162871042247,-0.011901418501267358,-0.10727047836728128,2.7,2026-07-31
364,53.56835786076515,56.317689530685925,0.14186432666927207,54.864413053230734,52.27230266829957,11796,West Sayville,Suffolk County,NY,711078.0,-0.10741056109038247,-0.04409398005951637,-0.04786466360344832,,-0.4788533187230233,-0.06495119957978573,0.18505898321856407,-0.006730155918030348,2.8,2026-07-31
365,53.559035273983866,56.19735258724429,0.14186432666927207,53.258852178496674,53.85921836947105,10994,West Nyack,Rockland County,NY,814463.0,0.016662035127608027,0.0916522656927139,0.07773568445186285,,-0.32469356065099864,0.07807494395522385,-0.19627522380116247,-0.17606975142930253,2.4,2026-07-31
366,53.53170091089002,56.07701564380265,0.14186432666927207,49.45266689707693,57.6107349247031,11370,New York,Queens County,NY,828017.0,-0.05395067767362924,0.10815723238715158,0.20600447010630596,0.04540487662343636,0.49856234247382747,-0.2485935445176154,-0.0546132086261224,0.04968104304598801,1.9,2026-07-31
367,53.52233081569243,55.95667870036101,0.14186432666927207,55.746748684858204,51.297912946526644,10578,Purdys,Westchester County,NY,684380.0,0.0025528385591403746,-0.0823622573381364,-0.28706134086198354,,-0.8825703107779621,0.20275420743719552,0.5800640528581198,0.6107879285298525,2.6,2026-07-31
368,53.46617758985312,55.836341756919374,0.14186432666927207,60.79753789378179,46.134817285924456,11962,Sagaponack,Suffolk County,NY,6802491.0,0.12262321931864797,2.214167889614261,0.983130791145447,,,0.21602364429123033,,0.018124286548229215,2.5,2026-07-31
369,53.46147145693143,55.71600481347774,0.14186432666927207,53.67433631584424,53.24860659801861,07828,Budd Lake,Morris County,NJ,568820.0,0.06309498410380457,-0.2673124385924748,0.027634319611298253,0.0448293084551758,-0.18388654240569413,-0.05172539364754991,0.08214130650869578,-0.04707937172174832,2.2,2026-07-31
370,53.414862636245054,55.5956678700361,0.14186432666927207,36.59600483173489,70.23372044075522,10462,New York,Bronx County,NY,254850.0,-0.1286883100916217,-1.0702010921268954,-0.8054872547264615,0.11976666425304999,-0.4592605594442756,-0.22652630857105588,-0.11498886986097823,-0.0021317065251921924,2.0,2026-07-31
371,53.41200389508383,55.47533092659447,0.14186432666927207,52.86033117387,53.963676616297654,07480,West Milford,Passaic County,NJ,499641.0,0.0402711236547372,-0.3969870650669556,-0.06595979088505999,,-0.5636402665530895,-0.09011333162946933,0.04457805288730832,-0.13592459123211825,2.5,2026-07-31
372,53.39462963866944,55.35499398315282,0.14186432666927207,50.90003405645943,55.889225220879446,10705,Yonkers,Westchester County,NY,721738.0,-0.007797770067753257,-0.02921424648309312,0.17841050902170608,0.04401413590966692,0.47374152276932757,-0.1925325822379887,0.0314195479889392,-0.003912035795637883,2.5,2026-07-31
373,53.38278255126423,55.23465703971119,0.14186432666927207,55.7796508685616,50.985914233966845,10591,Tarrytown,Westchester County,NY,954014.0,-0.058193347491035746,0.2498018902548118,0.07377657359708678,0.04130558414212794,0.31725079707524695,0.0645040758590103,-0.1630699618451903,0.10207951699141686,2.8,2026-07-31
374,53.36393510544221,55.11432009626955,0.14186432666927207,60.659357023847726,46.0685131870367,11576,Roslyn,Nassau County,NY,1767125.0,0.156127718811835,0.8662332464755309,0.2653017354206515,0.03730465295576542,0.21105496507796206,0.3046602957603286,-0.05985056381333109,-0.0985661902744412,2.9,2026-07-31
375,53.340507333163174,54.993983152827916,0.14186432666927207,49.73960902459583,56.941405641730526,10989,Valley Cottage,Rockland County,NY,660837.0,0.023767634902535667,-0.11736868273448664,-0.1565702634205035,0.05084459552869526,-0.29594217311493165,0.09087380354150465,-0.059937654397154816,-0.07896438651717981,2.4,2026-07-31
376,53.333288183318814,54.87364620938629,0.14186432666927207,53.30040356600334,53.366172800634295,07444,Pompton Plains,Morris County,NJ,718665.0,0.04748364197932489,-0.03348018195825553,0.11214369183888628,,-0.08256042400499486,0.05242691398725374,-0.048679829438956546,-0.02015675854218886,2.7,2026-07-31
377,53.298204388681775,54.75330926594465,0.14186432666927207,63.00162113057903,43.59478764678452,07632,Englewood Cliffs,Bergen County,NJ,1830360.0,0.06032349729034295,0.9013919467112483,1.207446899754018,,0.18191650278052118,0.2562703812838997,0.2031999863785927,-0.01359826460215148,3.1,2026-07-31
378,53.25905738407534,54.632972322503,0.14186432666927207,53.39734309177998,53.1207716763707,11557,Hewlett,Nassau County,NY,1021099.0,-0.01379123069036367,0.3177587577166392,0.057017292060592695,,-0.13302398050376252,0.20981637310926504,0.09208625615127985,-0.07288150812505174,2.0,2026-07-31
379,53.24728730563773,54.51263537906137,0.14186432666927207,53.95661376132524,52.537960849950224,08882,South River,Middlesex County,NJ,546470.0,0.0692099957933138,-0.30739613524801257,-0.04671414297972909,,-0.15201754113356292,-0.21144603629823377,-0.021965486312097937,-0.09827296941303638,2.4,2026-07-31
380,53.21757316055359,54.392298435619736,0.14186432666927207,55.692362256310666,50.74278406479652,07652,Paramus,Bergen County,NJ,1088485.0,0.061283491709485466,0.38166617723743457,0.2345826258452135,0.0592566571748638,0.13068906317341766,0.027093340952680234,-0.11337027073202322,-0.025718655521637948,2.7,2026-07-31
381,53.20395514263866,54.2719614921781,0.14186432666927207,53.98612647309741,52.421783812179925,11001,Floral Park,Nassau County,NY,873336.0,-0.02742280377906922,0.16144462584122188,0.12761492168309196,0.03921741951164455,-0.12793380384061348,0.04113215611221832,0.04940991277356588,-0.07443113462921298,1.9,2026-07-31
382,53.20235402345806,54.151624548736464,0.14186432666927207,51.75689931738607,54.64780872953005,11553,Uniondale,Nassau County,NY,685324.0,0.04676193179337887,-0.08098392584490455,-0.21907404379748918,,-0.1565666433730002,-0.2616818476467809,0.18522801534687972,0.06311461283266188,2.5,2026-07-31
383,53.0194109315332,54.03128760529483,0.14186432666927207,50.282324351742105,55.7564975113243,07513,Paterson,Passaic County,NJ,587806.0,0.03002708613087393,-0.23448001499793136,0.03486125541186702,,0.25804709249594526,-0.361770325841829,0.20622032344145325,-0.06818595811536428,1.9,2026-07-31
384,52.98510308473183,53.910950661853185,0.14186432666927207,54.632897609593144,51.33730855987052,11975,Wainscott,Suffolk County,NY,3194485.0,-0.13764056861679527,1.4583050472011916,0.15168166449107012,,1.3040440291120603,0.15725847459124298,-0.31829615432742386,-0.031065957642542677,2.9,2026-07-31
385,52.976642669716114,53.79061371841155,0.14186432666927207,49.962790243876725,55.9904950955555,11213,New York,Kings County,NY,1147833.0,-0.005306786088110721,0.43475532740402834,0.18621855610915183,0.03303237345820765,0.9796729820437207,-0.12150611137860667,0.1422531320762488,0.027111764057531837,2.0,2026-07-31
386,52.92596991542465,53.67027677496991,0.14186432666927207,52.407278421698855,53.44466140915045,11221,New York,Kings County,NY,1098219.0,-0.1315041834113174,0.3905692350570735,-0.005295632735567324,0.04009220394554702,0.6605532920607977,-0.030997393357575287,0.1787912529896829,0.07769637795066257,1.5,2026-07-31
387,52.886474137406125,53.549939831528285,0.14186432666927207,52.13327337947662,53.63967489533563,07605,Leonia,Bergen County,NJ,847264.0,-0.03914482931363636,0.13113599319316904,0.10760539463574226,,-0.009115781752352392,0.12189908578795217,0.0029016311483012203,0.005240267125924,2.9,2026-07-31
388,52.85541741078172,53.42960288808665,0.14186432666927207,51.0726759681464,54.63815885341704,10530,Hartsdale,Westchester County,NY,752522.0,0.10007670408542638,0.012554619223573482,-0.19029444602552026,,-0.06792827240925381,0.16265101520816339,-0.12368007997033104,0.07816200741762484,2.9,2026-07-31
389,52.85237817354309,53.309265944645,0.14186432666927207,52.09839098605734,53.60636536102883,07502,Paterson,Passaic County,NJ,547196.0,0.06657946564483411,-0.3060697000041692,-0.04736208155511079,,0.0741127410677993,-0.35335438825936066,0.10364652938659624,-0.035018943129136296,2.1,2026-07-31
390,52.82340726508397,53.18892900120337,0.14186432666927207,53.54777703559302,52.099037494574915,11010,Franklin Square,Nassau County,NY,829265.0,0.0064298172687959065,0.10966359354514132,-0.03375639508788275,0.05354138789909945,-0.1271646117926697,-0.08824551801811648,0.016153177926772955,0.020688314948902595,2.1,2026-07-31
391,52.81367541630042,53.068592057761734,0.14186432666927207,51.66414659572958,53.96320423687126,07506,Hawthorne,Passaic County,NJ,650262.0,0.048560771530733154,-0.13350039744352848,-0.11633260075952734,0.0492724255039866,-0.11487612657148216,-0.02043868246181374,-0.11037329212619618,0.06227003494134058,2.3,2026-07-31
392,52.8098159489251,52.9482551143201,0.14186432666927207,50.06497042135282,55.55466147649738,07504,Paterson,Passaic County,NJ,593508.0,0.08262545988717598,-0.22482627271431888,0.02429608232976399,,0.15706357644534807,-0.3479455497667763,0.00999363202647352,-0.07319088394321378,2.8,2026-07-31
393,52.75771510828489,52.82791817087846,0.14186432666927207,55.33863004691696,50.17680016965282,10588,Shrub Oak,Westchester County,NY,631373.0,-0.04304529058894033,-0.1629789217198212,-0.09726440811851056,,-0.6289793632702889,0.09025847197067727,0.23880512395033193,-0.07782772355058194,2.4,2026-07-31
394,52.70079622413011,52.707581227436826,0.14186432666927207,57.57065833564429,47.83093411261593,07677,Woodcliff Lake,Bergen County,NJ,1292469.0,0.11508262233350344,0.5534330604530133,0.2756763422781443,,-0.09119730116606317,0.3213702962895971,-0.0075647016057462935,0.0740460181854961,3.0,2026-07-31
395,52.697436730885,52.58724428399518,0.14186432666927207,60.335546718107835,45.059326743662176,11959,Quogue,Suffolk County,NY,2855534.0,-0.005497814690597375,1.3461379490447545,0.9961442660149782,,1.5839177977498078,-0.04576532661628163,0.015766932152500246,-0.15319367790293698,1.8,2026-07-31
396,52.682847679898615,52.46690734055355,0.14186432666927207,51.72278436567457,53.64291099412265,07418,Glenwood,Sussex County,NJ,463646.0,0.04120493059725874,-0.47175531824618666,0.04556978962156499,,-0.8031646114715987,-0.024740841616641362,-0.07026670312615124,0.04713478966493172,2.4,2026-07-31
397,52.67556954478678,52.34657039711191,0.14186432666927207,49.16360216880932,56.187536920764245,08829,High Bridge,Hunterdon County,NJ,464383.0,0.062154394494305626,-0.4701668750010626,-0.3295365886271586,0.05555760728031074,-0.47156985586714595,0.001989775424534712,-0.07570388648622028,-0.15830551330271686,2.7,2026-07-31
398,52.60121602412646,52.226233453670275,0.14186432666927207,51.01313827931803,54.18929376893489,07033,Kenilworth,Union County,NJ,639687.0,-0.012788407670960206,-0.1498975477554616,-0.013406475363865411,,-0.2044899143390133,-0.17583557956953394,0.009829462791604016,0.02045339814772555,2.2,2026-07-31
399,52.59529736562053,52.105896510228646,0.14186432666927207,57.928654801016755,47.26193993022431,08825,Frenchtown,Hunterdon County,NJ,585500.0,-0.02054621124576847,-0.23840931009404187,-0.15171589318411627,,-0.13990711442471704,-0.009254283843007971,-0.29231124220197024,0.10501731333948365,2.0,2026-07-31
400,52.5734631096481,51.985559566786996,0.14186432666927207,58.67461928142846,46.47230693786775,08836,Bridgewater Township,Somerset County,NJ,894957.0,0.015258638123665597,0.185899879077283,0.3581990380385758,,-0.5297305509165693,0.24725121679692863,0.07235859863474658,-0.029577862129840773,2.4,2026-07-31
401,52.49504746319295,51.86522262334536,0.14186432666927207,54.82254527599781,50.167549650388075,08824,Kendall Park,Middlesex County,NJ,735489.0,0.048716413078715354,-0.010340807077120928,0.08406838958915941,,-0.4525890966864925,0.17363320202594446,-0.058854867869529315,0.06611106881940491,2.5,2026-07-31
402,52.491543024533854,51.74488567990373,0.14186432666927207,54.67293359290918,50.31015245615852,11792,Wading River,Suffolk County,NY,756510.0,0.07913990883505875,0.01783900814525019,0.19006456395871751,,-0.2457018203635617,-0.02274541605340391,-0.22547122594864533,0.06008382594489374,2.3,2026-07-31
403,52.4865848865047,51.624548736462096,0.14186432666927207,48.934939951410186,56.03822982159922,10603,White Plains,Westchester County,NY,683703.0,0.022440083967376984,-0.08335300432452186,-0.2571316914086612,0.05726172994305597,-0.15810153845735297,-0.031645706403297336,0.002212091956145912,0.0004721505677045962,2.8,2026-07-31
404,52.48040990792055,51.50421179302046,0.14186432666927207,52.98894399918226,51.971875816658844,07405,Kinnelon,Morris County,NJ,699282.0,0.04752199295086648,-0.06082252431941093,0.11158692031823314,,-0.24609150728206974,0.061299581008321224,-0.08584235590333478,0.007739616779252764,2.4,2026-07-31
405,52.44995775475694,51.383874849578824,0.14186432666927207,50.68606525141263,54.213850258101246,10314,New York,Richmond County,NY,716231.0,-0.028515297915781085,-0.036873882933589286,0.07645620623988236,0.04486385042653647,0.03411515458970693,-0.11420984155453173,-0.09731200199484924,-0.006673406733767442,1.6,2026-07-31
406,52.44976861432958,51.26353790613718,0.14186432666927207,56.566651534283466,48.33288569437569,11365,New York,Queens County,NY,1015551.0,-0.11198108435186568,0.3123102758465688,0.24247251654109903,0.03201253447860318,0.6359378623596992,-0.11223066394586145,-0.047786027283464705,0.004063296277184755,1.4,2026-07-31
407,52.44098337716972,51.143200962695545,0.14186432666927207,54.90638321371235,49.97558354062709,10594,Thornwood,Westchester County,NY,932689.0,0.035016827819909585,0.22719578293363973,-0.07976002643377633,,-0.14861719073498603,-0.01854327447813231,-0.24114610956823235,0.060338077762943684,2.7,2026-07-31
408,52.436326669002284,51.02286401925391,0.14186432666927207,57.508296173588505,47.36435716441606,11752,Islip Terrace,Suffolk County,NY,663805.0,-0.02339038712678629,-0.112888297489393,-0.08138272986823125,,-0.4149657521486365,-0.19974876991154694,0.12431302780665199,-0.05871459285255094,3.0,2026-07-31
409,52.40295574180872,50.90252707581227,0.14186432666927207,50.89777800188309,53.908133481734346,07204,Roselle Park,Union County,NJ,553311.0,0.010372387608255457,-0.2949564013885553,-0.05011920853607421,0.05366828254352511,-0.2712574547540989,-0.10587065907184451,0.14888359095492554,0.04178907341647102,2.2,2026-07-31
410,52.40139172403248,50.782190132370644,0.14186432666927207,52.339601424797266,52.4631820232677,11426,New York,Queens County,NY,800767.0,-0.07159491992061504,0.07469365472867118,-0.023326518245109895,,0.15606011667681297,-0.040418254490398875,-0.18628433920340193,-0.002445236204106485,1.4,2026-07-31
411,52.35668843458191,50.661853188928994,0.14186432666927207,59.3559716215212,45.35740524764262,11215,New York,Kings County,NY,1525203.0,-0.15565967646965148,0.7190063299421734,0.2633058345571033,0.03366114797219946,0.21524259062002815,0.3153211255018511,0.11034331144491638,0.027675171603567514,2.6,2026-07-31
412,52.31415498029696,50.54151624548736,0.14186432666927207,55.89987342168589,48.72843653890803,11703,North Babylon,Suffolk County,NY,645294.0,-0.0010865907741607062,-0.1411695099217365,-0.031778879181308284,,-0.34104619148508,-0.12041962758900715,0.14731234250204928,-0.02078400214309513,2.2,2026-07-31
413,52.303257418576436,50.42117930204573,0.14186432666927207,54.896208184823244,49.71030665232962,07876,Succasunna,Morris County,NJ,673722.0,0.049454395716690774,-0.09805897273103881,0.1331874846919181,,-0.4600928916523934,0.0024500570981797476,-0.02435150258126839,-0.1321562628411656,2.4,2026-07-31
414,52.295094762219264,50.30084235860409,0.14186432666927207,47.51696927514048,57.07322024929805,07083,Union,Union County,NJ,585983.0,0.00829556945154089,-0.23758595023565654,-0.08927159987342037,0.05354404716829299,-0.31942347183068986,-0.0777188480513713,0.06136739831223892,0.01633998476370939,2.4,2026-07-31
415,52.28872250235134,50.18050541516246,0.14186432666927207,55.74318310360066,48.834261901102025,08092,West Creek,Ocean County,NJ,528209.0,0.09736172996542117,-0.34138468348871065,-0.1646974684414122,,-0.32522478467919425,-0.0925357779979043,0.17605408072909157,-0.21615743250785496,2.4,2026-07-31
416,52.26701251470393,50.06016847172082,0.14186432666927207,49.233500608908614,55.300524420499244,11369,New York,Queens County,NY,847115.0,-0.06958850769983335,0.1309600938923623,0.23737163988219478,0.03588651503060833,0.4664846979523378,-0.26772119748165946,0.16216038515311304,0.032291534710603906,1.8,2026-07-31
417,52.25255841922579,49.939831528279186,0.14186432666927207,48.4857038359773,56.01941300247428,10004,New York,New York County,NY,1252150.0,-0.31098993048982815,0.5217413335937788,-0.22375209285555187,0.04663096231557784,-0.2784667198460469,0.4144339643677176,0.0420816364233616,-0.03860312478028734,1.3,2026-07-31
418,52.22466639369996,49.81949458483754,0.14186432666927207,43.63399645814091,60.815336329259004,11423,New York,Queens County,NY,843106.0,-0.06583747487209343,0.12621653273538413,0.039361233514885186,0.03809129439655798,0.4647719901859595,-0.15534086039090794,-0.11389335152900415,-0.050001319721404605,2.0,2026-07-31
419,52.200671139908536,49.69915764139591,0.14186432666927207,53.681470816496045,50.71987146332102,11769,Oakdale,Suffolk County,NY,727396.0,0.03166858975259182,-0.021405673408439796,-0.010104831093375566,,-0.11685949044528532,-0.04213280947159259,-0.057557882895414636,-0.04979212253284411,3.0,2026-07-31
420,52.178699158856574,49.57882069795427,0.14186432666927207,52.23145521802351,52.12594309968964,11972,Speonk,Suffolk County,NY,769230.0,0.02685730617378504,0.034513628874405455,-0.37611373783269997,,,0.059898511952853895,,-0.9436598276353718,2.4,2026-07-31
421,52.16919022480303,49.458483754512635,0.14186432666927207,52.8147970522391,51.523583397366956,08826,Glen Gardner,Hunterdon County,NJ,576119.0,-0.020809920491929285,-0.2545622919370949,0.023518454038574887,,-0.35156882897147423,-0.023488464064031822,-0.09198451798627083,-0.08926883410431304,2.7,2026-07-31
422,52.15514606244055,49.338146811071,0.14186432666927207,58.78947414148337,45.52081798339774,11217,New York,Kings County,NY,1611325.0,-0.1694397481518429,0.7739359710002098,0.22637615056113525,0.03366057548109399,0.40228347881584336,0.22936972430939084,0.07945334450916341,0.05894865474018322,2.6,2026-07-31
423,52.108064533518366,49.21780986762936,0.14186432666927207,53.10909407478018,51.10703499225655,10960,Nyack,Rockland County,NY,788289.0,0.0026229925656128528,0.05898796789911387,0.021066885828519233,0.04435241565037573,-0.05436106774811589,0.1558253916165574,0.132020922213961,-0.02857127588796944,2.7,2026-07-31
424,52.095546227235204,49.09747292418773,0.14186432666927207,52.38863212510757,51.80246032936283,08807,Bridgewater Township,Somerset County,NJ,745235.0,0.012117713047186035,0.0028239577897384294,0.10567281596292943,0.048697811386446604,-0.40401745633755515,0.11769057595921029,0.014451109880237567,0.03909839933849417,2.4,2026-07-31
425,52.08009999808567,48.97713598074609,0.14186432666927207,56.18015979489449,47.98004020127686,07077,Sewaren,Middlesex County,NJ,542418.0,0.10532194678701182,-0.314839377857993,-0.10914180091728198,,-0.28445321762119424,-0.1670860500275974,0.11831059422662449,0.14001000578821216,2.7,2026-07-31
426,52.07237479455658,48.856799037304455,0.14186432666927207,63.48661145402497,40.65813813508819,07620,Alpine,Bergen County,NJ,3192136.0,0.12418669759469161,1.4575694069685685,1.2006812780839073,,0.6696646811077958,0.27321336618242376,0.4030681722014684,-0.05933051581217415,2.8,2026-07-31
427,52.064226077778045,48.73646209386281,0.14186432666927207,53.536784480720236,50.59166767483586,07606,South Hackensack,Bergen County,NJ,722177.0,0.037699143747890324,-0.02860550216604274,0.11748452008472476,,0.25558035229579157,-0.2111394762761456,-0.07770176519677108,0.10607337635817897,2.4,2026-07-31
428,52.04644130275807,48.61612515042118,0.14186432666927207,50.45060945445524,53.642273151060905,11413,New York,Queens County,NY,737753.0,-0.06842166456343754,-0.00726666543559773,-0.009691451006295537,,-0.060416304254567565,-0.1779656604047043,0.005986390968397259,0.0909619269040756,1.8,2026-07-31
429,52.00358459379498,48.49578820697955,0.14186432666927207,51.458722032736006,52.54844715485396,11501,Mineola,Nassau County,NY,845599.0,0.05263840220119356,0.129168650264063,-0.33609797187557255,0.049207037504578596,-0.0743976830036257,0.08816909677074525,0.07516565216616122,0.11564547876266422,2.5,2026-07-31
430,52.00172175057756,48.375451263537904,0.14186432666927207,55.89341561927803,48.11002788187708,07853,Long Valley,Morris County,NJ,751263.0,0.03269096100641136,0.010880203854563675,0.12793121403484164,,-0.4371644096895413,0.13522925780299466,-0.1787161958309227,-0.04796133670424725,2.4,2026-07-31
431,51.98717482206139,48.25511432009627,0.14186432666927207,50.40408471422565,53.570264929897135,07110,Nutley,Essex County,NJ,662012.0,0.044043054630235196,-0.11559317949477865,-0.08710227943729798,0.0417930266220102,-0.1788736980359691,0.03458689952250593,-0.046876823781889954,0.04057419201918071,2.1,2026-07-31
432,51.93649852250218,48.13477737665463,0.14186432666927207,56.16772055097364,47.705276494030706,10307,New York,Richmond County,NY,843450.0,-0.061814612814572095,0.1266239529803208,0.38510264835231567,,-0.14380268734006063,-0.08340211476759762,0.31663500384415677,-0.01694807609675815,1.6,2026-07-31
433,51.93252258822376,48.014440433213,0.14186432666927207,47.29811507256746,56.56693010388006,10596,Verplanck,Westchester County,NY,560110.0,-0.045680814163270606,-0.2827427535574305,-0.0877290620066109,,-0.1473815083864054,-0.0068420223176746675,-0.09283573826125213,-0.29307567504019677,3.8,2026-07-31
434,51.92952251959731,47.89410348977136,0.14186432666927207,52.482074624989906,51.37697041420473,07410,Fair Lawn,Bergen County,NJ,739458.0,0.06365716162584825,-0.004958751072859258,0.07899262612672153,0.05493663607701511,-0.25749337385362314,0.14251418587113462,-0.07087092959755559,0.029873713796812404,2.4,2026-07-31
435,51.90501252925543,47.773766546329725,0.14186432666927207,52.00533217326407,51.80469288524678,07465,Wanaque,Passaic County,NJ,523601.0,-0.05230333641588167,-0.3501454527991683,-0.23760365278451623,,-0.3752023705203371,-0.004205618920023357,-0.1158078250272574,-0.07127426696403445,1.5,2026-07-31
436,51.86464638784435,47.65342960288809,0.14186432666927207,58.43055905327118,45.29873372241752,11968,Southampton,Suffolk County,NY,2253681.0,0.0865442156474682,1.1094439140722478,0.1509365695331919,0.22137320956753612,0.7794419095540401,0.10145913833707643,0.15408022031015634,0.058938969969702534,2.9,2026-07-31
437,51.822692186898976,47.53309265944645,0.14186432666927207,51.84912602775874,51.7962583460392,11940,East Moriches,Suffolk County,NY,786722.0,0.03277791478204897,0.056998915789428395,-0.1040552160172421,,-0.15361765225192703,-0.08970077313531477,0.05070620464523934,0.0022854885823904575,2.7,2026-07-31
438,51.7681829183896,47.41275571600481,0.14186432666927207,50.28516341240608,53.251202424373126,11433,New York,Queens County,NY,724396.0,0.012303585575598325,-0.025538417308988315,-0.008961532588500631,0.051353149224382416,0.3451953795029261,-0.3022761371409821,0.12567856388300136,0.03248889716660512,1.9,2026-07-31
439,51.72481059612708,47.292418772563174,0.14186432666927207,50.638104133463024,52.81151705879113,11729,Deer Park,Suffolk County,NY,658163.0,0.00495018510867809,-0.12142329196335844,-0.05873558302141468,0.040795353798556755,-0.3197019987469585,-0.11499915411957173,0.1409460061053931,-0.05131288731004498,1.9,2026-07-31
440,51.66705090103072,47.172081829121545,0.14186432666927207,45.275409569789446,58.058692232272,11801,Hicksville,Nassau County,NY,796677.0,0.03306892541314746,0.0695733394144451,-0.2830637284739286,0.048980107692667106,-0.19132330783174045,-0.05597257606713696,0.047745239910536696,-0.07585969340198746,2.3,2026-07-31
441,51.631373960352406,47.0517448856799,0.14186432666927207,48.667344923492855,54.59540299721196,10537,Lake Peekskill,Putnam County,NY,435796.0,0.08135815960909412,-0.5337016871120355,-0.3712435166981063,,-0.696132716332069,0.060648002683511226,0.05169098313508691,-0.011188350965657803,2.6,2026-07-31
442,51.604886806996134,46.931407942238266,0.14186432666927207,46.36807664666072,56.84169696733156,08731,Forked River,Ocean County,NJ,507252.0,0.1055957219045677,-0.3818677798755292,0.046399608149982896,,-0.2514996046234306,-0.15208866131929033,-0.058017021786110234,0.04801689256468249,2.4,2026-07-31
443,51.58322514967384,46.81107099879663,0.14186432666927207,58.29679577437907,44.8696545249686,07717,Avon by the Sea,Monmouth County,NJ,1848031.0,-0.00017738704184430687,0.9109997258957492,0.31313225556864843,,0.823044126310269,0.23480255270936168,0.047439534523276095,-0.05932529495694601,4.1,2026-07-31
444,51.56641988515318,46.690734055354994,0.14186432666927207,52.17249269666146,50.9603470736449,11590,Westbury,Nassau County,NY,817429.0,0.03793793749604504,0.09528846376232103,-0.2336521117192909,0.051809448430542485,-0.2136311211263504,-0.09175872922146777,0.12654465255383407,0.007539796616733249,2.4,2026-07-31
445,51.536242607456025,46.57039711191336,0.14186432666927207,46.51345837902576,56.55902683588629,07407,Elmwood Park,Bergen County,NJ,629564.0,-0.027103602944654165,-0.1658479394408534,0.02535583319535384,0.048872411072370774,-0.06701161442105286,-0.1400232182192156,0.04310062245519397,0.05565277353422386,1.9,2026-07-31
446,51.532735707171,46.450060168471715,0.14186432666927207,52.096556286469166,50.968915127872826,10308,New York,Richmond County,NY,739738.0,-0.04685604363841697,-0.004580545492883559,0.09371439306023532,0.0421771128684786,-0.11841440265978886,-0.09646579991910248,-0.031086581507750566,-0.03789131764995597,1.5,2026-07-31
447,51.528695318918594,46.32972322503009,0.14186432666927207,49.56241713042067,53.49497350741651,11901,Riverhead,Suffolk County,NY,658684.0,0.0766591393171904,-0.12063195592598674,-0.5394997875307563,,0.15725626232480994,-0.2615707591095636,0.015913250930868372,0.10109861074252384,2.3,2026-07-31
448,51.52312833067015,46.20938628158845,0.14186432666927207,52.6415812529764,50.4046754083639,11429,New York,Queens County,NY,754509.0,-0.029643448032339842,0.015191072063968747,-0.07166523532028535,,0.10288467598908002,-0.2034591141192491,-0.07836306040933394,0.07648479668810308,1.8,2026-07-31
449,51.50025042567808,46.08904933814681,0.14186432666927207,49.16170279039234,53.838798060963825,07850,Landing,Morris County,NJ,530377.0,0.05948749874071027,-0.33728894927352115,0.025440941160576713,,-0.2870461895824523,-0.03190994286640236,-0.016819084109709337,-0.007754878774096155,2.2,2026-07-31
450,51.4710168056693,45.96871239470517,0.14186432666927207,50.36488774695823,52.57714586438037,11223,New York,Kings County,NY,1102835.0,-0.07322574472660079,0.39476317845045017,0.2026635643989234,0.02876949078369247,0.9670610407028917,-0.15529554186443623,-0.07163709293625153,-0.07610776240115742,2.8,2026-07-31
451,51.466972266379074,45.84837545126354,0.14186432666927207,55.292018700030624,47.64192583272753,08802,Asbury,Hunterdon County,NJ,620265.0,0.018043243186959407,-0.18072970852398562,0.19804193690090344,,-0.369838346500422,-0.04936158263693807,-0.20574915870469113,0.04973167053058285,2.4,2026-07-31
452,51.441327690951006,45.7280385078219,0.14186432666927207,52.51095681064882,50.37169857125319,11764,Miller Place,Suffolk County,NY,744768.0,0.04626151383481805,0.0021966360868734824,0.18259786642883746,,-0.2657061676165935,-0.03769805062613096,-0.11975501346486617,-0.009390232163502168,2.4,2026-07-31
453,51.401187306744575,45.607701564380264,0.14186432666927207,56.257402640981525,46.544971972507625,08553,Rocky Hill,Somerset County,NJ,744469.0,0.046019276257331404,0.0017949441592364224,-0.028033649366381752,,-0.27453877200179133,0.22032962200146333,0.05069509760037327,0.0536752708125479,2.2,2026-07-31
454,51.387694113630594,45.48736462093863,0.14186432666927207,50.51185584112897,52.26353238613222,11715,Blue Point,Suffolk County,NY,716818.0,-0.005799297273771126,-0.03605465624744575,0.03800309223524323,,-0.4093145699099836,0.10050624571335798,0.054085484204424716,-0.05174446585217103,2.3,2026-07-31
455,51.3715167214923,45.36702767749699,0.14186432666927207,54.973992979518826,47.76904046346577,07960,Morristown,Morris County,NJ,917503.0,0.055449315040283415,0.2107791280789275,-0.12885969655063434,0.03859759320311722,-0.14522314693981753,0.1878510675590268,0.011824832020618459,-0.05332657329854458,2.5,2026-07-31
456,51.37095630584838,45.246690734055356,0.14186432666927207,51.45488836128623,51.28702425041054,08751,Seaside Heights,Ocean County,NJ,742711.0,0.22909818869289147,-0.0005690900004271526,0.09113398583093257,0.03803632530187249,0.3710810309962216,-0.09972272030659102,-0.2465616699355806,-0.04936944507961423,2.7,2026-07-31
457,51.34848788294953,45.12635379061371,0.14186432666927207,57.092619391696644,45.60435637420242,07757,Oceanport,Monmouth County,NJ,967809.0,0.08569344198481979,0.26415898883321987,-0.10399921761755415,,0.14838819269348558,0.05223986579884865,0.11423197350050174,0.17177890492211773,3.5,2026-07-31
458,51.33491483931827,45.006016847172084,0.14186432666927207,46.95057683803223,55.71925284060433,07422,Highland Lake,Sussex County,NJ,411809.0,0.07426643893410692,-0.5903154295415121,-0.07622682050765661,,-0.5578527306801011,-0.04894844957644834,-0.14756223372381072,-0.16222081033964092,2.6,2026-07-31
459,51.330864879071356,44.88567990373045,0.14186432666927207,52.7362605386937,49.92546921944902,07662,Rochelle Park,Bergen County,NJ,649216.0,0.03627548890180812,-0.13511145997023988,-0.07333343974839934,,-0.11778355356717474,-0.0036986675504206423,0.03959533054103126,0.11312613365913764,2.4,2026-07-31
460,51.32633007372688,44.765342960288805,0.14186432666927207,50.753808026854784,51.898852120598974,07081,Springfield,Union County,NJ,718316.0,0.0662983143598769,-0.03396695048641263,-0.28663014014431454,0.045564654889018084,-0.36196334760425697,0.16697787052719315,0.10047036951607957,-0.006864498293266144,2.3,2026-07-31
461,51.325270574061065,44.64500601684717,0.14186432666927207,53.37403021298027,49.27651093514185,10709,Eastchester,Westchester County,NY,1027870.0,0.014381030954007917,0.3243675743276171,0.12289317108202091,0.0402774754565763,-0.09262393593517193,0.16853884974802058,0.052184392960628045,-0.04196949245664579,3.1,2026-07-31
462,51.278372559648076,44.52466907340554,0.14186432666927207,50.69723376665793,51.85951135263822,08827,Hampton,Hunterdon County,NJ,629708.0,0.06103075260347737,-0.1656205863369422,0.10291681417097998,,-0.3542574462172461,0.005365833988264623,0.0244519663274243,-0.12028988808290438,2.6,2026-07-31
463,51.25699309496392,44.4043321299639,0.14186432666927207,46.863543857640266,55.650442332287575,07603,Bogota,Bergen County,NJ,621695.0,0.04025335805432953,-0.17842612366558797,-0.1066340951419491,0.05804773029800945,-0.0947969547877936,-0.16730647828821804,-0.10696423048236348,0.15085487784771195,2.2,2026-07-31
464,51.25042802909688,44.28399518652226,0.14186432666927207,50.18099282046795,52.31986323772582,07857,Budd Lake,Morris County,NJ,495996.0,0.018986883122428827,-0.40430737664306626,-0.08249774651036823,,-0.13621105806072653,-0.12626829275405804,-0.012132172053906487,0.2230748666932006,2.0,2026-07-31
465,51.22817144218078,44.163658243080626,0.14186432666927207,52.6329915458691,49.82335133849246,11743,Huntington,Suffolk County,NY,936342.0,0.030044379018466932,0.23110463459699027,-0.14838316305620936,0.043664955662072666,-0.2581459900121008,0.14399556994202967,0.125831140446115,-0.055622808268683335,2.7,2026-07-31
466,51.2034330773962,44.04332129963899,0.14186432666927207,54.887144349287894,47.51972180550451,11231,New York,Kings County,NY,1788288.0,-0.17802742215941478,0.8781379959287623,0.42126778532117015,0.03288007706357997,0.6582525627755611,0.184010967000944,0.1083622859479565,0.044354781355435954,2.2,2026-07-31
467,51.140095393765634,43.922984356197354,0.14186432666927207,53.940656874472324,48.33953391305895,10595,Valhalla,Westchester County,NY,907010.0,0.024455408004634555,0.1992777014347169,0.07636023458456442,,0.1047955601289885,-0.00631273806912569,-0.11547292456934954,-0.017207093973235124,2.7,2026-07-31
468,51.087334980135026,43.80264741275572,0.14186432666927207,49.15463670956518,53.02003325070488,11757,Lindenhurst,Suffolk County,NY,623728.0,-0.01831704945534937,-0.17516167410482808,-0.09843379694045318,0.052946148368458436,-0.30506750988542497,-0.18201583568909036,0.05179191377016856,-0.04198002866221602,2.0,2026-07-31
469,51.07323210417294,43.682310469314075,0.14186432666927207,54.961788911942975,47.1846752964029,10968,Piermont,Rockland County,NY,839908.0,0.022469551806075932,0.12241640954836797,-0.04732665051651708,,-0.13306046845778607,0.17324142678419818,-0.07134119050098775,-0.09640801437979692,3.2,2026-07-31
470,51.07172423141854,43.561973525872446,0.14186432666927207,46.589424878293244,55.55402358454384,10993,West Haverstraw,Rockland County,NY,446796.0,0.07914687003482293,-0.508773296620868,-0.38222869896626044,,0.019969281799208316,-0.25396657163886177,0.10306455812383142,-0.008579063845919513,2.8,2026-07-31
471,51.05072644509973,43.4416365824308,0.14186432666927207,49.53338456895117,52.568068321248276,07034,Lake Hiawatha,Morris County,NJ,533182.0,0.01333220083143552,-0.3320131513815685,-0.4343925596994378,,-0.2615019517465289,0.026039368842493804,-0.04403564937196158,0.22445622664251302,2.3,2026-07-31
472,51.042613114820966,43.32129963898917,0.14186432666927207,50.22211849438302,51.86310773525891,11206,New York,Kings County,NY,1153423.0,0.0766661883116008,0.4396128946457818,-0.03259772291952601,0.041928075686371885,1.042971443884366,-0.12632472308158832,0.2040267919364993,0.05248276825091151,3.6,2026-07-31
473,51.03053699502566,43.20096269554753,0.14186432666927207,46.41365322235559,55.647420767695735,11552,West Hempstead,Nassau County,NY,804051.0,0.028682123871688253,0.07878635257510958,-0.03137530761450513,0.05660255418506426,-0.24437495507429507,-0.0036611246391030083,0.006207232890735881,0.001966507907555745,2.2,2026-07-31
474,51.02039108816538,43.080625752105895,0.14186432666927207,48.24692586983443,53.793856306496345,07514,Paterson,Passaic County,NJ,543461.0,0.06701908756102207,-0.31291831823507543,-0.13417281042528018,,0.15691901261273844,-0.36519646592061006,0.2411475982777933,-0.027890435343578893,2.1,2026-07-31
475,50.986482531168974,42.96028880866426,0.14186432666927207,54.81895553565914,47.15400952667881,07460,Stockholm,Sussex County,NJ,449120.0,0.023383077530550272,-0.5035853443518814,-0.028016694518296248,,-0.7596206870772371,-0.12646301996034498,0.05251292751305847,-0.18003974929026761,2.7,2026-07-31
476,50.93635876040747,42.83995186522262,0.14186432666927207,43.659910336705224,58.21280718410973,11953,Middle Island,Suffolk County,NY,511202.0,0.11793334176587181,-0.3741117132359957,-0.17540120351853083,0.06718285819998115,-0.10959462963731359,-0.16331507614764584,-0.21830872007490676,-0.033511373708348294,2.5,2026-07-31
477,50.935773335197865,42.71961492178099,0.14186432666927207,47.18307010309189,54.68847656730384,18458,Shohola,Pike County,PA,311210.0,-0.0101905905538274,-0.8704082688077452,-0.04862098136597659,,-0.7200923988307573,-0.21508449565805815,0.08844920607284124,0.27512198100694657,2.0,2026-07-31
478,50.91561261902367,42.59927797833935,0.14186432666927207,48.37766072150753,53.45356451653981,07430,Mahwah Township,Bergen County,NJ,726026.0,0.040781651785982836,-0.023290578383024396,-0.21604013011107703,0.05288379216833385,-0.17972411008539102,0.11270578004996834,-0.027081374592590635,0.008166384612178043,2.0,2026-07-31
479,50.87781536526886,42.478941034897716,0.14186432666927207,59.476111374546505,42.27951935599121,10576,Pound Ridge,Westchester County,NY,1496599.0,0.1704350798671527,0.700074444906793,0.21580032315098485,,-0.10013360853303266,0.2786552200454968,-0.0038649642108055104,-0.12197063751563748,3.6,2026-07-31
480,50.863539635307006,42.35860409145607,0.14186432666927207,58.53772124479713,43.18935802581687,07082,Towaco,Morris County,NJ,878455.0,0.007680490250378119,0.1672882447641335,0.2428805444061286,,-0.4345770587884037,0.23894836468548175,0.21746408539484463,0.14683767590606261,2.5,2026-07-31
481,50.84126189872444,42.238267148014444,0.14186432666927207,47.66251471900253,54.02000907844635,07457,Riverdale,Morris County,NJ,492674.0,0.0372763361036931,-0.4110275816872484,-0.2448575887223079,0.06929931102081177,-0.324014150746627,-0.020468832500624534,-0.303441363387444,-0.015838569688531215,1.9,2026-07-31
482,50.83490969349117,42.11793020457281,0.14186432666927207,55.10045933490338,46.56936005207897,11942,East Quogue,Suffolk County,NY,1189760.0,0.1389688449422252,0.4706309232994066,-0.07215796213318626,,0.6516828805780939,0.004720582032892329,-0.21548358907363152,0.057460389935452036,2.6,2026-07-31
483,50.80951575009702,41.997593261131165,0.14186432666927207,50.400033853361435,51.2189976468326,11933,Calverton,Suffolk County,NY,654959.0,0.06028027691534668,-0.12630387564622936,-0.13813101128059735,,0.2882562263101007,-0.19863112205726507,-0.2690867668455663,-0.14777786022996303,2.5,2026-07-31
484,50.80079889170184,41.87725631768953,0.14186432666927207,44.354894803312185,57.24670298009149,08701,Lakewood,Ocean County,NJ,588170.0,0.3285601651421505,-0.23385980105423343,-0.3610892656609348,0.04360869102608827,0.3136407617139241,-0.15282568480445935,-0.011515741442998717,0.23214001421152403,2.3,2026-07-31
485,50.78708623941708,41.75691937424789,0.14186432666927207,50.52392411847708,51.05024836035707,10952,Monsey,Rockland County,NY,1155778.0,0.18630048910558764,0.44165315866884036,0.330679970515936,,0.9988528484498598,-0.23551986344585024,-0.14980579600974586,0.15435282759017382,2.4,2026-07-31
486,50.77407274819332,41.63658243080626,0.14186432666927207,51.79364466416795,49.75450083221868,08530,Lambertville,Hunterdon County,NJ,655065.0,-0.0434542839195565,-0.12614213307394806,-0.2148588490393024,,-0.19626112516287475,0.10381235542026035,0.0027297047159375865,0.08852080072963835,1.9,2026-07-31
487,50.74401236877194,41.51624548736462,0.14186432666927207,52.480223302907135,49.00780143463675,08833,Lebanon Borough,Hunterdon County,NJ,752298.0,0.011158231670363256,0.012256165431244526,0.27793019224973037,,-0.4166175043972047,0.114906851266245,0.046085608034172054,0.10882975504918262,2.5,2026-07-31
488,50.725415310433284,41.395908543922985,0.14186432666927207,40.78583138389884,60.66499923696773,11435,New York,Queens County,NY,589719.0,-0.27583660897040263,-0.23122970135972665,-0.10881840392153741,0.04767673977917658,0.11163211461486067,-0.15604695221989096,-0.044519513043008274,0.04596796631766002,1.5,2026-07-31
489,50.70008883958525,41.27557160048135,0.14186432666927207,53.088863471120916,48.31131420804959,11427,New York,Queens County,NY,792989.0,-0.039052841409263545,0.06493283440781994,0.016713747073756835,,0.2977780734443438,-0.11954195046933236,-0.1170840214403075,0.02035060330910836,1.8,2026-07-31
490,50.66214821095123,41.15523465703971,0.14186432666927207,47.774266901830096,53.55002952007237,07095,Woodbridge,Middlesex County,NJ,489322.0,0.12879718822150324,-0.41785531496048733,-0.14718394845018068,0.0628933655492999,-0.34985379033741393,-0.12863593262215944,-0.039403884228285335,0.0076723628337538735,2.5,2026-07-31
491,50.66164401221987,41.03489771359807,0.14186432666927207,48.62290477972363,52.7003832447161,07666,Teaneck,Bergen County,NJ,706116.0,0.023416993597111718,-0.051096332415459855,0.03935678627106043,0.05020561526253298,-0.3001734653237691,0.08087725859223527,0.02224840553147267,-0.005346858224086495,2.4,2026-07-31
492,50.63528838358317,40.91456077015644,0.14186432666927207,50.01617163657196,51.25440513059439,07644,Lodi,Bergen County,NJ,635606.0,0.041780414669867844,-0.15629805710492306,-0.028675356476906444,0.04464224387388676,0.07290132995305032,-0.1949825688719084,0.06224176441472373,0.05536998325855995,2.3,2026-07-31
493,50.62926068485704,40.794223826714806,0.14186432666927207,55.66585164594847,45.5926697237656,08867,Pittstown,Hunterdon County,NJ,756814.0,-0.0036360341011004438,0.018241950039596944,0.257712649329358,,-0.5814749466573741,0.15002694520477633,0.25864581307731527,-0.08310683576758633,2.3,2026-07-31
494,50.606739641520626,40.67388688327316,0.14186432666927207,50.51710683412842,50.69637244891283,07848,Lafayette Township,Sussex County,NJ,490308.0,-0.0014451301077272605,-0.41584212475710736,0.023115188989589086,,-0.5490890251352287,-0.07968011485221377,0.15167875814024434,-0.18027835582921864,2.4,2026-07-31
495,50.60652106339148,40.55354993983153,0.14186432666927207,50.63529147722511,50.57775064955786,07847,Kenvil,Morris County,NJ,519587.0,0.012275487510671118,-0.3578427155206505,-0.053129257143305963,,-0.08307678541333563,-0.18651582036216707,-0.5115342745517193,-0.1445018873059138,2.3,2026-07-31
496,50.55110968866805,40.43321299638989,0.14186432666927207,52.54946602146837,48.552753355867736,07068,Roseland,Essex County,NJ,830914.0,0.07232577077348204,0.11165032679210718,-0.09339868396288509,,-0.2697480272504802,0.22761450347762713,0.011610090260331773,-0.033053634703243254,2.5,2026-07-31
497,50.4455943655188,40.312876052948255,0.14186432666927207,43.47798479308586,57.41320393795175,07734,Keansburg,Monmouth County,NJ,426817.0,0.0963477070899085,-0.5545202604651305,-0.4915007386758692,0.07028769350385985,-0.24033623932910975,-0.24881487293016458,0.048413592616332934,-0.1403746309915747,3.3,2026-07-31
498,50.43470568895696,40.19253910950662,0.14186432666927207,53.66084096426611,47.20857041364781,07930,Chester,Morris County,NJ,940521.0,0.033206302163249296,0.2355575424947034,0.09201840921185322,,-0.5277916369939792,0.2219009530800733,0.2530638548150552,-0.1386754146513282,2.5,2026-07-31
499,50.388660808745485,40.07220216606498,0.14186432666927207,44.51417534359516,56.26314627389581,08087,Tuckerton,Ocean County,NJ,424554.0,0.13222005413266338,-0.559836496043923,-0.23252628694937627,0.06927423175501296,-0.356851161547451,-0.19996197083439465,0.09123766907659814,-0.09475131660586884,2.4,2026-07-31
500,50.367955403803464,39.95186522262335,0.14186432666927207,50.03788174262734,50.698029064979586,08758,Waretown,Ocean County,NJ,557761.0,0.10012051980112205,-0.2869449019623911,-0.13244940107551706,0.051993557489327255,-0.13936755644469234,-0.16738260924019766,0.094655422428783,-0.10185141673452032,2.3,2026-07-31
501,50.20686021513069,39.83152827918171,0.14186432666927207,52.565439654333424,47.84828077592795,07834,Denville,Morris County,NJ,680530.0,0.02881043402196362,-0.08800436711310766,-0.019295415646935155,,-0.42236890932902615,0.12162123042927309,-0.0006172316583192838,-0.06392946836048781,2.3,2026-07-31
502,50.20439144898536,39.71119133574007,0.14186432666927207,49.85880841184881,50.549974486121904,07012,Clifton,Passaic County,NJ,666388.0,0.083963844495511,-0.1090039605313411,-0.033918771500800915,0.053324281530811486,-0.010138148149329895,-0.024732335106424697,-0.007691203973203997,0.12518205697612955,2.1,2026-07-31
503,50.20155792714642,39.59085439229844,0.14186432666927207,45.384836596707714,55.01827925758512,07421,West Milford,Passaic County,NJ,492328.0,0.03091056178205634,-0.4117316238534272,-0.05997313078681188,0.06824722509867089,-0.5564695637089969,-0.10291594942248172,0.0769082254709943,-0.08639854732091452,2.3,2026-07-31
504,50.14219029316962,39.4705174488568,0.14186432666927207,52.4408837146937,47.84349687164554,11357,New York,Queens County,NY,1010416.0,-0.06216333718406872,0.3072414245718633,0.3052253273667329,0.03591094388668976,0.4539110294759865,-0.09945286669002362,-0.10882772847925004,0.011026145533755291,1.8,2026-07-31
505,50.10731854277766,39.35018050541516,0.14186432666927207,49.246392901360494,50.96824418419483,07088,Union,Union County,NJ,474664.0,-0.12334953564967818,-0.4482698418643274,-0.5088883269193456,,-0.2621897916174636,-0.1756586259677091,0.1430783277180563,-0.25201732685853057,1.7,2026-07-31
506,50.10673046382522,39.229843561973524,0.14186432666927207,57.333679977661134,42.87978094998931,07069,Watchung,Somerset County,NJ,1106303.0,0.058573953822103425,0.39790297877268443,0.4413675304756506,0.027551220518698714,-0.026618044851445477,0.14362127198187047,-0.13787630294836717,0.01762520152705553,2.6,2026-07-31
507,50.10185677092372,39.10950661853189,0.14186432666927207,55.651579385150384,44.55213415669705,08853,Branchburg Township,Somerset County,NJ,886152.0,0.057482177529195516,0.17601185174244804,0.3341227713540622,,-0.4996488666307777,0.27092611817355483,0.11550363647617168,0.12167395308169775,2.3,2026-07-31
508,50.090061761678854,38.98916967509025,0.14186432666927207,50.406988447173504,49.77313507618421,10459,New York,Bronx County,NY,524818.0,-0.016341469592745378,-0.3478239253185862,0.11853442692463112,0.06962154474908958,0.7356888970966675,-0.3473800993727565,0.02951653692604239,0.002350554740024699,1.7,2026-07-31
509,50.04137717815395,38.86883273164862,0.14186432666927207,49.77510826691145,50.30764608939645,11958,Peconic,Suffolk County,NY,1264482.0,0.07037644596629136,0.531541657524162,-0.26602010848743163,,,-0.025363601257368362,,0.12068087487332084,3.0,2026-07-31
510,50.03549954416478,38.748495788206974,0.14186432666927207,56.97964297609654,43.09135611223302,11366,New York,Queens County,NY,1143176.0,-0.028719545985124023,0.43068912672676696,0.3425099990947391,0.029916662572945407,0.24391205970571295,0.06030170304690752,0.2424539908130896,-0.029256002397303596,1.4,2026-07-31
511,49.99180054815781,38.628158844765345,-0.5734621435662612,51.792092009680566,48.19150908663505,07869,Randolph,Morris County,NJ,830084.0,0.06510687506012439,0.11065040748965416,0.2951562800648677,0.029272548224938126,-0.3009279556447553,0.19095839897630384,-0.04598258025715296,-0.0781802022828086,2.3,2026-07-31
512,49.989567059778636,38.50782190132371,-0.5734621435662612,53.4942122579815,46.48492186157578,08810,Dayton,Middlesex County,NJ,649071.0,0.06679891199160118,-0.1353335234498516,0.03825682445344114,0.06193463802750338,-0.43731223510742656,0.21443489470806143,-0.06768551919377863,-0.21189608984982716,2.2,2026-07-31
513,49.96130323490262,38.387484957882066,-0.5734621435662612,50.27274145263413,49.649865017171116,11581,Valley Stream,Nassau County,NY,834523.0,-0.0051965940661876375,0.11598435102042082,-0.058444847932610955,0.04245538043784464,-0.12022534252134887,0.013131035801510316,-0.03760153247545084,-0.014495910599412645,2.0,2026-07-31
514,49.924550361876896,38.26714801444043,-0.5734621435662612,48.15175951611806,51.69734120763574,07022,Fairview,Bergen County,NJ,669401.0,0.050228844626041186,-0.10449356628427431,-0.06644724106252298,0.040327124798948684,0.46405549261112955,-0.25798626951824366,-0.13370091863796318,-0.020772413029422857,2.3,2026-07-31
515,49.91549585914139,38.1468110709988,-0.5734621435662612,48.83812064288567,50.9928710753971,11416,New York,Queens County,NY,763717.0,-0.1222615304950608,0.02732070592168334,0.10327719792995893,0.040852845387734496,0.3518101173407231,-0.2504348664397511,-0.12993389301925085,0.008453828387058146,1.5,2026-07-31
516,49.84821110628579,38.02647412755716,-0.5734621435662612,46.05804967683852,53.63837253573305,11225,New York,Kings County,NY,1162315.0,-0.22995709634644398,0.44729293454186525,0.09232808774607193,0.03586584950966644,0.6847791803991192,0.011298139502431304,0.16124435206663534,0.012032367523456863,2.4,2026-07-31
517,49.83304417635272,37.90613718411552,-0.5734621435662612,59.41263540634761,40.25345294635783,08008,Long Beach Township,Ocean County,NJ,1959722.0,0.1589745656161984,0.9696818119507551,1.1999463885785282,,0.9029970348027649,0.15071371954763846,0.07987326258712102,-0.07981623429476743,2.7,2026-07-31
518,49.829638794636146,37.785800240673886,-0.5734621435662612,50.50963237576911,49.149645213503184,08822,Flemington,Hunterdon County,NJ,652525.0,0.03826240086428215,-0.1300273631717559,0.009420953781400954,0.04794148797010073,-0.3344867708163808,0.11337538229886335,-0.05889632581704518,0.03678023808957702,2.3,2026-07-31
519,49.81532254318938,37.66546329723225,-0.5734621435662612,53.355604475434795,46.27504061094396,08884,Spotswood,Middlesex County,NJ,577031.0,0.1044679196679347,-0.25298013200854186,-0.0003682043901545029,,-0.1828414874849209,-0.12163873799633751,0.036980799477055015,-0.012744375913875408,2.2,2026-07-31
520,49.780476310002,37.545126353790614,-0.5734621435662612,46.82708912279964,52.73386349720437,07871,Sparta Township,Sussex County,NJ,621719.0,0.032806240299859374,-0.17838720115230977,0.2691836575447848,,-0.5790326685960399,0.13377948218577973,-0.03448473633514837,0.02879558529896746,2.7,2026-07-31
521,49.73419181649541,37.42478941034898,-0.5734621435662612,49.786664799676025,49.6817188333148,11596,Williston Park,Nassau County,NY,1041179.0,-0.08955675358205326,0.3372328902431967,-0.23363836547073014,,-0.04035786167142885,0.06172835398122034,-0.0559625140663087,-0.017913396416380414,2.4,2026-07-31
522,49.705169215378575,37.30445246690734,-0.5734621435662612,57.18428847937235,42.226049951384795,08558,Skillman,Somerset County,NJ,1062750.0,0.10273662709935608,0.3577387203572542,0.35719048540848597,,-0.3849040145660194,0.30225537448712625,-0.11763650159122285,-0.028193424249018675,2.3,2026-07-31
523,49.69175298999426,37.18411552346571,-0.5734621435662612,44.37603674219664,55.007469237791874,11756,Levittown,Nassau County,NY,739765.0,0.024076159054505913,-0.004544156572729108,-0.11318051381709893,0.05344042269929164,-0.2670240423858641,-0.10619314964863169,-0.0796436616255658,-0.011592260927961909,2.3,2026-07-31
524,49.68204259632304,37.063778580024064,-0.5734621435662612,44.34336815278506,55.020717039861026,10305,New York,Richmond County,NY,734164.0,-0.04401196806543836,-0.012143746668046518,-0.07702064337324366,0.044866269173065985,0.2853089452292046,-0.1827726205085678,-0.18617846392515602,0.030189398560290834,1.5,2026-07-31
525,49.68087983634191,36.94344163658243,-0.5734621435662612,47.276025599429,52.08573407325482,07751,Morganville,Monmouth County,NJ,890047.0,0.05910557658818441,0.18039814577806013,0.12731282280679324,0.04567211674340705,-0.29797397685468074,0.16242260726034063,-0.06619546426711764,0.12137002150738167,2.6,2026-07-31
526,49.673659440354484,36.8231046931408,-0.5734621435662612,44.89350619670021,54.45381268400875,11233,New York,Kings County,NY,1031541.0,-0.07458593479170048,0.3279330737643651,0.0723847811676599,0.03818090003141248,0.9154483962879751,-0.15786602318233323,0.09800618147916929,0.016717836858859678,1.7,2026-07-31
527,49.60485534836827,36.702767749699156,-0.5734621435662612,45.734738435664774,53.47497226107176,07731,Howell,Monmouth County,NJ,678682.0,0.1576283823947641,-0.09072345786896463,-0.1496157844687449,,-0.2677242165529681,-0.05061014730775981,-0.027518916433724172,0.021438769506282804,2.3,2026-07-31
528,49.60448592251075,36.58243080625752,-0.5734621435662612,44.93403217096957,54.274939674051915,10303,New York,Richmond County,NY,560831.0,-0.017196030954216818,-0.2814557176637056,-0.06727508704545748,,0.009615499422573448,-0.20611312612591037,-0.00889700286680295,0.005745433905645123,1.6,2026-07-31
529,49.595602856203314,36.462093862815884,-0.5734621435662612,47.44306807906082,51.748137633345806,10302,New York,Richmond County,NY,645919.0,-0.0670806536579299,-0.14020170933136278,0.0006237422773018864,,0.2209802052762473,-0.20643791161297914,-0.062219494136327214,-0.07628799043352048,1.8,2026-07-31
530,49.57261341365202,36.34175691937425,-0.5734621435662612,50.1340967737529,49.011130053551135,10901,Montebello,Rockland County,NY,810033.0,0.16933939421869795,0.08619904613898832,0.018933993710968267,0.03958356250557508,0.12494512584065443,-0.027873144617854118,-0.11780384321679982,0.032253005450641845,2.4,2026-07-31
531,49.56909258194082,36.22141997593261,-0.5734621435662612,45.33070176918904,53.8074833946926,10075,New York,New York County,NY,1223655.0,-0.402388558297481,0.49872160774646623,0.01201880237259445,0.039138828042043716,0.17075086744307266,0.38489097324321875,-0.11383925397826467,0.10192111513371342,2.8,2026-07-31
532,49.476185487932256,36.101083032490976,-0.5734621435662612,52.88067186626274,46.07169910960177,11040,New Hyde Park,Nassau County,NY,985701.0,0.0011325915497501227,0.2824765995592262,0.04824547098761656,,-0.03772843677464377,0.067868690462353,-0.05219983432159481,0.06692853016799942,1.9,2026-07-31
533,49.466642225919095,35.98074608904934,-0.5734621435662612,49.59887368634789,49.3344107654903,11563,Lynbrook,Nassau County,NY,769344.0,-0.011517822083921908,0.034661912879128565,-0.1389884965993371,0.04628185843662552,-0.1632369906671951,-0.06090819867920455,0.08332950918356907,-0.030588630664506858,2.1,2026-07-31
534,49.456727800727236,35.860409145607704,-0.5734621435662612,47.32953256317335,51.58392303828112,10511,Buchanan,Westchester County,NY,628755.0,-0.21757801407503904,-0.16713436039179896,0.06052338154861481,,-0.29960943622422787,-0.00922842110517852,-0.07223661771965695,-0.15773450665613503,3.9,2026-07-31
535,49.44534262402851,35.74007220216607,-0.5734621435662612,41.53298441970455,57.35770082835248,11362,New York,Queens County,NY,699482.0,-0.15731066287139725,-0.06053601133872455,-0.3118833106751939,0.054039982998654736,-0.1440376246050683,0.0420034259087132,0.037398521325844314,-0.00980120603028363,1.7,2026-07-31
536,49.4248145713927,35.619735258724425,-0.5734621435662612,49.214953603752484,49.634675539032926,10923,Garnerville,Rockland County,NY,628625.0,0.10497892835176117,-0.1673417798228911,-0.00665403048848745,,-0.05593413761329313,-0.0936530302810954,0.030930244243975835,-0.10604595950053293,2.9,2026-07-31
537,49.39432318396608,35.49939831528279,-0.5734621435662612,55.68806242504439,43.100583942887766,07934,Far Hills,Somerset County,NJ,1038767.0,0.0589316797914389,0.3349132137627002,0.1905404702021407,,-0.44683762152677287,0.2947576587585664,0.3183422532204503,-0.04842415625230041,2.7,2026-07-31
538,49.3336729499163,35.37906137184115,-0.5734621435662612,51.188165012145724,47.47918088768687,11758,Massapequa,Nassau County,NY,833843.0,0.009780882916395589,0.11516925015273749,0.11512246561196804,0.049469728999597,-0.2012405185801296,0.02311503630659728,0.017747780640387845,-0.05684005096517426,2.4,2026-07-31
539,49.33112884719103,35.25872442839952,-0.5734621435662612,44.7841560859819,53.878101608400165,11558,Island Park,Nassau County,NY,762408.0,-0.0030612025850015046,0.02560536468556407,-0.29489584999660146,0.05938204517251976,0.03704378104644479,-0.12889491718227142,-0.08954196153655403,0.09522217573191964,2.0,2026-07-31
540,49.31074304164568,35.13838748495788,-0.5734621435662612,49.054699402035084,49.566786681256275,07712,Ocean,Monmouth County,NJ,766167.0,0.06093883877306752,0.030523429746777353,-0.4855735294246646,0.04760061396577344,0.17990839357461996,-0.0005459085738352965,0.0946219704399045,-0.005694729427998715,2.5,2026-07-31
541,49.29402787222986,35.018050541516246,-0.5734621435662612,47.78571700242257,50.80233874203714,07524,Paterson,Passaic County,NJ,535481.0,0.030108106469910828,-0.32771041158829384,-0.08215660387893564,,0.4996263200958342,-0.401998473560734,0.0044683239454634816,-0.007832254079959092,2.3,2026-07-31
542,49.29153775786737,34.89771359807461,-0.5734621435662612,57.63007560546048,40.95299991027425,11753,Jericho,Nassau County,NY,1321700.0,0.08142773759295566,0.5757979132785209,0.10287644156810671,,0.12781587564327945,0.251489730384449,-0.23086189357492692,-0.16422507254358693,2.4,2026-07-31
543,49.22546255458343,34.777376654632974,-0.5734621435662612,47.590263402706924,50.86066170645994,10304,New York,Richmond County,NY,711139.0,-0.06122038506735236,-0.044007679233864394,-0.03121301451763081,0.043711259242432236,0.406698952350365,-0.171261421318944,0.04670156145057014,0.020809239583656144,1.5,2026-07-31
544,49.172480243650796,34.65703971119133,-0.5734621435662612,52.138737355665214,46.20622313163638,08835,Manville,Somerset County,NJ,487522.0,0.06805286499163579,-0.4215407858599818,-0.2316722574020158,,-0.2364576645117531,-0.22043829776740365,0.06186383153001529,0.05769104836375254,2.0,2026-07-31
545,49.16461213281437,34.5367027677497,-0.5734621435662612,46.552313501888975,51.77691076373977,10021,New York,New York County,NY,1510567.0,-0.4439897360860844,0.7093643579827287,0.18320248776208814,0.03236837801174701,0.3637505329040269,0.30288130423195025,0.03027914413746835,-0.03305166123385535,3.4,2026-07-31
546,49.11252878445243,34.416365824308066,-0.5734621435662612,51.69094191257678,46.534115656328076,07074,Moonachie,Bergen County,NJ,665210.0,0.005158782236213716,-0.1107740268979942,-0.021583385192334603,,0.10778844311757108,-0.19664998203055378,0.06717383484653716,0.06406630204744372,1.7,2026-07-31
547,49.096990074639564,34.29602888086642,-0.5734621435662612,50.495611472369696,47.698368676909425,07063,Plainfield,Union County,NJ,496634.0,0.06811330592419154,-0.40302363056605905,-0.37834845894431446,,-0.2176297455403884,-0.28277798114045694,0.1245062514486559,-0.1265842515866617,2.5,2026-07-31
548,49.06855323655049,34.17569193742479,-0.5734621435662612,47.81764655527343,50.31945991782756,11411,New York,Queens County,NY,720992.0,-0.12862916019536427,-0.03024780289553952,-0.05694992810124688,,-0.0665216314642525,-0.1377564599499681,-0.06073301622121896,0.024291256626473065,1.6,2026-07-31
549,49.05091808960938,34.05535499398315,-0.5734621435662612,46.06254979378924,52.03928638542953,10454,New York,Bronx County,NY,813171.0,-0.07585279768164419,0.09006491720484,0.2905585992755011,0.044429168185814875,1.6296910227809718,-0.3493405727900589,-0.11514022990326467,0.06789551235018569,2.1,2026-07-31
550,49.0440176691517,33.935018050541515,-0.5734621435662612,46.980754648444865,51.10728068985853,08812,Dunellen,Middlesex County,NJ,597219.0,0.018991495307414757,-0.21859282897620957,-0.09802417957458687,0.0491595463546027,-0.2706949757667776,-0.08419983386805585,-0.05947117829527393,0.011225361875276271,2.5,2026-07-31
551,49.04133227299144,33.81468110709988,-0.5734621435662612,52.12242717320561,45.96023737277727,07066,Clark,Union County,NJ,733349.0,0.08163794938177774,-0.013254589969193376,0.08575554521171824,,-0.18612916549302594,-0.019271694261974226,-0.03684399126430371,-0.033375427491204326,2.5,2026-07-31
552,49.025069610837924,33.69434416365824,-0.5734621435662612,52.68634910983862,45.363790111837226,10970,Pomona,Rockland County,NY,749612.0,0.1729957782660886,0.008679055421094262,0.11770767926100056,,-0.0591046229363823,-0.01759214351538596,0.08171140923131404,0.0624601003682808,2.7,2026-07-31
553,49.00478907951417,33.57400722021661,-0.5734621435662612,45.67418512825766,52.33539303077068,18445,Newfoundland,Pike County,PA,291421.0,0.008198668781704305,-0.936108154831798,-0.08265270409483527,,-0.19320496013479915,-0.2635837472450067,-0.32612369659557494,-0.09005285983248941,2.1,2026-07-31
554,48.97914925936708,33.45367027677497,-0.5734621435662612,57.90015775257839,40.05814076615577,11577,Roslyn Heights,Nassau County,NY,1417874.0,0.09341644753103787,0.6460378977814081,0.10055618598771154,,0.15959161873634886,0.16700037986637817,-0.028039927605034265,-0.03525976138333116,2.9,2026-07-31
555,48.9777937121375,33.33333333333333,-0.5734621435662612,49.257798192998386,48.69778923127661,08823,Franklin Park,Somerset County,NJ,430122.0,0.11842342135874376,-0.5468072073097421,-0.5085818959971338,,-0.575660347239759,0.10009682033396095,-0.1248707764691499,-0.1852582010933223,1.8,2026-07-31
556,48.97672098446337,33.2129963898917,-0.5734621435662612,42.866832431358745,55.08660953756799,11776,Port Jefferson Station,Suffolk County,NY,640413.0,0.082936727031559,-0.1487629613547874,-0.05622399468425776,0.058451122830914005,-0.21976147557143588,-0.13682599462668493,-0.061872174130868984,0.018280800188140753,2.8,2026-07-31
557,48.84554174273764,33.092659446450064,-0.5734621435662612,41.338342790440855,56.35274069503442,18328,Dingmans Ferry,Pike County,PA,262697.0,0.035647439024885236,-1.0398765689999738,-0.24047701898863671,,-0.7794690722972153,-0.19251107784505378,0.08994696298200644,0.00241734648424545,2.0,2026-07-31
558,48.84448252848715,32.97232250300842,-0.5734621435662612,47.30510978123335,50.38385527574095,08852,Monmouth Junction,Middlesex County,NJ,704460.0,0.03050651246013772,-0.053444168705635064,0.05636203552238861,0.042225514441864086,-0.22410662768248568,0.18368712553831967,-0.012665655375768026,-0.061119277078636805,2.2,2026-07-31
559,48.81937924536831,32.851985559566785,-0.5734621435662612,46.65059237650463,50.988166114231994,10453,New York,Bronx County,NY,571897.0,-0.004282739908498451,-0.26191781740933706,0.2488887356400067,0.0489878680909145,0.957210946764486,-0.35799093442033963,-0.1010326360333842,-0.03752175798541453,0.8,2026-07-31
560,48.799788141935714,32.731648616125156,-0.5734621435662612,47.73995806134244,49.85961822252899,10464,New York,Bronx County,NY,678572.0,-0.1416746644107519,-0.0908859548737535,0.039653191349563244,,-0.005570935114177944,-0.02343790417768632,-0.16339781094269945,0.013738549596685787,1.7,2026-07-31
561,48.781013891357496,32.61131167268351,-0.5734621435662612,50.49621902973777,47.06580875297722,11726,Copiague,Suffolk County,NY,591240.0,-0.07199755354421064,-0.22865412699358778,-0.16512411782503555,,-0.36274233893249996,-0.22810834668330404,0.30553805793235966,-0.036642328342194566,2.0,2026-07-31
562,48.72867560764864,32.49097472924188,-0.5734621435662612,48.52882335857507,48.92852785672221,10309,New York,Richmond County,NY,802808.0,-0.0558048005821373,0.07723981271818481,0.29579230171448145,0.030102660152080487,0.04406201510599206,-0.08890554482261859,-0.17228332933023793,0.04463282034834774,1.5,2026-07-31
563,48.70885441552653,32.37063778580024,-0.5734621435662612,53.115105914129046,44.302602916924016,07027,Garwood,Union County,NJ,707231.0,0.060338473601659365,-0.049519065437378273,-0.08880048640249605,,-0.03481500129965309,-0.03844626569530074,-0.01205556273125552,0.1637818589705929,2.8,2026-07-31
564,48.67981094399077,32.250300842358605,-0.5734621435662612,49.92259222568147,47.43702966230007,11957,Orient,Suffolk County,NY,1557823.0,-0.004211337087280137,0.7401681757404006,0.8319897709132782,,0.915357509761553,0.07430846561247428,0.06638607505518124,0.2464292695022448,2.3,2026-07-31
565,48.60925199810965,32.12996389891697,-0.5734621435662612,44.141891266151276,53.07661273006802,07080,South Plainfield,Middlesex County,NJ,598708.0,0.024295316864329314,-0.21610287896709934,-0.024957290962053236,0.05364800312793412,-0.3639561460475502,-0.05260439191147759,0.01722493060042396,0.004243796332698488,2.5,2026-07-31
566,48.607240101179855,32.009626955475326,-0.5734621435662612,50.059330363917574,47.15514983844214,07073,East Rutherford,Bergen County,NJ,656825.0,-0.025261312769316285,-0.12345872146373615,-0.03487837368442115,0.055533681195690396,0.01290209540268239,-0.02351749524554031,-0.039454544825064275,0.01840921882213413,2.5,2026-07-31
567,48.57164162476839,31.889290012033694,-0.5734621435662612,48.718111407898746,48.42517184163804,10306,New York,Richmond County,NY,759750.0,-0.05084862535711884,0.022113449304704602,0.10572495008583438,0.04094248636070094,0.1700417335871911,-0.1473160622317799,-0.05025530225489305,-0.04803752330126772,1.4,2026-07-31
568,48.51780835838528,31.768953068592058,-0.5734621435662612,48.60092035317365,48.43469636359692,08857,Old Bridge,Middlesex County,NJ,645250.0,0.08188310331755524,-0.14123858246828647,0.10410262114374014,0.05323415903462967,-0.11418789677991659,-0.10308593076901307,-0.10059879339253364,0.011224304407058391,2.3,2026-07-31
569,48.50872972700907,31.64861612515042,-0.5734621435662612,42.04297771043934,54.97448174357881,07003,Bloomfield,Essex County,NJ,613939.0,0.025845924109056645,-0.19098083369409302,-0.12809479794418266,0.046841267957855114,-0.11086922239035357,-0.00021776076381369025,0.05281441067215198,0.07466196869269685,2.4,2026-07-31
570,48.45627742362882,31.528279181708786,-0.5734621435662612,48.635646990215875,48.27690785704176,11944,Greenport,Suffolk County,NY,983663.0,-0.0026334667573784942,0.2804068413192695,-0.5445596984498149,,0.5555126981697842,-0.06068599586808532,0.13846178351607463,0.007457324353793468,2.0,2026-07-31
571,48.36174325886238,31.40794223826715,-0.5734621435662612,47.098617428081745,49.62486908964302,07072,Carlstadt,Bergen County,NJ,675578.0,-0.05243767655662132,-0.09530768013291713,-0.025669811095411887,0.04795893804752406,-0.1228363796184635,-0.18255395668317176,0.030908692774126223,0.012117023455912965,2.0,2026-07-31
572,48.33095530484128,31.28760529482551,-0.5734621435662612,37.380926113325394,59.28098449635717,18337,Milford,Pike County,PA,356960.0,0.02423563077317184,-0.7332517462629227,0.10081453753769942,,-0.5461952434654223,-0.15608764629461885,-0.10402212184971837,0.08578347633637078,2.0,2026-07-31
573,48.29814992234405,31.167268351383875,-0.5734621435662612,45.24746435379791,51.348835490890195,07728,Freehold,Monmouth County,NJ,658949.0,0.07061546726711079,-0.12023075339711298,-0.22849173859822258,0.05244378818702929,-0.13580371696251103,-0.03100418006008926,-0.014567632069811154,-0.02888988412194289,2.4,2026-07-31
574,48.22060150857787,31.046931407942242,-0.5734621435662612,46.91786125728136,49.52334175987438,11417,New York,Queens County,NY,763063.0,-0.07032580387013318,0.02646418115571514,0.1281148597432491,0.036170022791606,0.28174396377632216,-0.23374233473501016,-0.10729879656509667,-0.0009478116294354272,1.7,2026-07-31
575,48.21992551925639,30.9265944645006,-0.5734621435662612,49.4323705810795,47.00748045743328,07920,Basking Ridge,Somerset County,NJ,945658.0,0.08971043279922633,0.24100474176379905,-0.12401360337983292,0.04658837408536385,-0.2996873754579277,0.25391454129577773,0.011068629762815974,0.03436606379608191,2.7,2026-07-31
576,48.15453187695235,30.806257521058967,-0.5734621435662612,47.17640148358191,49.13266227032279,08880,South Bound Brook,Somerset County,NJ,460132.0,-0.006324449349470379,-0.4793629137062094,-0.3335100293526292,0.05672286048055694,-0.48514867568875464,-0.2521609273093891,0.05058506265209317,-0.032146454776297254,1.9,2026-07-31
577,48.1374167476347,30.685920577617328,-0.5734621435662612,47.29942600651588,48.97540748875353,10986,Tomkins Cove,Rockland County,NY,710365.0,0.07651968500729148,-0.04509682949079341,0.23025573917813702,,,-0.004806380641885211,,0.16851447994352614,2.7,2026-07-31
578,48.06412989901028,30.56558363417569,-0.5734621435662612,50.87319885455772,45.25506094346284,10532,Hawthorne,Westchester County,NY,818257.0,-0.03748559145564165,0.09630036318521817,-0.03691483748988489,,-0.13231551850213852,0.1167651382392505,0.014422425317357934,0.009509783840280492,2.6,2026-07-31
579,47.96043716018888,30.445246690734056,-0.5734621435662612,42.79199918928803,53.128875131089735,18426,Greentown,Pike County,PA,288029.0,0.0005959204907263482,-0.9478163782440774,-0.14172415755486512,,-0.3731644027128429,-0.2876965708940217,0.038587709335319076,-0.18012464812642442,2.2,2026-07-31
580,47.95405349501904,30.324909747292416,-0.5734621435662612,48.336941401213764,47.571165588824314,11361,New York,Queens County,NY,1003418.0,-0.06603078451374209,0.30029092279424496,0.13120069182773975,0.035101244488795875,0.35875040838577976,-0.028282739342061103,-0.04449762250086309,0.04046463522725245,1.6,2026-07-31
581,47.94675800108259,30.20457280385078,-0.5734621435662612,45.46086569139652,50.432650310768665,10457,New York,Bronx County,NY,509431.0,-0.2666291952204404,-0.3775812170634385,0.17229780058021227,,0.589874932853484,-0.36129321974550044,0.12921410384883814,0.06135153862894631,1.6,2026-07-31
582,47.88121429818789,30.084235860409148,-0.5734621435662612,39.6788213405639,56.083607255811884,07827,Montague Township,Sussex County,NJ,324869.0,0.04410941034984042,-0.827454738904537,-0.20058311294759257,,-0.7257047965782608,-0.19989509172987424,0.06253379244840929,-0.1913260705243524,2.0,2026-07-31
583,47.88067743798749,29.96389891696751,-0.5734621435662612,47.00488155959284,48.75647331638214,11421,New York,Queens County,NY,743671.0,-0.12346263890980289,0.0007222119104444147,0.10674749216629564,,0.2145871132554784,-0.21855884786962582,-0.015718371624378946,-0.0017647498670212008,1.4,2026-07-31
584,47.85721365936469,29.843561973525873,-0.5734621435662612,56.52525980778703,39.18916751094235,11509,Atlantic Beach,Nassau County,NY,1503037.0,0.12049021793790296,0.7043667212345124,0.4367652633896455,,0.2984682753919461,0.1498989631960288,0.05307418358849958,-0.10742638866720595,2.2,2026-07-31
585,47.84976490930945,29.723225030084237,-0.5734621435662612,53.09280532962758,42.60672448899132,10977,Spring Valley,Rockland County,NY,895376.0,0.20636735156774258,0.18636805628235287,0.007537578221084473,,0.5974837298235165,-0.2644959976926592,0.07601323883577216,-0.014746570011917107,2.5,2026-07-31
586,47.786905073149484,29.602888086642597,-0.5734621435662612,46.464337817731646,49.109472328567314,07438,Oak Ridge,Morris County,NJ,541623.0,0.04396655845473099,-0.3163051077679402,0.05154054057122792,,-0.40943342715791364,-0.060546506451460924,-0.12785259545687389,-0.08984942723972873,2.7,2026-07-31
587,47.729675322855414,29.482551143200965,-0.5734621435662612,46.80937643683339,48.649974208877445,18451,Paupack,Pike County,PA,421438.0,-0.026705842439042365,-0.5672037557980261,0.2423885702780364,,-0.8909063145238154,0.01368454028700139,0.7281499007747634,-0.3253857874246468,2.3,2026-07-31
588,47.603526916292196,29.362214199759322,-0.5734621435662612,49.1653185338719,46.0417352987125,10801,New Rochelle,Westchester County,NY,808126.0,0.037249529425020717,0.08384174027977309,-0.07046669516330972,0.04439281952734817,0.3557287918627725,-0.04816529635976491,0.058628866789980805,0.07279400945646967,3.1,2026-07-31
589,47.55843626334898,29.24187725631769,-0.5734621435662612,50.28291144199738,44.83396108470058,11954,Montauk,Suffolk County,NY,1944962.0,0.0562429830125403,0.9621213134645359,-0.2673612165207384,,0.7208063120886219,0.04076711830524049,0.16299356527972364,-0.04814930098230415,2.5,2026-07-31
590,47.554784585101835,29.121540312876053,-0.5734621435662612,49.74708595840003,45.36248321180364,07950,Morris Plains,Morris County,NJ,734524.0,0.03714163948408036,-0.011653090188659121,0.006282743446863748,0.05776073791681432,-0.3258021781957059,0.17061911193988033,-0.04174529340165911,0.1130751701971227,2.3,2026-07-31
591,47.510502760570354,29.001203369434414,-0.5734621435662612,43.62389523662757,51.39711028451314,11772,Patchogue,Suffolk County,NY,607502.0,0.03222096780805331,-0.20152111523436567,-0.11264825133770984,0.055268975300464734,-0.13655521631575174,-0.15797745704468147,0.04034435766214095,-0.028981454362298556,2.4,2026-07-31
592,47.50821330907304,28.880866425992778,-0.5734621435662612,45.94676008803663,49.06966653010945,11428,New York,Queens County,NY,788495.0,-0.038381904433808595,0.05924949416583303,0.007433251963254506,0.03404461678197578,0.2663993835491627,-0.16588503947161426,-0.07849491902739558,-0.009334851693217863,1.8,2026-07-31
593,47.41838665787829,28.760529482551146,-0.5734621435662612,44.87760753557002,49.95916578018656,10704,Yonkers,Westchester County,NY,682585.0,-0.00427778669817655,-0.0849894145367589,0.0751282270991549,0.04593798611980957,-0.034559381913571885,-0.13116180822061552,0.11972877790042347,-0.041288043452059234,2.6,2026-07-31
594,47.2685675360063,28.640192539109506,-0.5734621435662612,38.70238206981441,55.8347530021982,11220,New York,Kings County,NY,975526.0,-0.46571798278717547,0.2721002911079964,-0.12348375098237874,0.033700543897990216,0.7465347404396503,-0.2208548205186741,0.0998004740379752,0.012495307005476783,2.4,2026-07-31
595,47.20144623691171,28.51985559566787,-0.5734621435662612,43.802467332816384,50.60042514100703,11550,Hempstead,Nassau County,NY,655023.0,0.06399750096451876,-0.12620570183883473,-0.26086814890844856,0.0637544951715081,0.06593083297855773,-0.2720444380319276,0.13663208596131682,0.04449073099726446,2.3,2026-07-31
596,47.08228276491415,28.399518652226234,-0.5734621435662612,53.06982825462807,41.094737275200224,11222,New York,Kings County,NY,1534004.0,0.013640811889280263,0.7247602974152105,0.35399958479812454,0.037212113109361275,0.6118485975255588,0.1689325290201682,0.06514926520326192,0.16513188691200958,2.0,2026-07-31
597,47.081022075089955,28.279181708784595,-0.5734621435662612,44.14829128755834,50.01375286262157,10954,Nanuet,Rockland County,NY,648970.0,0.048520953273392925,-0.1354900831167658,-0.24709772168313648,0.06052875823831251,-0.17068139085292988,0.006304211996944975,-0.14828624296151816,0.09236637924344775,2.4,2026-07-31
598,47.022119851460886,28.158844765342963,-0.5734621435662612,51.42098734514231,42.62325235777947,07604,Hasbrouck Heights,Bergen County,NJ,729748.0,0.00851788425879399,-0.018176519766370802,0.13795158863757173,,-0.11505375551240715,-0.06940298639180842,0.03516792914317968,0.00684171755269096,2.1,2026-07-31
599,47.012558199509456,28.038507821901327,-0.5734621435662612,46.97992495523277,47.045191443786145,10547,Lake Mohegan,Westchester County,NY,611423.0,-0.0748224626790229,-0.19508758008579719,-0.1526739399034529,0.05707780223874221,-0.5651546626198087,0.039064370509979685,0.15344940448126287,0.005130538188382425,2.6,2026-07-31
600,47.005301080646134,27.918170878459687,-0.5734621435662612,43.22406814659579,50.786534014696485,11378,New York,Queens County,NY,877805.0,-0.09987448120752837,0.16654839973060298,0.056627303382290606,0.03698884840556176,0.4354366684148949,-0.20116202439882958,-0.1318015667797514,0.01143365545620538,1.4,2026-07-31
601,46.96314953800949,27.79783393501805,-0.5734621435662612,46.044093122516216,47.88220595350277,11704,West Babylon,Suffolk County,NY,633125.0,0.002588075895982561,-0.16020887696032204,-0.07312139457743427,0.05831711049808395,-0.3002749034551482,-0.16688025381108168,0.0667055732151649,-0.04063685100348531,1.8,2026-07-31
602,46.955362585908745,27.67749699157641,-0.5734621435662612,49.79988070091746,44.11084447090003,07927,Cedar Knolls,Morris County,NJ,759176.0,0.03768399858382701,0.021356996616963997,-0.10665073360191712,0.0551809047953012,-0.3955347533638307,0.05844520619158311,0.07395569303803207,-0.01609478808117233,2.2,2026-07-31
603,46.94180905900643,27.557160048134776,-0.5734621435662612,48.584487329282204,45.299130788730665,10526,Goldens Bridge,Westchester County,NY,740297.0,-0.18310416581931896,-0.003824740931792192,-0.28565971701729964,,-0.8040327943716179,0.17742484497474287,0.35098904753981053,-0.05427519055291326,2.7,2026-07-31
604,46.923503529656976,27.436823104693143,-0.5734621435662612,54.2692205879643,39.577786471349654,08502,Belle Mead,Somerset County,NJ,1025954.0,0.12165592299034281,0.32250166215297327,0.3301510852796188,,-0.38225700235018434,0.2860135434683376,-0.11049345567163726,0.04615622730495543,2.8,2026-07-31
605,46.90468852304815,27.3164861612515,-0.5734621435662612,46.9118361115519,46.8975409345444,10472,New York,Bronx County,NY,702826.0,-0.10312889966634273,-0.05576671991460991,0.34113126942361127,0.05259622639846625,0.9509673104058975,-0.35429622106079733,-0.028149114751094828,0.016628449431801237,1.9,2026-07-31
606,46.87336072136157,27.196149217809868,-0.5734621435662612,41.62085107511365,52.125870367609494,08753,Toms River,Ocean County,NJ,549575.0,0.10735570988091006,-0.30173088474660936,-0.23211276344917664,0.060234420108155294,-0.23656543149866605,-0.1135428536959801,0.007776898618518047,0.04707100034651672,2.7,2026-07-31
607,46.83929273193259,27.075812274368232,-0.5734621435662612,34.25922951030954,59.419355953555645,10552,Mount Vernon,Westchester County,NY,556112.0,-0.07447196772428696,-0.28990734356777104,-0.4333922338082825,0.06352682634060186,-0.14043966760911286,0.022794770929073227,-0.0063403753775777005,0.08191427353016882,2.7,2026-07-31
608,46.79981796411559,26.955475330926593,-0.5734621435662612,47.63137799725447,45.96825793097672,07721,Cliffwood,Monmouth County,NJ,524908.0,0.010812232993706067,-0.3476523119566082,-0.22709615616203038,,-0.43906748885453273,0.046330353302823646,0.23144017670491301,0.1318567082575524,2.0,2026-07-31
609,46.74480647597354,26.835138387484957,-0.5734621435662612,50.65345774798017,42.83615520396691,07626,Cresskill,Bergen County,NJ,1045204.0,0.010831321417827416,0.34109149580540077,-0.025235635032176518,0.06176782591768578,-0.07565939918537379,0.11675952655006894,-0.11338116724784442,0.040026710162157905,2.7,2026-07-31
610,46.73374104079026,26.714801444043324,-0.5734621435662612,46.150104617263715,47.3173774643168,11379,New York,Queens County,NY,906378.0,-0.09178387717614064,0.1985802030064754,0.32634174604493715,0.037950319527730904,0.38125550259009233,-0.13474202087578602,-0.12202761923119176,0.035728322371060536,1.6,2026-07-31
611,46.69385510925572,26.594464500601685,-0.5734621435662612,36.05448062318285,57.3332295953286,18428,Hawley,Pike County,PA,327562.0,0.02319304163594396,-0.8191988873422957,-0.016434967680403645,,-0.4357293724559963,-0.1860321018362936,0.04746932977303686,-0.07026252135910811,2.1,2026-07-31
612,46.66285362715958,26.47412755716005,-0.5734621435662612,38.11255580660563,55.213151447713535,18371,Tamiment,Pike County,PA,315290.0,0.05598816291333222,-0.857384604250317,-0.08797638829232746,,-0.7677353567964762,-0.4172505873872567,0.0188948940396525,0.12308472218471538,2.1,2026-07-31
613,46.66122966054892,26.353790613718413,-0.5734621435662612,38.02011240599473,55.30234691510311,07026,Garfield,Bergen County,NJ,592131.0,0.0004547212177467286,-0.2271480887473647,-0.07906295525931029,0.04954039983286335,0.11583918987088526,-0.23264101991914304,0.00606198876331554,-0.0718406777041662,2.1,2026-07-31
614,46.62335570444152,26.233453670276774,-0.5734621435662612,47.49287487682419,45.75383653205885,11103,New York,Queens County,NY,1049946.0,-0.23332623674879613,0.34561770160404137,0.3355415064843825,0.035523841987711094,0.5307972565176555,0.03462922453424233,-0.028916461191201392,0.013108316863281552,0.8,2026-07-31
615,46.49455401279208,26.113116726835138,-0.5734621435662612,47.034742611572064,45.954365414012095,11701,Amityville,Suffolk County,NY,606423.0,-0.0232896767319076,-0.20329854144535453,-0.15816647268549566,0.06340459416054946,-0.24449762334175706,-0.1718753490795995,0.07173822363489357,0.044329025954054566,1.7,2026-07-31
616,46.4689166971076,25.992779783393498,-0.5734621435662612,43.30699323506034,49.63084015915486,07062,Plainfield,Union County,NJ,502841.0,0.10060156610389939,-0.3906013480835906,-0.4912152966750192,0.05259113330153502,-0.2578160200342101,-0.1670036694694091,0.11466444421955302,0.06520238256725035,2.2,2026-07-31
617,46.44248413855701,25.872442839951866,-0.5734621435662612,42.36722217366013,50.517746103453895,07011,Clifton,Passaic County,NJ,580197.0,0.06524690667727598,-0.24750835098190116,-0.03147992113193254,0.051333131834723746,0.1670652290624275,-0.24644373671114145,-0.010798518227064235,0.008022769557222184,1.7,2026-07-31
618,46.434847112659504,25.75210589651023,-0.5734621435662612,46.598672271086095,46.271021954232914,11702,Babylon,Suffolk County,NY,734832.0,-0.06397358537303752,-0.011234875436379355,0.021797177060113526,0.05239295843319282,-0.21470677210909028,0.019436287457512913,-0.17658085611545538,0.00914483770015044,1.9,2026-07-31
619,46.33292002313448,25.63176895306859,-0.5734621435662612,53.28417521563165,39.3816648306373,11977,Westhampton,Suffolk County,NY,1422807.0,0.08160376420979745,0.6495109346899905,0.297482391819921,,0.35100759723115327,0.08610209005425906,0.024555601988124565,-0.09274368895258318,2.5,2026-07-31
620,46.32894597457585,25.511432009626954,-0.5734621435662612,50.583323830847604,42.0745681183041,11935,Cutchogue,Suffolk County,NY,1254063.0,0.015973140580460315,0.5232678520618776,-0.2751212944959427,,0.2764490367988379,0.04090668007035203,0.10519420146128589,-0.1886949018461263,3.2,2026-07-31
621,46.310226449898465,25.391095066185322,-0.5734621435662612,43.40188917562525,49.21856372417168,11432,New York,Queens County,NY,898273.0,-0.14072553219057013,0.18959763812594943,0.2247203922638814,0.03598232481422079,0.605492952801973,-0.12826902615437158,-0.05534330078008587,0.0678115288332413,1.9,2026-07-31
622,46.27035377808333,25.27075812274368,-0.5734621435662612,46.00012650754162,46.54058104862504,11747,Melville,Suffolk County,NY,901605.0,-0.051419799495169366,0.19330016370185987,0.11141022619478314,0.05323839953383079,-0.1577376463667044,0.13027122253707657,2.0660753657253395e-05,-0.05456969311356526,2.1,2026-07-31
623,46.26309010355483,25.150421179302047,-0.5734621435662612,41.80273791549644,50.72344229161322,07008,Carteret,Middlesex County,NJ,567756.0,0.07949200865508779,-0.26918388551978367,-0.049264690406294775,0.05192728555065725,-0.12285447102248104,-0.19001474650085354,0.048539632671319666,0.00953217565168378,2.2,2026-07-31
624,46.2475130599729,25.03008423586041,-0.5734621435662612,43.69181803899696,48.80320808094885,11004,New York,Queens County,NY,622504.0,-0.41395771082351873,-0.17712639265509722,-0.3818814532738326,,-0.20392720177731616,-0.023454517901775884,-0.04158440551508846,-0.025567410064642096,0.8,2026-07-31
625,46.24151306017718,24.90974729241877,-0.5734621435662612,46.80680515704393,45.676220963310435,07663,Saddle Brook,Bergen County,NJ,676309.0,0.010503920026672026,-0.09422680406338202,0.09531047787481128,0.05546433002509752,-0.2333480754273023,-0.12430023492130943,-0.041541259682238874,-0.017818359676242415,2.1,2026-07-31
626,46.19788949680347,24.789410348977135,-0.5734621435662612,41.578681399720026,50.817097593886906,07801,Dover,Morris County,NJ,515279.0,0.03261023296401469,-0.3661674158254815,-0.09979173944693898,0.05438152709911803,-0.0818632489714688,-0.266724862409109,-0.09146449869748707,0.06324245090526252,2.4,2026-07-31
627,46.16778603365739,24.6690734055355,-0.5734621435662612,37.29245296147704,55.04311910583775,10471,New York,Bronx County,NY,437902.0,-0.25629947479862525,-0.5288819084675573,-0.3211377562769826,0.07919244409040602,-0.44280053452755586,0.08731451197982287,-0.08151860843371495,-0.023705741966187424,1.3,2026-07-31
628,46.136445788137785,24.548736462093864,-0.5734621435662612,48.060829925239815,44.212061651035754,10024,New York,New York County,NY,1625816.0,-0.30486689163290814,0.782889192211238,0.22623011963644757,0.03252426048895009,0.30255987903739334,0.32975883423305985,0.0032081533798784534,0.041347801690131455,3.0,2026-07-31
629,46.10476977749573,24.428399518652228,-0.5734621435662612,43.42692040165236,48.78261915333911,08816,East Brunswick,Middlesex County,NJ,639776.0,0.11147864344422978,-0.14975874069700268,0.13783810673468722,0.04917271170686255,-0.39543603510774017,0.09289923980130887,-0.009436324949367858,-0.03618999354227777,2.8,2026-07-31
630,46.087008317663255,24.30806257521059,-0.5734621435662612,49.00511663520063,43.16890000012588,08869,Raritan,Somerset County,NJ,555712.0,0.010390249848145322,-0.29062549989320274,-0.14170400976184716,0.05397613223865596,-0.24845820441019772,-0.04602496092685865,0.07388369137072104,-0.021163401103523063,2.1,2026-07-31
631,45.9778338087777,24.187725631768952,-0.5734621435662612,46.204851614766476,45.75081600278892,07005,Boonton,Morris County,NJ,738042.0,0.01945945996877932,-0.006874843613056569,0.04533694919329179,0.047693733244344325,-0.1731737359041745,0.08038909828732033,-0.061647068752900935,0.000829665226542084,2.4,2026-07-31
632,45.95446317637917,24.067388688327316,-0.5734621435662612,45.04426844626008,46.864657906498266,07001,Avenel,Middlesex County,NJ,531269.0,0.060016912986192855,-0.3356083438617592,-0.06964538403120102,0.05816266257114349,-0.23608375373440826,-0.17216881172931597,0.14421029179012024,0.046787312102696085,2.1,2026-07-31
633,45.88684878037003,23.94705174488568,-0.5734621435662612,49.23664190685553,42.53705565388452,07727,Farmingdale,Monmouth County,NJ,833604.0,0.09449049619756736,0.11488223493297234,-0.15590268732057488,,-0.03086444096957064,0.022674727538058215,0.2515806363282813,0.03831643347997753,2.3,2026-07-31
634,45.8763393112546,23.826714801444044,-0.5734621435662612,49.48672314163533,42.26595548087386,07885,Wharton,Morris County,NJ,510086.0,0.04927590837768428,-0.3762968067481225,-0.08148187151571129,,-0.267344617222393,-0.11398983608377217,-0.009434222793354152,0.11750416737440465,2.2,2026-07-31
635,45.736249977448225,23.706377858002405,-0.5734621435662612,43.065457898333136,48.40704205656331,10022,New York,New York County,NY,1180192.0,-0.32075350951370896,0.46255601670441315,-0.0007906317189600998,0.052323300422836,0.036167252938626104,0.35621657591136724,-0.09895112620946556,0.026932327954656096,2.7,2026-07-31
636,45.706956351152606,23.586040914560773,-0.5734621435662612,41.32560636965762,50.08830633264759,07735,Keyport,Monmouth County,NJ,524192.0,0.07018647885325038,-0.349017937322742,-0.1936732966743442,0.05589553699391979,-0.2079826135324485,-0.15322128039866711,-0.0263065138097609,0.06031338109574973,2.6,2026-07-31
637,45.66559551485367,23.465703971119133,-0.5734621435662612,53.37099943614011,37.96019159356723,11963,Sag Harbor,Suffolk County,NY,2368224.0,0.05740565161358582,1.1590194856648033,0.0016066310525939542,0.2836161627992836,1.0302324326402121,0.03197677559682155,0.14507264423686017,0.02845627343549699,2.1,2026-07-31
638,45.664405503503076,23.345367027677497,-0.5734621435662612,47.22395868752632,44.10485231947984,10310,New York,Richmond County,NY,705652.0,-0.05889709008841812,-0.05175331794669802,0.09791697280043365,0.04986590575630007,0.003708738663194877,-0.170349423550609,0.10288889873276474,0.01042776050771925,1.6,2026-07-31
639,45.65974952823478,23.225030084235858,-0.5734621435662612,45.16363253883565,46.1558665176339,11238,New York,Kings County,NY,1274575.0,-0.24654935218599902,0.5394915509654457,0.0289845767191661,0.038856309967636504,0.35901322723996887,0.24189306722126913,0.15043571340343753,0.08792103306868375,2.9,2026-07-31
640,45.532143758763766,23.104693140794225,-0.5734621435662612,54.70416699282864,36.36012052469889,07931,Far Hills,Somerset County,NJ,1454207.0,0.07946056343456612,0.6713399449681425,0.4831624372012264,,0.08890391689768573,0.2065969881726476,-0.1350212734691585,0.1720587267811749,2.7,2026-07-31
641,45.52143240332053,22.984356197352586,-0.5734621435662612,47.76192626429374,43.28093854234732,10604,White Plains,Westchester County,NY,954757.0,0.013627488114036274,0.2505807119619483,0.08873128013545006,0.04874618111803549,0.20954399061741635,0.0207980322516208,-0.08903024063965326,0.09006407477380689,2.7,2026-07-31
642,45.34537511601869,22.86401925391095,-0.5734621435662612,45.15008495581616,45.54066527622121,11358,New York,Queens County,NY,1086228.0,-0.0859775363553826,0.37958990065029496,0.29897186843101053,0.029727838533619478,0.6216367062048274,-0.1030772725995619,0.016122669474915696,-0.020963776081854582,1.8,2026-07-31
643,45.28183957433002,22.743682310469314,-0.5734621435662612,47.859966042150184,42.70371310650985,08876,Somerville,Somerset County,NJ,613196.0,0.022463082758234526,-0.19219147777026535,-0.10433251256960574,0.0511552835775162,-0.2821754343087328,0.07990608067959581,-0.022662572162865047,0.07121594096030241,2.2,2026-07-31
644,45.278861735086934,22.623345367027678,-0.5734621435662612,38.24019853343554,52.31752493673832,11356,New York,Queens County,NY,832691.0,-0.13845630758131086,0.11378649893553927,0.1297732964029059,0.03925825758066705,0.3722435186535946,-0.22274358385923332,0.10675602981645582,0.05294441506533713,1.5,2026-07-31
645,45.26746178646405,22.503008423586042,-0.5734621435662612,43.48246456993306,47.052459002995036,07031,North Arlington,Bergen County,NJ,636180.0,0.02239635229529427,-0.15539400321495656,0.03141145770242204,0.045411646464951265,0.020432063962240177,-0.10779871093407967,-0.12282642600409055,0.0053875732009205785,2.2,2026-07-31
646,45.256321785665364,22.382671480144403,-0.5734621435662612,38.628900068670525,51.88374350266021,07753,Neptune Township,Monmouth County,NJ,603247.0,0.11387972057144183,-0.20854958952052272,-0.8043809867697345,0.059471500957220653,-0.04863640755364007,-0.1190223268703881,0.03227360259735512,-0.05085670852468534,2.9,2026-07-31
647,45.18272146066211,22.26233453670277,-0.5734621435662612,45.714733144107605,44.65070977721661,11971,Southold,Suffolk County,NY,1130454.0,-0.016765814419522934,0.41949825674398866,-0.326645182401597,,0.2770201874256297,0.06183129120655251,0.2985313049565299,-0.1285393951427129,2.3,2026-07-31
648,45.16338311098479,22.14199759326113,-0.5734621435662612,43.802544419409784,46.524221802559794,08854,Piscataway,Middlesex County,NJ,604961.0,0.06358004543210996,-0.20571288731742143,0.10844475795482289,0.05206367185349966,-0.3349695121012044,-0.002212432512483209,0.013817147708286015,0.030897007916151062,2.5,2026-07-31
649,45.131088024503235,22.021660649819495,-0.5734621435662612,41.274164785812104,48.988011263194366,11228,New York,Kings County,NY,1212115.0,-0.07645834129506177,0.48924586948879245,0.26334433742342256,0.02841864515296512,0.7836820039566763,-0.11411987897865528,-0.09348155682272541,-0.024438540159499048,1.9,2026-07-31
650,45.108585427079774,21.90132370637786,-0.5734621435662612,40.447137520309674,49.77003333384987,07065,Rahway,Union County,NJ,543145.0,0.0507862334112307,-0.3134991898677253,-0.07852508245056455,0.055019728859378766,-0.10815497736496771,-0.14923918852655793,-0.0840376358173689,0.034652565171081215,2.3,2026-07-31
651,45.10725067344795,21.780986762936223,-0.5734621435662612,40.55054489853841,49.66395644835748,07522,Paterson,Passaic County,NJ,496042.0,0.08667216857421281,-0.4042158853539348,-0.15625689629963446,0.05525743382355633,0.4446323642664314,-0.3840613995467399,0.012676986431088721,0.0679811669563704,2.6,2026-07-31
652,45.09160224660221,21.660649819494584,-0.5734621435662612,41.47290402696217,48.71030046624224,07726,Manalapan Township,Monmouth County,NJ,797655.0,0.042577335675265365,0.07079974769937714,0.14182005590067348,0.037663439935352316,-0.213210968215104,0.07131493849614368,0.0018132511962836162,0.025861937201791016,2.4,2026-07-31
653,45.090870275639844,21.540312876052948,-0.5734621435662612,44.10191067847863,46.07982987280106,10456,New York,Bronx County,NY,461976.0,-0.22424963523567917,-0.47536330782970637,-0.10479523447513728,0.06485979426666519,0.6918606452405445,-0.34462127653100605,-0.006389124208848074,0.003115295330431686,1.2,2026-07-31
654,45.02130169854662,21.41997593261131,-0.5734621435662612,35.477372671745826,54.565230725347426,18324,Bushkill,Pike County,PA,267619.0,0.14079122625377352,-1.0213126997230173,-0.2789167485153392,,-0.509869647336813,-0.2392927817218698,-0.09819772726367582,-0.03670940998687451,1.9,2026-07-31
655,45.02022497878377,21.299638989169676,-0.5734621435662612,40.642296217532085,49.398153740035454,10701,Yonkers,Westchester County,NY,633364.0,-0.024610521928106616,-0.1598311319586081,-0.29399268222634944,0.05303682180073924,0.3904905680719988,-0.1776707537209024,0.07849306272059131,0.049801275317827895,2.6,2026-07-31
656,44.97358635275655,21.179302045728036,-1.2718776586953529,43.16596180751897,46.78121089799413,08527,Jackson,Ocean County,NJ,638049.0,0.09044193757322319,-0.15246162024381782,0.006159552795596213,0.06414244175368099,-0.18036272534400344,-0.1040089476893063,-0.035473463270296435,-0.0354475803157432,2.0,2026-07-31
657,44.957464714866774,21.058965102286404,-1.2718776586953529,50.04390155035961,39.87102787937395,11930,Amagansett,Suffolk County,NY,3310226.0,-0.0936482556851633,1.4938954272866933,0.1734963507462517,0.18578794172253263,1.40088068525925,0.338940845008995,-0.04813258431645018,-0.2258324106007767,3.4,2026-07-31
658,44.90273659488197,20.938628158844764,-1.2718776586953529,48.918094071220686,40.88737911854325,07054,Parsippany,Morris County,NJ,746635.0,0.059071828676577814,0.004700433810169713,-0.032130995343957025,0.045150130987215764,0.07951082092465955,0.12354651190468469,-0.18239173107209083,0.05528943345249031,2.2,2026-07-31
659,44.860798568608374,20.81829121540313,-1.2718776586953529,37.49066167014242,52.230935467074325,07109,Belleville,Essex County,NJ,524127.0,0.05558988469104201,-0.34914154909066397,-0.22021562972192577,0.053189535156321376,-0.1325492177326908,-0.1623883229228409,0.015457165064955092,0.08549258296498534,2.1,2026-07-31
660,44.65728631610982,20.697954271961493,-1.2718776586953529,31.113857159890784,58.20071547232886,11354,New York,Queens County,NY,683624.0,-0.2474144666853629,-0.08346790348366184,-0.13613530698722265,0.046942718544355666,0.44798271523007815,-0.12729333933512216,0.2502811471417967,0.023959208955840958,1.7,2026-07-31
661,44.582296138540954,20.577617328519857,-1.2718776586953529,43.66137443674086,45.50321784034106,07071,Lyndhurst,Bergen County,NJ,659683.0,0.0558598508006071,-0.11911603007480132,0.05674337092516524,0.04824131621203241,-0.11377434495313854,-0.07114867460629487,0.10288984891047015,0.017822109093302438,2.3,2026-07-31
662,44.55760910759086,20.45728038507822,-1.2718776586953529,39.911265127479986,49.20395308770173,08805,Bound Brook,Somerset County,NJ,545111.0,0.06600063473235665,-0.3098860880222425,-0.14708552110026574,0.04684272208050545,-0.12488867759256483,-0.17224883522293555,0.02442893406077573,0.08347378183811775,2.4,2026-07-31
663,44.55517775075511,20.33694344163658,-1.2718776586953529,41.724172216796944,47.38618328471326,10301,New York,Richmond County,NY,720880.0,-0.09437637776407434,-0.030404036459922068,0.005465550371784644,0.04504829820361132,0.24106241014672736,-0.1168728616839797,0.0906314613169581,-0.024428631640675838,1.8,2026-07-31
664,44.478018502058625,20.216606498194945,-1.2718776586953529,47.53389102210728,41.42214598200997,11946,Hampton Bays,Suffolk County,NY,962500.0,0.12041735301770409,0.2586574252955156,-0.42772925084282676,0.12169674696675149,0.08268661736941563,-0.018247975637174618,0.24358090514913044,-0.026871653471759863,2.3,2026-07-31
665,44.39812000584272,20.09626955475331,-1.2718776586953529,40.19074232115079,48.60549769053465,11692,New York,Queens County,NY,623783.0,-0.026905112999430963,-0.1750732691775525,-0.4688609212168853,0.06433645193670315,0.6397763285943572,-0.23085970566482938,-0.1710680500870403,0.03284689275957069,2.0,2026-07-31
666,44.38685933282249,19.975932611311674,-1.2718776586953529,44.446768390920646,44.32695027472433,08889,Whitehouse Station,Hunterdon County,NJ,724420.0,0.02577294091806373,-0.025504618604168527,0.1715433749972135,0.04787276943778347,-0.3654557497755093,0.11390569059787403,-0.025229849939705673,-0.01109054888265755,2.2,2026-07-31
667,44.29203481701893,19.855595667870034,-1.2718776586953529,37.12008064078255,51.463988993255306,07032,Kearny,Hudson County,NJ,585154.0,-0.0030417512143166847,-0.23900073591013893,0.07678025847825332,0.04445243983319961,0.11086080649906083,-0.18457436496619395,-0.11764222825689252,0.03998818022857291,2.2,2026-07-31
668,44.258793708671675,19.7352587244284,-1.2718776586953529,41.167042804584696,47.35054461275865,11691,New York,Queens County,NY,682588.0,-0.08116177168101543,-0.08498518020979517,-0.4180946328066302,0.05492744756757432,0.6085121802938811,-0.24370156931227926,-0.12077550756147915,0.06080630342134645,1.7,2026-07-31
669,44.1965758653177,19.614921780986762,-1.2718776586953529,44.45868985530142,43.934461875333966,07746,Marlboro,Monmouth County,NJ,906110.0,0.03092141256450312,0.19828413077777896,0.12410868791392105,,-0.4165007732859405,0.19917164035121782,0.06336779761039146,-0.015439381104439057,2.7,2026-07-31
670,44.07659329383364,19.494584837545126,-1.2718776586953529,47.19307440927134,40.96011217839594,08501,Allentown,Monmouth County,NJ,737356.0,0.027212720187146294,-0.007805766282197979,0.15739255568521848,,-0.27140132258864047,0.08651504860381287,-0.014897525464393269,0.012591768978503823,2.2,2026-07-31
671,44.03343794737236,19.374247894103487,-1.2718776586953529,33.47082604392537,54.59604985081936,11208,New York,Kings County,NY,747512.0,-0.08659059342657435,0.005874549672309826,-0.0037050097761266443,0.05231417106304755,0.5987558641217123,-0.3101760522557996,0.14997022222439327,-0.05439024070728289,2.3,2026-07-31
672,44.00562607767107,19.253910950661854,-1.2718776586953529,45.168320992302725,42.84293116303942,11210,New York,Kings County,NY,944833.0,-0.07618669872397063,0.24013249775052792,0.040094732915944675,0.03700687938111621,0.5342459686879433,-0.09758098056100045,-0.04371352563469699,-0.06031179680382488,2.5,2026-07-31
673,43.89212875705669,19.133574007220215,-1.2718776586953529,36.332169591086284,51.45208792302709,10023,New York,New York County,NY,1457669.0,-0.3972528643207657,0.6737179365484369,0.04103281800334102,0.041561340399704355,0.32058879597004153,0.34895067649823197,-0.04417499272741843,0.09395350520856231,2.5,2026-07-31
674,43.752290659179934,19.01323706377858,-1.2718776586953529,42.97141843369666,44.5331628846632,08830,Iselin,Middlesex County,NJ,568366.0,0.11763936358815244,-0.2681106155132209,-0.05859595889766389,0.05758764087279931,-0.2427783003553572,0.046175757039524146,-0.09365465846133425,-0.023169023212087317,2.3,2026-07-31
675,43.710384457623924,18.892900120336943,-1.2718776586953529,38.15180631914828,49.26896259609957,18464,Tafton,Pike County,PA,359747.0,-0.002596869559416598,-0.7254750918930561,0.10694684817064903,,-0.35161459675361084,-0.2666117467877862,-0.034388707785728556,0.1570335764313005,2.0,2026-07-31
676,43.674370382322984,18.772563176895307,-1.2718776586953529,39.40049149311085,47.94824927153512,07060,Plainfield,Union County,NJ,533396.0,0.09310344501631498,-0.3316124111446186,-0.3678539909942842,0.04675777136290693,0.025247308865746332,-0.2913266357170364,0.06065196096514924,-0.04256289248569774,2.5,2026-07-31
677,43.57234058094741,18.65222623345367,-1.2718776586953529,42.90391018606842,44.24077097582639,08837,Edison,Middlesex County,NJ,542180.0,0.06829507198283871,-0.31527846951315297,-0.07413208353443146,0.054357734028343804,-0.2249082695914606,0.02933671420004491,-0.07465464965379809,0.13441250563735735,1.9,2026-07-31
678,43.487846178351596,18.531889290012032,-1.2718776586953529,29.03053438621409,57.945157970489106,11415,New York,Queens County,NY,381318.0,-0.5987783391649263,-0.6672414569582905,-0.5442931454127535,0.0829123365127191,-0.4049028214980599,0.04186867374974912,-0.03353841787262013,0.005260161816403916,1.2,2026-07-31
679,43.34841530441669,18.4115523465704,-1.2718776586953529,38.47864534432125,48.21818526451212,08901,New Brunswick,Middlesex County,NJ,449510.0,-0.0012250875952869167,-0.5027191138171645,-0.2538544585091511,0.07300093226191288,0.031765948129227395,-0.255508041845169,0.17633997499189213,-0.03343646959768494,1.7,2026-07-31
680,43.12286507697863,18.29121540312876,-1.2718776586953529,34.163045340781395,52.08268481317585,10553,Mount Vernon,Westchester County,NY,588035.0,-0.24593364449340313,-0.23409046150800172,-0.239123711348336,0.06122089081673244,0.05067525747112955,-0.07132977614642427,-0.11140954887994248,-0.006326863228215365,1.3,2026-07-31
681,43.115464164106214,18.170878459687124,-1.2718776586953529,41.02737262408021,45.20355570413222,07747,Matawan,Monmouth County,NJ,664536.0,0.10740962312649174,-0.1117877534337115,0.0013664479080635061,0.04706501993136145,-0.2138964040375424,0.001017557318587714,-0.10279502451861511,0.052908668295883296,2.6,2026-07-31
682,42.88369112502592,18.050541516245488,-1.2718776586953529,34.98425695063916,50.78312529941268,10011,New York,New York County,NY,1661716.0,-0.46514663363514297,0.8047298048989067,0.0750705292380367,0.04347938287024082,0.542469092665274,0.30591259736562615,-0.17689139639019835,-0.006046128371534912,2.9,2026-07-31
683,42.81418640514721,17.930204572803852,-1.2718776586953529,35.44843769614441,50.17993511415002,07660,Ridgefield Park,Bergen County,NJ,607349.0,-0.01006706678239197,-0.20177282528992357,-0.1638081752414422,0.04297365373770382,-0.09284049338505374,-0.1459806007444654,-0.08388435006788342,0.029698156885624535,2.5,2026-07-31
684,42.714831902474145,17.809867629362213,-1.2718776586953529,41.954743283223316,43.474920521724975,07852,Ledgewood,Morris County,NJ,536575.0,0.041750019773555996,-0.3256705381538225,0.015457628444215388,0.061283180768502164,-0.38805635169981767,0.10642409284082155,0.09883035864590362,0.11532761205510615,1.8,2026-07-31
685,42.632246351758155,17.689530685920577,-1.2718776586953529,41.88475265006104,43.37974005345527,07643,Little Ferry,Bergen County,NJ,606421.0,0.06905184908304599,-0.20330241684118988,-0.1801053356951403,0.0516638136126591,0.06651836152718071,-0.1297094137055314,0.02911138354352083,0.043891993312885,2.4,2026-07-31
686,42.58817310617931,17.56919374247894,-1.2718776586953529,40.302609673493286,44.87373653886533,07002,Bayonne,Hudson County,NJ,600003.0,0.0037417755560834876,-0.21394188930303315,0.026406700876043132,0.047709092331219116,0.07784432000837493,-0.09431038687333604,0.04022982653954443,0.08844825796463977,2.1,2026-07-31
687,42.506639631620956,17.448856799037305,-1.2718776586953529,51.04437756125421,33.9689017019877,11976,Water Mill,Suffolk County,NY,5090000.0,0.12742929129256667,1.924156824005827,0.8270324769506505,0.23850689795053331,1.4510689122551887,0.23924164073418486,-0.007813786963549063,0.21987803166394776,2.4,2026-07-31
688,42.364935089760195,17.328519855595665,-1.2718776586953529,41.16380705423703,43.56606312528335,07203,Roselle,Union County,NJ,520148.0,0.09470705552155892,-0.3567619265439763,-0.1656284686646181,0.060726893417982784,-0.1655421353021318,-0.21951900719298995,0.12881148995967706,0.027969907347188447,2.0,2026-07-31
689,42.33226968622469,17.208182912154033,-1.2718776586953529,40.089247171998565,44.57529220045081,10455,New York,Bronx County,NY,481980.0,-0.18704125423085358,-0.4329740256749517,-0.10825233676337653,0.06808031063515073,0.7015745472366575,-0.3164673793672066,0.0026399734981481515,0.08281522299765269,1.3,2026-07-31
690,42.28893271334266,17.087845968712394,-1.2718776586953529,37.53152077674306,47.04634464994226,07055,Passaic,Passaic County,NJ,560973.0,0.04861346247575363,-0.2812037873044382,-0.14888474883940894,0.04443923182670927,0.4259970861167186,-0.32386539199551634,0.0706644982871012,-0.009114709233015453,1.9,2026-07-31
691,42.21769140252615,16.967509025270758,-1.2718776586953529,29.631999601708,54.8033832033443,11355,New York,Queens County,NY,617860.0,-0.27563034286152865,-0.18461355380527777,-0.25892699812122366,0.052415286911830616,0.5234003498240838,-0.24995983144898298,0.03238797924613124,0.02084228188297592,1.7,2026-07-31
692,42.123119009422446,16.84717208182912,-1.2718776586953529,38.37760591768547,45.86863210115942,10566,Peekskill,Westchester County,NY,526781.0,-0.02657835004793227,-0.3440908346484228,-0.1603497885571592,0.07269304666927323,-0.07664623966525252,-0.1128029194606931,0.17918889786098724,0.07821975354213632,2.7,2026-07-31
693,42.05356013345543,16.726835138387486,-1.2718776586953529,43.33536393723473,40.77175632967612,08817,Edison,Middlesex County,NJ,568885.0,0.09721631581461523,-0.2671974277573632,-0.033012655210127306,0.0568769960551783,-0.25373953721574094,0.015700324207872596,-0.062107745832708616,0.06905244365203193,2.3,2026-07-31
694,42.04109189302224,16.60649819494585,-1.2718776586953529,39.17833286840077,44.90385091764371,18435,Lackawaxen,Pike County,PA,354631.0,0.01716451563965507,-0.739799254077834,0.0674508282326105,,-0.6253312648669624,-0.009681690707930568,-0.4211048185405364,0.1967629564719185,2.0,2026-07-31
695,41.901303031728744,16.48616125150421,-1.2718776586953529,43.02471710637957,40.77788895707792,11205,New York,Kings County,NY,1077317.0,-0.08109112043537578,0.3713527331922766,-0.1629685609021969,0.045050599617759673,0.5505176661313136,0.03579506768751706,0.235540122562357,0.05561389099837681,2.8,2026-07-31
696,41.83613708736165,16.365824308062578,-1.2718776586953529,40.528120285384944,43.144153889338355,07202,Elizabeth,Union County,NJ,513974.0,0.12709429662257002,-0.3687033824981363,-0.03935050068007584,0.05389571526740114,0.08635866276752391,-0.3610694753550808,0.10377138150808207,0.08872839233110623,2.4,2026-07-31
697,41.71489062593908,16.24548736462094,-1.2718776586953529,39.814087743045576,43.61569350883257,10007,New York,New York County,NY,3181544.0,-0.12605091080673034,1.4542456973732598,0.7386907808187626,0.03336981083447078,0.6540376439334341,0.3423580545220217,-0.12164855774615546,0.08904536777343201,2.1,2026-07-31
698,41.69687737917812,16.125150421179303,-1.2718776586953529,35.743055163144994,47.650699595211236,10028,New York,New York County,NY,1487953.0,-0.35594861052787297,0.694280345017356,0.2208286720166619,0.03248798860863839,0.2500600458634412,0.3471698486471412,0.122358659193047,0.03901875356233679,2.9,2026-07-31
699,41.64545780574463,16.004813477737663,-1.2718776586953529,38.17545006653474,45.11546554495452,07086,Weehawken,Hudson County,NJ,878427.0,-0.04036438676160578,0.1672565335778824,-0.1528497115636256,0.05254643403164405,0.03833641283336742,0.19387092343898538,-0.000565437280586778,0.23063973464829274,2.4,2026-07-31
700,41.62445679954479,15.884476534296029,-1.2718776586953529,30.62891841740305,52.61999518168652,11229,New York,Kings County,NY,780921.0,-0.22485498015370772,0.04959762360052267,-0.08731840758709808,0.042080966563206666,0.513781851500698,-0.07231266746002851,-0.142807748620287,-0.035383028743549,2.0,2026-07-31
701,41.489117046812254,15.764139590854393,-1.2718776586953529,39.122941902911705,43.85529219071281,07208,Elizabeth,Union County,NJ,591099.0,0.12016587982083352,-0.22889282182890547,0.1106310614322581,0.044298169605772306,0.31014597511317343,-0.26531051063532674,0.05284411621193996,0.048585406543825635,2.2,2026-07-31
702,41.4307009388187,15.643802647412755,-1.2718776586953529,39.93354001512376,42.92786186251364,11561,Long Beach,Nassau County,NY,826851.0,-0.030087138224817872,0.10674848055765196,-0.2475983019655441,0.05350620528250795,-0.12520561757831428,0.07757903612719252,0.12448359043805723,0.0232408324050815,1.9,2026-07-31
703,41.40661949818474,15.523465703971121,-1.2718776586953529,37.9487208216628,44.86451817470667,07205,Hillside,Union County,NJ,521735.0,0.04667551670407591,-0.35371576254842374,0.027966299999469868,0.05520040190870369,-0.23289790974619362,-0.21298999187195938,0.04858308478172013,-0.07089510327601163,2.3,2026-07-31
704,41.3940337025453,15.403128760529484,-1.2718776586953529,38.17027439869734,44.61779300639327,10805,New Rochelle,Westchester County,NY,571085.0,0.003159605792449588,-0.2633383084925782,-0.4424638763019981,0.0550180892075419,-0.16812231423754764,-0.11632705789966147,0.1162737056498333,0.07991308231235932,2.1,2026-07-31
705,41.35800761385346,15.282791817087846,-1.2718776586953529,39.10883310046113,43.60718212724578,08872,Sayreville,Middlesex County,NJ,541628.0,-0.0707740051566251,-0.31629633521166944,-0.0733861519802037,0.06138466258604192,-0.17477902192351746,-0.13378307083743213,-0.02842306586035903,0.027456179148272405,1.7,2026-07-31
706,41.1752536508777,15.162454873646208,-1.2718776586953529,33.35465855501727,48.99584874673813,11360,New York,Queens County,NY,627116.0,-0.24445126818376436,-0.16974449974741646,-0.4130904781909077,0.06191038605784969,-0.04234406142081437,0.0010873439229668325,-0.056929143219837997,0.015381859475276635,1.2,2026-07-31
707,41.09935965142786,15.042117930204574,-1.2718776586953529,41.249285484697786,40.94943381815793,08873,Somerset,Somerset County,NJ,581824.0,0.05537029282276898,-0.24470791751836352,0.0826553337559357,0.0561466824024354,-0.3515407653144973,0.05565663569170343,0.09949671320787168,-0.0254634509998259,2.2,2026-07-31
708,41.05335632566709,14.921780986762936,-1.2718776586953529,31.582158961022827,50.52455369031135,07104,Newark,Essex County,NJ,497351.0,-0.02049075763927241,-0.4015797307607336,-0.03644944729177446,0.046905235102568534,0.3311005775097644,-0.24379494323497855,0.13507813301337102,-0.005216376181216467,1.5,2026-07-31
709,41.038696838501,14.801444043321299,-1.2718776586953529,31.790891011902122,50.286502665099874,11236,New York,Kings County,NY,704588.0,-0.09186925809570709,-0.05326314725230752,-0.13505971795759386,0.04995733668074454,0.26783251229274785,-0.2110759842126535,-0.09078513417457401,-0.0027124548380805386,2.4,2026-07-31
710,41.0197996740569,14.681107099879661,-1.2718776586953529,39.05382750713725,42.98577184097655,07310,Jersey City,Hudson County,NJ,1016694.0,0.0024022195441325833,0.3134352968987617,-0.49755623103690105,0.05407616100517519,-0.1773263016484894,0.41338156802463444,-0.013104394800262043,0.2152865048828992,1.3,2026-07-31
711,41.01167549636304,14.560770156438027,-1.2718776586953529,35.65985714052681,46.36349385219928,11218,New York,Kings County,NY,971922.0,-0.232350756926008,0.26839984153260055,-0.10421268011679707,0.03955591294895493,0.41117963221509046,0.017920272512597757,0.05041370081101526,0.02096607511767727,2.7,2026-07-31
712,40.87791834984829,14.440433212996389,-1.2718776586953529,35.38702542617867,46.368811273517906,11727,Coram,Suffolk County,NY,570489.0,0.11437007105775301,-0.264382763165262,-0.11828472285641212,0.06781546468899453,-0.18063741990959703,-0.15461333822584394,-0.008350010634949001,-0.04322340796629272,2.8,2026-07-31
713,40.84970143396585,14.320096269554753,-1.2718776586953529,47.19335397834637,34.50604888958533,08512,Cranbury Township,Middlesex County,NJ,767981.0,0.03998652541021955,0.032888851811913256,0.09839907956493477,,-0.021501152187789474,0.054555279250403155,0.040338076546976964,0.130758760525364,1.9,2026-07-31
714,40.81174581696711,14.199759326113117,-1.2718776586953529,36.14075601531903,45.482735618615195,10473,New York,Bronx County,NY,558158.0,-0.06907878958746458,-0.2862332492234696,0.021944826049889343,0.06256048704634966,0.4749345171937651,-0.2369573860074855,0.0030167049654252764,0.028433913833625632,1.9,2026-07-31
715,40.62842628283498,14.079422382671481,-1.2718776586953529,38.92498125683967,42.331871308830294,08879,South Amboy,Middlesex County,NJ,532176.0,0.03920760960614658,-0.3339012234126493,-0.11214826455123017,0.0613573878163921,-0.14294012534059175,-0.2020645743411424,0.022693465292787707,0.014615435019875542,2.2,2026-07-31
716,40.56343352518015,13.959085439229844,-1.2718776586953529,32.860733836181794,48.26613321417851,11232,New York,Kings County,NY,841661.0,-0.25373000414315927,0.12450132623663457,-0.3980945094241797,0.047296665392702796,0.3360972042704151,-0.13662203444300258,0.16432758357363042,0.038782711928304445,2.0,2026-07-31
717,40.43809670321159,13.838748495788206,-1.2718776586953529,32.50056128553994,48.375632120883246,11364,New York,Queens County,NY,636588.0,-0.2522595043012267,-0.1547542543687772,-0.3653311708791218,0.053499309775766064,-0.022121440516222224,0.014098256177798918,-0.049622815120386576,-0.009674767661225395,1.2,2026-07-31
718,40.31920662256154,13.718411552346572,-1.2718776586953529,42.14386860158052,38.49454464354255,08536,Plainsboro,Middlesex County,NJ,670734.0,0.11298313466400814,-0.10250406088138142,-0.06899776862344353,0.03812938298877387,-0.3056489927652877,0.31824652454252,-0.01863624556370347,-0.07394535244873497,2.0,2026-07-31
719,40.31429724966938,13.598074608904934,-1.2718776586953529,30.398294723354617,50.23029977598414,07111,Irvington,Essex County,NJ,423394.0,0.0776408510834056,-0.5625732909540382,-0.2906637396084477,0.05662014348989999,0.037875609696938595,-0.27935275413723926,0.07905577810417874,0.023633102587265406,2.1,2026-07-31
720,40.311934457687485,13.477737665463296,-1.2718776586953529,40.44584026411492,40.17802865126006,11518,East Rockaway,Nassau County,NY,741300.0,-0.04190020224140198,-0.002470988500071769,-0.16274664486827817,,-0.043832404591675145,-0.008256772760076525,0.026999764401587356,-0.065286772989898,1.9,2026-07-31
721,40.31151266808088,13.357400722021662,-1.2718776586953529,29.735048375411694,50.88797696075006,11375,New York,Queens County,NY,521504.0,-0.5216159714506109,-0.3541587747795827,-0.11430513532400077,0.07272724378823713,-0.2954349337417306,0.12701049120024677,-0.00792226267363283,-0.022705481634081884,1.2,2026-07-31
722,40.24732076915362,13.237063778580024,-1.2718776586953529,37.828119882938225,42.666521655369,07206,Elizabeth,Union County,NJ,514173.0,0.11615809622331633,-0.36831696282978044,-0.10497297584053733,0.04925008046800979,0.12727472203518064,-0.3963632696526921,0.2396479273540919,0.0837711581288139,2.8,2026-07-31
723,40.18388834753456,13.116726835138387,-1.2718776586953529,30.229313973741185,50.13846272132795,10003,New York,New York County,NY,1439315.0,-0.432186556481145,0.6610461275536572,-0.18937521776703825,0.043842352798607015,0.343650536422454,0.35219184583456553,0.03541814096870155,-0.04795472630424387,3.4,2026-07-31
724,40.01217459665809,12.996389891696749,-1.2718776586953529,36.423098445556526,43.60125074775966,08861,Perth Amboy,Middlesex County,NJ,504489.0,0.042740619014276865,-0.3873307233127399,-0.14743374883304483,0.05615982904964459,0.16740046191957236,-0.3265549618264121,-0.0437999849683095,0.1482741273425126,1.9,2026-07-31
725,39.934347161363334,12.876052948255115,-1.885294101996371,33.83999339148582,46.02870093124085,07087,Union City,Hudson County,NJ,578487.0,0.08918922056253856,-0.25045951226531926,-0.47843851523527725,0.04994102277611574,0.30708221200232866,-0.20716711235869884,0.041423169685286254,-0.012505990498748523,2.2,2026-07-31
726,39.92969603370917,12.755716004813477,-1.885294101996371,28.150029504405012,51.70936256301333,08759,Toms River,Ocean County,NJ,276757.0,-0.04298651431174036,-0.9877359347189643,-0.5506864611601792,0.11316782459753656,-0.2211400204169245,-0.2608519769722425,0.037098412927834445,-0.025496438566294535,1.7,2026-07-31
727,39.87810944703846,12.63537906137184,-1.885294101996371,43.98300865649692,35.77321023758,11419,New York,Queens County,NY,775236.0,-0.139607351154838,0.04229102504219284,0.1112849072424762,,0.2266672509172476,-0.3009459591805914,-0.022865502252722436,0.050828602412068144,1.7,2026-07-31
728,39.80661318111634,12.515042117930205,-1.885294101996371,35.81841945403554,43.79480690819714,11420,New York,Queens County,NY,762365.0,-0.0744969714639648,0.025549648619476173,0.1303191130105379,0.053517650603401766,0.14157632884573235,-0.26031196381516697,0.0011463794277712935,-0.004673383525778355,1.7,2026-07-31
729,39.65272472375739,12.394705174488568,-1.885294101996371,41.41614009950609,37.88930934800869,11211,New York,Kings County,NY,1426269.0,-0.049878070626266785,0.6519408196814762,0.21666159363517323,0.04249035348835409,0.6956510241322309,0.0730728377166967,0.0491004313604666,-0.42717122623901255,2.6,2026-07-31
730,39.64416566778536,12.274368231046932,-1.885294101996371,36.39742384603737,42.89090748953334,08844,Hillsborough Township,Somerset County,NJ,687970.0,0.045719406058136874,-0.07713160757728232,0.05705074341253891,0.05086707645311059,-0.38994006450607555,0.1327051485275561,-0.06355473695706415,0.08573384173652547,2.3,2026-07-31
731,39.55629730421873,12.154031287605296,-1.885294101996371,28.47989700329307,50.632697605144386,11368,New York,Queens County,NY,554370.0,-0.30572857724018976,-0.29304337737451824,-0.08712695758946509,0.05128942690535265,0.1478043817450121,-0.3361522107054116,0.05633905212301826,-0.010998610063257266,1.2,2026-07-31
732,39.518132155936,12.033694344163658,-1.885294101996371,36.504566396021616,42.53169791585039,10025,New York,New York County,NY,1162158.0,-0.2328479520450358,0.4471574419689013,0.0033548850606752723,0.048807432654812404,0.47761703442779324,0.2070476177156978,-0.058082187428615484,-0.03757927865223616,2.7,2026-07-31
733,39.06803566206389,11.913357400722022,-1.885294101996371,35.538667453370735,42.59740387075704,10009,New York,New York County,NY,1083044.0,-0.0999857247010599,0.37665456842225353,-0.4183918196475833,0.05598068430739868,0.5666461626965542,0.1335081726422822,0.14562765389717214,-0.006139223638218019,3.2,2026-07-31
734,38.96885713644133,11.793020457280386,-1.885294101996371,35.6185968804346,42.31911739244806,08755,Toms River,Ocean County,NJ,532266.0,0.07917552963170707,-0.3337322117643442,0.061197266395460304,0.07628887603711257,-0.08497091643347443,-0.1584740979750094,-0.01315375732003865,0.03621099877630156,2.4,2026-07-31
735,38.953756008866605,11.672683513838749,-1.885294101996371,33.613381961306665,44.29413005642655,07020,Edgewater,Bergen County,NJ,719770.0,-0.030083057291876963,-0.031944208152797415,0.010206728698737066,0.06609948132453533,-0.1313720538761871,0.23639696350752415,-0.2564272347699923,0.21060435839748443,1.5,2026-07-31
736,38.79368787279603,11.552346570397113,-1.885294101996371,32.660127500120694,44.927248245471354,08831,Monroe Township,Middlesex County,NJ,613342.0,0.0564801446511666,-0.19195269311181384,-0.05681729285809034,0.050884891977746406,-0.1624289578103444,0.027600820062937736,-0.03180165627442122,0.0710925804302625,2.1,2026-07-31
737,38.72784390440014,11.432009626955475,-1.885294101996371,30.652356280910066,46.803331527890215,07305,Jersey City,Hudson County,NJ,539819.0,-0.11235423544175269,-0.31964286433645483,-0.5374278688648904,0.05144760048647072,0.06397038033809,-0.14165195130835256,0.08190961018115672,0.07327192929494179,1.3,2026-07-31
738,38.694453655920114,11.311672683513839,-1.885294101996371,40.16215830200049,37.22674900983974,08902,North Brunswick,Middlesex County,NJ,552027.0,0.08550042944585315,-0.29727905624141115,-0.040695348796726094,0.05618740407798516,-0.3723993421970093,-0.04408000132337375,-0.0032011501405921905,0.001494606703248899,2.3,2026-07-31
739,38.438248602775744,11.191335740072201,-1.885294101996371,37.68777738338706,39.18871982216443,11239,New York,Kings County,NY,679990.0,-0.05506626347642793,-0.08879747389823756,-0.05718301938385295,,0.994478571835782,-0.2372888482062207,0.033585260269685335,0.270093551532755,2.7,2026-07-31
740,38.22377614102734,11.070998796630565,-1.885294101996371,22.94234921159123,53.50520307046344,10468,New York,Bronx County,NY,261109.0,-0.4162622781422304,-1.0459387614460471,-0.6102546523762751,0.09838862697743826,-0.15837572585297655,-0.32570285740290034,-0.029907301600188063,0.03936549212087952,1.3,2026-07-31
741,38.142841534905656,10.95066185318893,-1.885294101996371,33.44085980469049,42.844823265120816,07030,Hoboken,Hudson County,NJ,898287.0,-0.19884866752271932,0.18961333375917278,-0.30907458194893245,0.05290273744575454,-0.2852981569785904,0.33555705780517175,-0.029659262478451964,0.0681846898509451,2.4,2026-07-31
742,38.04538563469591,10.830324909747292,-1.885294101996371,38.09695373572896,37.99381753366286,11237,New York,Kings County,NY,1119079.0,-0.07246182918188246,0.40938480491417195,-0.021995927531344606,0.04101217198459263,0.6856871849522388,-0.04507436587444302,0.2377756563215403,0.014335840478003,1.7,2026-07-31
743,37.94140289873894,10.709987966305656,-1.885294101996371,28.284881192092985,47.597924605384904,11209,New York,Kings County,NY,844162.0,-0.40895812318136715,0.12746833435052274,-0.11860969251570808,0.040454710818126315,0.30698481543663436,0.039239593736592804,-0.04508998752682203,-0.0316701872681759,2.2,2026-07-31
744,37.90401456227359,10.589651022864018,-1.885294101996371,21.52514837499725,54.282880749549925,11212,New York,Kings County,NY,679042.0,-0.12362635079986503,-0.09019337682989104,-0.28857571422904016,0.04889438174351461,0.9088701544406586,-0.3342252593258276,0.21307024785773798,-0.04228187982430827,1.8,2026-07-31
745,37.79798973546458,10.469314079422382,-1.885294101996371,33.11041286943652,42.48556660149264,07047,North Bergen Township,Hudson County,NJ,594171.0,0.010604417763602575,-0.22370887543879547,-0.35228947597142124,0.05844392152740652,0.12922735385791628,-0.16067458523498335,-0.020310127336344408,0.03827325600243396,2.0,2026-07-31
746,37.79262676610322,10.348977135980746,-1.885294101996371,24.484944131274126,51.10030940093231,11214,New York,Kings County,NY,774299.0,-0.21861090321364215,0.04108164870540598,-0.17548974693816533,0.039676266822556115,0.5742759470239729,-0.16313846499596496,-0.084612291257816,-0.05051663453338913,1.9,2026-07-31
747,37.7272981128383,10.22864019253911,-1.885294101996371,32.38227323403806,43.07232299163854,10014,New York,New York County,NY,1869785.0,-0.4233641882122715,0.9227025114403595,0.030771072737207916,0.039949754665530246,0.4712335773550087,0.36424306030012876,0.04743061676208882,-0.013212086358283151,3.1,2026-07-31
748,37.6449286166988,10.108303249097473,-1.885294101996371,29.06836198013048,46.22149525326712,11201,New York,Kings County,NY,1394218.0,-0.36663971976210663,0.6292125154959507,0.036883057473975356,0.0400925181577436,0.19639196708107742,0.30874453249770994,0.06115816015956277,0.14030381296245437,2.7,2026-07-31
749,37.62149140320231,9.987966305655837,-1.885294101996371,38.5035809242474,36.73940188215722,11798,Wheatly Heights,Suffolk County,NY,572094.0,0.0002566969879897185,-0.26157342374390247,-0.21899326798973284,,,,,,1.3,2026-07-31
750,37.61643470200835,9.8676293622142,-1.885294101996371,26.692442091735778,48.54042731228091,10463,New York,Bronx County,NY,367932.0,-0.46036474065459887,-0.7029777110575957,-0.39340515438027346,0.09704498640604582,-0.2988622334100406,-0.04987130202518053,0.01850230672435238,-0.0015598706997487916,1.7,2026-07-31
751,37.420405982550896,9.747292418772563,-1.885294101996371,34.7990388343714,40.04177313073039,11980,Yaphank,Suffolk County,NY,564068.0,0.06922988039552039,-0.2757005640025145,-0.03921938726533902,0.071321129824035,-0.18528163232476413,-0.10369010572332676,-0.19245349021071334,0.2004713858001364,2.4,2026-07-31
752,37.34298606299927,9.626955475330927,-1.885294101996371,31.758091758955864,42.92788036704269,11385,New York,Queens County,NY,879961.0,-0.14242006396670667,0.16900091666032502,0.08413741834637634,0.0471413248662964,0.4034432946837352,-0.14296424532590035,-0.06638292916161426,0.009952019849596191,1.6,2026-07-31
753,37.283955730905845,9.50661853188929,-1.885294101996371,31.07496546536633,43.492945996445364,07024,Fort Lee,Bergen County,NJ,603256.0,0.005552615565738966,-0.20853396495685494,-0.10928609770987485,0.07022102038535266,-0.1638000379757678,0.1673382070764282,0.01729758896348521,0.002293741146088643,2.1,2026-07-31
754,37.229245339354506,9.386281588447654,-1.885294101996371,32.089673640676814,42.368817038032205,07631,Englewood,Bergen County,NJ,629809.0,-0.009616893173107849,-0.16545952936457908,-0.2076632157988012,0.05390602190462739,-0.0747579066613604,-0.02535543417125996,-0.05186878724044064,-0.059731659959995034,2.1,2026-07-31
755,36.9956907347857,9.265944645006016,-1.885294101996371,21.09250631738679,52.89887515218461,11372,New York,Queens County,NY,431391.0,-0.5777212199587499,-0.5438613718387142,-0.4852333463241649,0.07462372087310763,-0.18705253982388226,-0.12113924351975713,0.02799380231436821,-0.02436040426585047,0.7,2026-07-31
756,36.94244201900608,9.14560770156438,-1.885294101996371,24.068389764000635,49.816494274011525,10006,New York,New York County,NY,1077071.0,-0.34550345303299645,0.37112420283736647,-0.4094633841802935,0.05524175661884835,-0.15553734171239886,0.3536384798501252,-0.17089939001482257,0.0337677110038455,1.0,2026-07-31
757,36.9232257292532,9.025270758122744,-1.885294101996371,40.2642243055838,33.58222715292259,08820,Edison,Middlesex County,NJ,836250.0,0.07447727595963585,0.11805177953143442,0.31951285245183136,0.04450581346082093,-0.30447546960313976,0.22625934215028742,0.026385134551812683,-0.01413037115775291,2.3,2026-07-31
758,36.78248871704006,8.904933814681106,-1.885294101996371,30.46166895186884,43.103308482211276,10927,Haverstraw,Rockland County,NY,460822.0,0.0742117113551565,-0.47786359670877765,-0.3474052353082371,0.08510727364988022,-0.07631903714894794,-0.24249166220171034,-0.05763579438309563,-0.011302962952113041,2.5,2026-07-31
759,36.701881791591404,8.78459687123947,-1.885294101996371,37.643777969706974,35.75998561347584,07201,Elizabeth,Union County,NJ,502404.0,0.08254522099664677,-0.39147073235271,-0.06971198446039395,0.05620173208300042,0.23410912460583044,-0.35897470710602014,0.0010279793543830351,0.03889541696471559,2.0,2026-07-31
760,36.68129273814082,8.664259927797833,-1.885294101996371,21.504174929751233,51.8584105465304,10452,New York,Bronx County,NY,297575.0,-0.33969756131949114,-0.915208851651439,-0.5916925747478885,0.10304618278071184,0.0854761119165548,-0.3266225073013453,0.10232103747259913,0.031732086000497525,0.3,2026-07-31
761,36.64894960932048,8.543922984356197,-1.885294101996371,33.14402519527094,40.15387402337003,11937,East Hampton,Suffolk County,NY,1982230.0,-0.020056008776254325,0.9811016427313568,-0.2967102719392525,0.21454383030921212,0.8357244619333588,0.032620498817327315,0.05087839164356289,0.022647864879591403,2.9,2026-07-31
762,36.607983073338225,8.42358604091456,-1.885294101996371,24.279023697175468,48.93694244950098,07103,Newark,Essex County,NJ,402662.0,-0.03487496116229813,-0.6127797920998255,-0.1796125904473147,0.0652248090384153,0.16623528830245138,-0.2570551193295978,0.3062646535511302,-0.024520819737634716,1.8,2026-07-31
763,36.137541510424626,8.303249097472925,-1.885294101996371,26.481902049882777,45.79318097096647,11234,New York,Kings County,NY,793022.0,-0.11811615968492503,0.06497459058010335,0.010508701004864562,0.038978088529887704,0.20659448480470455,-0.09577558093720473,-0.10364983134653016,-0.008932784710546662,2.1,2026-07-31
764,36.125599244407994,8.182912154031289,-1.885294101996371,27.77486808072852,44.47633040808746,07114,Newark,Essex County,NJ,464867.0,-0.1628002194241965,-0.4691249720905173,-0.08087790669214989,0.054852254688468355,0.6680853153157222,-0.3736050631237549,-0.03768043775417418,0.08098817792932449,1.7,2026-07-31
765,35.647665926273106,8.062575210589651,-1.885294101996371,28.62052140604789,42.67481044649833,10128,New York,New York County,NY,1242060.0,-0.31793363001612607,0.5136503043726108,0.12096853598116297,0.04159585551892615,0.23923662341614782,0.2882319251009666,-0.03813409009156388,0.009265500421362469,3.2,2026-07-31
766,35.53495362589699,7.9422382671480145,-1.885294101996371,35.39526881147473,35.67463844031925,07036,Linden,Union County,NJ,544370.0,0.1048965465344999,-0.31124757069836306,-0.028184248501210263,0.05468031620968468,-0.11049585139078677,-0.25839641695992477,0.0066707411245126025,-0.012941094933177147,2.1,2026-07-31
767,35.312850246221295,7.821901323706378,-1.885294101996371,29.429651214226908,41.19604927821568,07302,Jersey City,Hudson County,NJ,902619.0,-0.17422294906414101,0.1944242554678297,-0.2991810609746519,0.05160821281324623,-0.2495447572696492,0.3309687155809028,0.01640455300222321,0.18906881446163865,1.1,2026-07-31
768,35.22470301938661,7.701564380264742,-1.885294101996371,21.60596904692187,48.84343699185134,11367,New York,Queens County,NY,513255.0,-0.33357453263469206,-0.3701036507280371,-0.2394962531422955,0.05862640082611286,0.0328520973930615,-0.03230329633696638,-0.06464915008499439,-0.05782017224622722,1.0,2026-07-31
769,35.086000183976765,7.581227436823104,-1.885294101996371,30.005537698990704,40.16646266896283,07601,Hackensack,Bergen County,NJ,472186.0,-0.019617243183132155,-0.4535023807090415,-0.3792022344097443,0.0691219809186575,-0.16635450896346815,-0.06928624386955351,-0.046857351132114644,0.013007106497491969,2.1,2026-07-31
770,34.93369036074043,7.460890493381468,-2.593984317505449,20.29259657614107,49.574784145339784,11374,New York,Queens County,NY,436259.0,-0.6416895334429796,-0.5326398514627382,-0.3147325996741337,0.08566300689016997,-0.31817930492812896,-0.0009837328292628955,0.0739818771493077,-0.025804409230442096,1.2,2026-07-31
771,34.74041304840025,7.3405535499398304,-2.593984317505449,23.12225616219161,46.35856993460889,10034,New York,New York County,NY,448580.0,-0.45245948305097594,-0.5047886628036284,-0.12107871434418627,0.06817621138042498,0.0005847030034018541,-0.10282290694348878,-0.011777156578933301,-0.04277885846638059,0.7,2026-07-31
772,34.657885455828136,7.2202166064981945,-2.593984317505449,32.66621963135631,36.64955128029996,07856,Mount Arlington,Morris County,NJ,508574.0,0.06960057285204826,-0.3792645861771824,0.00607858487598989,0.06302256612982973,-0.1848487311440572,-0.011016794102044036,-0.20969505461331295,0.14486978195228445,1.7,2026-07-31
773,34.604106860003306,7.099879663056559,-2.593984317505449,25.48662283912738,43.721590880879226,08757,Toms River,Ocean County,NJ,347292.0,0.039515793560373075,-0.7607099566125513,-0.32942347599183996,0.09862974846829717,-0.10538103297512014,-0.3028314638708537,0.003776945194976733,-0.00015469334523361689,1.8,2026-07-31
774,34.57476163256498,6.979542719614922,-2.593984317505449,22.9227641929133,46.22675907221666,10032,New York,New York County,NY,566913.0,-0.2446585235716082,-0.27067046147823604,0.07672829108370038,0.06387019668745773,0.41053964412193333,-0.07840201676560582,-0.1712882889502243,-0.008355965343696162,2.6,2026-07-31
775,34.237930950981365,6.859205776173286,-2.593984317505449,30.390449794650927,38.085412107311804,07094,Secaucus,Hudson County,NJ,691677.0,-0.015816909249254246,-0.07175685837327173,0.08546899043758316,0.0496513397772375,-0.29086302706975364,0.140500182745102,-0.03419757416348901,0.11388387476351296,2.0,2026-07-31
776,34.230609661400436,6.738868832731648,-2.593984317505449,31.233146179387816,37.228073143413056,10606,White Plains,Westchester County,NY,773736.0,-0.032137116351593414,0.04035483395550088,-0.20734101935151728,0.045842668239899076,0.04070501389923353,-0.016725302592705937,0.10156267057783808,0.14273933411992018,2.0,2026-07-31
777,33.948512451811226,6.618531889290012,-2.593984317505449,27.30783337236908,40.58919153125337,11230,New York,Kings County,NY,927519.0,-0.3892780810777282,0.2216367667794792,-0.042216016765740605,0.03649341614848378,0.6940127492274584,-0.05214741481025209,0.04608287183790871,0.025165845248803984,1.9,2026-07-31
778,33.93274745648359,6.4981949458483745,-2.593984317505449,22.639040125276253,45.226454787690926,11106,New York,Queens County,NY,682812.0,-0.43849284051843684,-0.08465619154574178,-0.4773760438431385,0.05525778299496028,0.1955153476914233,0.040731763194371884,-0.017372493709205017,0.10240725165924429,0.7,2026-07-31
779,33.689991840952786,6.377858002406739,-2.593984317505449,26.868161997496152,40.51182168440941,07106,Newark,Essex County,NJ,464331.0,0.0440163038835685,-0.470278813301114,-0.16827914048461778,0.051074180951667936,0.27241852188491644,-0.2908928093261165,0.02905642617210802,-0.05722073584368355,1.8,2026-07-31
780,33.165230963961804,6.257521058965103,-2.593984317505449,15.075386609570357,51.25507531835325,11104,New York,Queens County,NY,532541.0,-0.6364608951560996,-0.3332160652569609,-0.4433901897843562,0.0638279341246105,-0.0028092940636554875,0.03360714221560912,-0.0561753398660958,0.004396833701875644,-0.3,2026-07-31
781,33.074496545117334,6.137184115523466,-2.593984317505449,18.18874279849926,47.96025029173541,11235,New York,Kings County,NY,609546.0,-0.35221360281359326,-0.19816204083267586,-0.3819386412592358,0.05153473117673207,0.43441628298627033,-0.0219325752967226,-0.1433836915903992,0.019335963216168303,2.2,2026-07-31
782,33.03969059973433,6.016847172081829,-2.593984317505449,26.92484137879466,39.154539820673996,10026,New York,New York County,NY,902612.0,-0.2021725311000818,0.19441638451902676,0.07767144263002912,0.050168230977319574,0.5182162766042075,0.0577238109742384,0.07708950377529078,0.0119101879545183,2.5,2026-07-31
783,32.79007362059661,5.896510228640193,-2.593984317505449,28.363510953934796,37.21663628725842,07010,Cliffside Park,Bergen County,NJ,637080.0,-0.05653929310809111,-0.15398026043450663,-0.2013424459138271,0.05238741871691347,0.029828668488202537,-0.07093921834977623,0.020842358192178168,-0.0443123619374874,1.4,2026-07-31
784,32.64785136531947,5.776173285198556,-2.593984317505449,19.887658093628424,45.408044637010505,10005,New York,New York County,NY,1127894.0,-0.2961681282325689,0.4172316520524788,-0.41967191149782757,0.05039307392543009,-0.10976112017201989,0.3681554844265821,-0.22839099649777417,0.0838261653636219,1.1,2026-07-31
785,32.587147692220846,5.6558363417569195,-2.593984317505449,25.81353882036881,39.36075656407289,10044,New York,New York County,NY,945596.0,-0.0073893434992765294,0.24093967965930574,-0.16934639384610506,0.05577479210004427,0.32410428594345464,0.22735353580252382,-0.24522406000982677,0.06932569581933583,1.1,2026-07-31
786,32.50669631196486,5.535499398315283,-2.593984317505449,27.720214979344593,37.29317764458512,07307,Jersey City,Hudson County,NJ,774466.0,-0.03646992364290255,0.04129756648079663,-0.12408277785314858,0.04094172859689674,0.3401418967767167,-0.019452796156577634,0.04364119471394723,0.09445723627641227,1.7,2026-07-31
787,32.154175161896646,5.415162454873646,-2.593984317505449,16.421206575086284,47.887143748707004,11207,New York,Kings County,NY,642404.0,-0.09012984135301458,-0.14565834937486777,-0.2580505516158471,0.06384555366571108,0.5409508800755798,-0.2885102128622825,0.13015256255226504,-0.005843248878510912,1.9,2026-07-31
788,31.92801542790479,5.294825511432009,-2.593984317505449,22.509314887110992,41.34671596869858,07304,Jersey City,Hudson County,NJ,546628.0,-0.12850776668855132,-0.3071079095457403,-0.4456601140763006,0.05361092873463573,0.15166628036909802,-0.07467216975331437,0.15262343546426216,0.1904515314669591,1.2,2026-07-31
789,31.490446820964337,5.174488567990373,-2.593984317505449,30.742408480178472,32.238485161750205,11216,New York,Kings County,NY,1234290.0,-0.10900965700863416,0.5073748821944779,0.020193369416016793,0.03531997829614962,0.610772409504819,0.07152904803456939,0.17018467790107827,0.0035672600334975407,1.3,2026-07-31
790,31.441840147502653,5.054151624548736,-2.593984317505449,26.351314823402223,36.53236547160308,10037,New York,New York County,NY,585332.0,-0.24284222712532397,-0.2386969263469183,-0.11149236270710894,0.05899158866732462,0.5876220556971699,-0.07137726674149969,-0.17059083646202566,-0.016868245199381085,2.3,2026-07-31
791,31.434077839364278,4.9338146811071,-2.593984317505449,22.434704610994373,40.43345106773418,10010,New York,New York County,NY,1324787.0,-0.38491028678011185,0.5781308097463089,-0.03634608041225462,0.04881264035943327,0.32286774770060656,0.31050000588466364,-0.14492518541587884,-0.021312354551575388,2.6,2026-07-31
792,31.03533999553935,4.813477737665464,-2.593984317505449,20.266225409408335,41.80445458167036,11203,New York,Kings County,NY,738204.0,-0.09944786729410246,-0.006656343245927232,-0.2764088227760837,0.0478271730309176,0.49660867020142585,-0.21323390272657783,-0.010605761748095688,0.0428326847751264,2.2,2026-07-31
793,30.873384576746375,4.693140794223827,-2.593984317505449,12.717752489753481,49.02901666373927,11377,New York,Queens County,NY,565229.0,-0.3815810168290735,-0.2736445477349658,-0.26006524049519086,0.0643967580040951,0.15615337519797978,-0.15509356468441726,-0.016382971158270365,0.01555942139487447,1.3,2026-07-31
794,30.844089150010053,4.57280385078219,-2.593984317505449,19.410026104567223,42.27815219545288,10017,New York,New York County,NY,782098.0,-0.34197948229884256,0.051103702927862926,-0.4785715368164407,0.06944610516725482,-0.14546475216348864,0.3709861058178908,-0.18890166944794018,-0.014683768792279131,2.1,2026-07-31
795,30.646551876824343,4.452466907340553,-2.593984317505449,22.159413878592368,39.13368987505632,07093,West New York,Hudson County,NJ,448784.0,-0.05634125643012097,-0.5043337530575815,-0.8979269366715528,0.06682980309085487,-0.07591705525824222,-0.1347738363592883,0.010338681020709117,0.013572905669221577,1.7,2026-07-31
796,30.311508146425354,4.332129963898916,-2.593984317505449,20.543797676994554,40.07921861585615,10550,Mount Vernon,Westchester County,NY,565200.0,-0.2548606103330734,-0.2736973711559383,-0.23685633943531847,0.05617839043693391,0.34159932086415234,-0.24203606299185298,-0.030184148600422844,0.049502845947316396,1.0,2026-07-31
797,30.179752917762855,4.21179302045728,-2.593984317505449,11.091077159561056,49.26842867596466,11373,New York,Queens County,NY,527239.0,-0.3876692827492537,-0.34322291696756047,-0.1705911110244731,0.06425173970619108,0.10861625715563217,-0.19826298056862934,0.03849067748937607,0.002612933275586024,0.9,2026-07-31
798,30.092452895066657,4.0914560770156445,-2.593984317505449,20.27932828796772,39.90557750216559,10040,New York,New York County,NY,483751.0,-0.48988684403969496,-0.42930593131423933,-0.09425036477338722,0.0741192354328424,0.10965654548004689,-0.10099358522426283,0.04556612500294932,-0.04854123165529929,0.9,2026-07-31
799,29.84892984402329,3.9711191335740073,-3.3208014087817816,16.394839105559463,43.303020582487115,10002,New York,New York County,NY,1000055.0,-0.41780109458954195,0.29693390118264595,-0.5749633337028026,0.058848926147548476,1.1389802499154704,-0.09564507603684907,0.037592994608072416,0.0937417671877852,2.6,2026-07-31
800,29.793237278641744,3.850782190132371,-3.3208014087817816,22.541345427258292,37.045129130025195,07501,Paterson,Passaic County,NJ,485938.0,-0.014460800807719915,-0.42479546623254194,-0.16443001222469533,0.042460588759974785,0.5054767211307876,-0.4104204394144129,0.1431543331111822,0.05364831738909741,1.5,2026-07-31
801,29.64037052417811,3.730445246690734,-3.3208014087817816,22.01389645375847,37.26684459459775,10601,White Plains,Westchester County,NY,492191.0,-0.06432306237463123,-0.4120095968730908,-0.6866796031544382,0.08030641973089975,-0.1434591483202674,0.02472053270206498,-0.04523586255666956,0.049142436387102514,1.4,2026-07-31
802,29.249922973515368,3.6101083032490973,-3.3208014087817816,20.934456904676768,37.565389042353964,07306,Jersey City,Hudson County,NJ,545576.0,-0.1756671057681661,-0.3090340125191311,-0.3730015322409379,0.06278530534216115,0.09536160146327144,0.03146200324776405,-0.005230284331299018,0.10172076933107226,1.1,2026-07-31
803,29.12047305129179,3.489771359807461,-3.3208014087817816,21.07344003310499,37.167506069478584,07018,East Orange,Essex County,NJ,470327.0,0.036191582531234806,-0.45744794891958307,-0.06642700474506213,0.0557489762217959,0.12761888268284127,-0.24530265828895453,0.052858215150536125,0.023721868288588063,2.3,2026-07-31
804,28.99872140393304,3.369434416365824,-3.3208014087817816,16.943477478689463,41.05396532917661,10031,New York,New York County,NY,554814.0,-0.2687800487332265,-0.29224340635236956,-0.06492215783040756,0.0675440774220916,0.2502817925797849,-0.07926125877292806,-0.03512239280393992,-0.009859341718198869,1.0,2026-07-31
805,28.977460316352648,3.2490974729241873,-3.3208014087817816,22.28833560369782,35.66658502900747,07017,East Orange,Essex County,NJ,490332.0,0.061801461397506335,-0.4157941121672373,-0.15748528585108978,0.048288472010836365,0.23041994277985967,-0.2769430599979449,-0.04126786538085092,0.05650677774010075,2.3,2026-07-31
806,28.96943302952984,3.1287605294825513,-3.3208014087817816,19.523041429220186,38.41582462983949,07050,Orange,Essex County,NJ,473839.0,0.003726376152038219,-0.4500077923541568,-0.26692165723913597,0.05034288537160649,0.30923662188720225,-0.2643277019493049,-0.03128044449853462,-0.022856051878308484,2.4,2026-07-31
807,28.816092031999837,3.0084235860409145,-3.3208014087817816,20.687957611097083,36.94422645290259,10019,New York,New York County,NY,1229885.0,-0.29653936976773354,0.5037993707673323,-0.06217064038770914,0.04737838512906348,0.36866829225194553,0.29168980379709786,-0.017187166829620182,-0.03843851409465922,1.7,2026-07-31
808,28.658620339454078,2.888086642599278,-3.3208014087817816,27.091504504240383,30.225736174667773,11249,New York,Kings County,NY,1553651.0,-0.16614960302331702,0.7374866022993878,0.22125182047065195,0.04319992802476033,0.6461770705071455,0.10839749144090793,,,2.7,2026-07-31
809,28.63661472800605,2.7677496991576414,-3.3208014087817816,18.569701932480225,38.70352752353188,07107,Newark,Essex County,NJ,506994.0,-0.05825492709561039,-0.38237638718316624,0.05701824057324956,0.047642723708214804,0.4023209689582046,-0.36127203306411654,0.24458712191050758,0.012378685105759055,1.6,2026-07-31
810,28.20363170254764,2.6474127557160045,-3.3208014087817816,14.423800306962878,41.983463098132404,11226,New York,Kings County,NY,801494.0,-0.3840903132302117,0.07560121123045427,-0.31637529913708917,0.04576041885718853,0.40223609640128966,-0.11126865740717407,0.09857150905526346,0.029649133515974577,1.7,2026-07-31
811,27.850649737833066,2.527075812274368,-3.3208014087817816,14.121049876803035,41.5802495988631,10016,New York,New York County,NY,946198.0,-0.3003081711370751,0.2415754683842053,-0.27426918651260124,0.06631797831388482,0.0184721779998529,0.3074181809801224,-0.1280797127821014,0.02470734333092066,2.1,2026-07-31
812,27.152292808505607,2.406738868832732,-3.3208014087817816,12.073257178125914,42.2313284388853,10451,New York,Bronx County,NY,338618.0,,-0.7860023191311178,-0.48269734628878247,0.10577417498825575,0.27760779360046395,-0.2697454016978914,0.013696970360589589,0.10153086993538833,1.2,2026-07-31
813,26.71569859233322,2.286401925391095,-3.3208014087817816,15.61360936718295,37.817787817483485,11102,New York,Queens County,NY,727248.0,-0.23756270824002143,-0.021608778006598328,-0.36338943753235853,0.05483232633373284,0.12889337723576477,0.09571317875148588,0.07152275916088513,0.12190296531053262,1.5,2026-07-31
814,26.642359670309894,2.166064981949458,-3.3208014087817816,19.12558816317804,34.15913117744174,10033,New York,New York County,NY,613347.0,-0.3208925822052834,-0.19194456748108024,0.235256431811532,0.06175162751896284,0.21129099223537007,-0.08089016189070553,-0.057774736960409356,-0.005566568082231618,1.7,2026-07-31
815,26.586970431351475,2.0457280385078223,-3.3208014087817816,16.318166546477567,36.855774316225386,11224,New York,Kings County,NY,563168.0,-0.3538948155073577,-0.2772983744487476,-0.5225109930719878,0.07148223379834875,0.6678010277446755,-0.13913263052769803,0.062224602715826194,0.037799248210351785,1.5,2026-07-31
816,26.318895145394983,1.9253910950661854,-3.3208014087817816,23.441783548635932,29.19600674215403,10069,New York,New York County,NY,1942774.0,-0.1462581208832777,0.9609959348040338,0.5100465333088522,0.038799698437235276,0.22848845054900369,0.43816308413495986,0.3359954899544455,-0.2127977178991995,1.5,2026-07-31
817,25.749145173627287,1.8050541516245486,-3.3208014087817816,20.260852507797747,31.237437839456828,10001,New York,New York County,NY,1731977.0,-0.35516084418392924,0.8461423339813425,0.3656795196550906,0.03955097179043612,0.7010038580182509,0.23566354449163285,0.10433154568254643,0.18791867932258582,1.4,2026-07-31
818,25.531382389275848,1.684717208182912,-3.3208014087817816,24.74347191126314,26.319292867288556,07029,Harrison,Hudson County,NJ,583959.0,-0.07875839929823378,-0.24104625244721056,0.1547130344462868,0.053754485122316266,-0.0009031517588777849,-0.008735574956581615,0.010199196928203591,0.3249007245245202,2.0,2026-07-31
819,25.120519311550545,1.5643802647412757,-3.3208014087817816,19.220279861473458,31.020758761627633,07105,Newark,Essex County,NJ,558471.0,-0.061837683598580634,-0.28567284908478996,0.11011915881321777,0.05085309972122831,0.343792709895246,-0.3398888424311265,0.058731830218496484,0.0930891597928503,1.5,2026-07-31
820,24.997339254096318,1.444043321299639,-4.213543342122328,16.359009339764242,33.63566916842839,10030,New York,New York County,NY,726848.0,-0.1577918040451923,-0.022158470976805233,0.20397032261411852,0.05139034735572949,1.0151812311534936,-0.13693743483399373,-0.29319024548574113,0.028972911433289547,1.3,2026-07-31
821,24.908025272513985,1.3237063778580023,-4.213543342122328,13.310448969390642,36.50560157563733,10029,New York,New York County,NY,769085.0,-0.39596141857238687,0.03432586653695502,-0.33290247295773945,0.05589732988813671,1.0998723382289526,-0.14418962332981267,-0.09356695369996082,0.04072590031594485,1.7,2026-07-31
822,24.46625299913594,1.203369434416366,-4.213543342122328,15.17946668998184,33.753039308290035,07112,Newark,Essex County,NJ,495799.0,0.0001190179240605771,-0.40470519436841634,0.03412176947175283,0.048988035309499404,0.2526663153086115,-0.27332158585700017,0.2423701110640053,-0.025260185342300637,2.0,2026-07-31
823,24.432570729657478,1.083032490974729,-4.213543342122328,12.16865478572242,36.69648667359253,10027,New York,New York County,NY,835348.0,-0.41471929699051524,0.11697220547893927,0.20393144807271035,0.05692055610134613,0.7507916404192272,0.02448822935156003,-0.09379948333939936,0.03708286602169712,2.1,2026-07-31
824,24.31213065775814,0.9626955475330927,-4.213543342122328,16.033067384457627,32.59119393105865,07108,Newark,Essex County,NJ,503885.0,-0.0748105745606967,-0.38852906646089735,0.06760989692660324,0.04945842155501057,0.7436686791217972,-0.3068090603683856,0.06203603953866832,0.1171194433690828,2.0,2026-07-31
825,22.082929401203867,0.842358604091456,-4.213543342122328,11.06669630391822,33.09916249848951,10039,New York,New York County,NY,653865.0,-0.046617518050033974,-0.12797526999918496,0.22285374314518513,0.05919244191781402,0.7784084599860079,-0.20823559079557297,-0.16057993505299528,0.12242060129030845,1.9,2026-07-31
826,21.306476556184258,0.7220216606498195,-4.213543342122328,9.936229954330827,32.67672315803769,07102,Newark,Essex County,NJ,404857.0,-0.2721710569662289,-0.6073412199627146,-0.2191149270301871,0.07218214165936895,0.4538472721918889,-0.11887429497426705,0.18328650940350677,0.10651371999200547,-0.3,2026-07-31
827,21.029840458411307,0.601684717208183,-4.213543342122328,9.792518689195468,32.267162227627146,10018,New York,New York County,NY,1328354.0,-0.4271043227486576,0.5808197965894308,0.03919825697549051,0.0459039731485431,0.31875775191369793,0.27584872293366935,-0.05584771340793715,-0.006637534213145904,0.2,2026-07-31
828,20.15096955890803,0.48134777376654636,-4.213543342122328,13.834406618242504,26.467532499573554,11101,New York,Queens County,NY,1153280.0,-0.10235245710935245,0.43948882360364294,0.24430758740184721,0.046146360892869616,0.3644428769574677,0.19145885883254576,0.23991166892455773,0.3700199712376267,1.1,2026-07-31
829,19.334189352469682,0.36101083032490977,-5.105828713225069,10.495331087712788,28.173047617226576,10280,New York,New York County,NY,822198.0,-0.15973241366251897,0.10110449075959949,-0.6630062414630249,0.07705071407380329,-0.5069652175816952,0.3817849947864266,-0.11003345722808433,-0.10946797585861896,2.1,2026-07-31
830,18.87728057620033,0.24067388688327318,-5.105828713225069,7.043653429130288,30.710907723270374,10035,New York,New York County,NY,709389.0,-0.49859076183249196,-0.04647151800339877,-0.1136909733178193,0.05508071373647952,0.8654375763462478,-0.16853578778456146,0.18368672087471616,0.07391968969954758,1.1,2026-07-31
831,17.585483705865663,0.12033694344163659,-5.105828713225069,9.037925914016263,26.133041497715066,10036,New York,New York County,NY,996591.0,-0.29729295099163766,0.2934640173765626,-0.3030760738091729,0.05696169194384651,0.45415065117191733,0.21476900188175874,-0.22765628645420044,0.055921439394327074,0.6,2026-07-31
